quarter,quarter_label,quarter_end_date,geography_type,geography_code,rolling_four_quarter_mean_utilisation,rolling_eight_quarter_mean_utilisation,utilisation_trend_slope,utilisation_volatility,consecutive_quarters_below_national_benchmark,consecutive_quarters_below_remoteness_benchmark,persistent_utilisation_classification,participant_provider_growth_quadrant,payment_provider_growth_quadrant,demand_score,purchasing_score,capacity_score,performance_score,optional_cluster,cluster_diagnostic_note,reliability_flag
2024Q2,2024 Q2,2023-12-31,ndia_service_area,ACT,,,,,1,1,insufficient history,insufficient history,insufficient history,0.23174603174603176,0.30877742946708464,0.05,0.66484375,,"Cluster modelling was not run because the currently available feature set lacks the requested community, SEIFA and workforce inputs.",insufficient_history
2024Q3,2024 Q3,2024-03-31,ndia_service_area,ACT,0.76,,,0.0,2,2,stable,insufficient history,insufficient history,0.24603174603174602,0.3213166144200627,,0.66484375,,"Cluster modelling was not run because the currently available feature set lacks the requested community, SEIFA and workforce inputs.",funded_plan_context_only
2024Q4,2024 Q4,2024-06-30,ndia_service_area,ACT,0.7633333333333333,,0.00499999999999996,0.005773502691896279,3,0,stable,insufficient history,insufficient history,0.2619047619047619,0.33699059561128525,,0.740625,,"Cluster modelling was not run because the currently available feature set lacks the requested community, SEIFA and workforce inputs.",funded_plan_context_only
2025Q1,2025 Q1,2024-09-30,ndia_service_area,ACT,0.7625,0.7625,0.0010000000000000753,0.005000000000000008,4,0,persistently low,insufficient history,insufficient history,0.30158730158730157,0.31504702194357365,,0.66484375,,"Cluster modelling was not run because the currently available feature set lacks the requested community, SEIFA and workforce inputs.",funded_plan_context_only
2025Q2,2025 Q2,2024-12-31,ndia_service_area,ACT,0.7575000000000001,0.758,-0.00699999999999995,0.012583057392117908,5,0,persistently low,insufficient history,insufficient history,0.346031746031746,0.2962382445141066,,0.47890625,,"Cluster modelling was not run because the currently available feature set lacks the requested community, SEIFA and workforce inputs.",funded_plan_context_only
2025Q3,2025 Q3,2025-03-31,ndia_service_area,ACT,0.7525,0.755,-0.010999999999999979,0.014999999999999972,6,0,persistently low,insufficient history,insufficient history,0.36666666666666664,0.2993730407523511,,0.47890625,,"Cluster modelling was not run because the currently available feature set lacks the requested community, SEIFA and workforce inputs.",funded_plan_context_only
2025Q4,2025 Q4,2025-06-30,ndia_service_area,ACT,0.745,0.7528571428571428,-0.005999999999999997,0.009999999999999884,7,0,persistently low,insufficient history,insufficient history,0.3888888888888889,0.3463949843260188,,0.47890625,,"Cluster modelling was not run because the currently available feature set lacks the requested community, SEIFA and workforce inputs.",funded_plan_context_only
2026Q1,2026 Q1,2025-09-30,ndia_service_area,ACT,0.7349999999999999,0.74875,-0.005999999999999989,0.010000000000000009,8,1,persistently low,insufficient history,insufficient history,0.40476190476190477,0.35893416927899685,,0.32734375,,"Cluster modelling was not run because the currently available feature set lacks the requested community, SEIFA and workforce inputs.",funded_plan_context_only
2024Q2,2024 Q2,2023-12-31,ndia_service_area,Adelaide Hills,,,,,1,1,insufficient history,insufficient history,insufficient history,0.4174603174603175,0.05956112852664577,0.65,0.57578125,,"Cluster modelling was not run because the currently available feature set lacks the requested community, SEIFA and workforce inputs.",insufficient_history
2024Q3,2024 Q3,2024-03-31,ndia_service_area,Adelaide Hills,0.755,,,0.007071067811865481,2,2,stable,insufficient history,insufficient history,0.4603174603174603,0.05799373040752351,,0.66484375,,"Cluster modelling was not run because the currently available feature set lacks the requested community, SEIFA and workforce inputs.",derived_from_local_curated_source
2024Q4,2024 Q4,2024-06-30,ndia_service_area,Adelaide Hills,0.7600000000000001,,0.00999999999999996,0.010000000000000009,3,0,recovering,insufficient history,insufficient history,0.473015873015873,0.09090909090909091,,0.740625,,"Cluster modelling was not run because the currently available feature set lacks the requested community, SEIFA and workforce inputs.",derived_from_local_curated_source
2025Q1,2025 Q1,2024-09-30,ndia_service_area,Adelaide Hills,0.7575000000000001,0.7575000000000001,0.0010000000000000113,0.009574271077563399,4,0,persistently low,insufficient history,insufficient history,0.5253968253968254,0.06426332288401254,,0.57578125,,"Cluster modelling was not run because the currently available feature set lacks the requested community, SEIFA and workforce inputs.",derived_from_local_curated_source
2025Q2,2025 Q2,2024-12-31,ndia_service_area,Adelaide Hills,0.7525,0.752,-0.011000000000000025,0.017078251276599378,5,1,persistently low,insufficient history,insufficient history,0.5841269841269842,0.048589341692789965,,0.39296875,,"Cluster modelling was not run because the currently available feature set lacks the requested community, SEIFA and workforce inputs.",derived_from_local_curated_source
2025Q3,2025 Q3,2025-03-31,ndia_service_area,Adelaide Hills,0.7450000000000001,0.7483333333333334,-0.013999999999999999,0.019148542155126853,6,2,persistently low,insufficient history,insufficient history,0.6365079365079365,0.047021943573667714,,0.39296875,,"Cluster modelling was not run because the currently available feature set lacks the requested community, SEIFA and workforce inputs.",funded_plan_context_only
2025Q4,2025 Q4,2025-06-30,ndia_service_area,Adelaide Hills,0.7324999999999999,0.7442857142857143,-0.008999999999999994,0.0125830573921182,7,3,persistently low,insufficient history,insufficient history,0.6698412698412698,0.05172413793103448,,0.32734375,,"Cluster modelling was not run because the currently available feature set lacks the requested community, SEIFA and workforce inputs.",funded_plan_context_only
2026Q1,2026 Q1,2025-09-30,ndia_service_area,Adelaide Hills,0.72,0.73875,-0.010000000000000014,0.014142135623731436,8,4,persistently low,insufficient history,insufficient history,0.7174603174603175,0.045454545454545456,,0.20625,,"Cluster modelling was not run because the currently available feature set lacks the requested community, SEIFA and workforce inputs.",funded_plan_context_only
2024Q2,2024 Q2,2023-12-31,ndia_service_area,Barkly,,,,,1,1,insufficient history,insufficient history,insufficient history,0.11746031746031746,0.03134796238244514,1.0,0.0875,,"Cluster modelling was not run because the currently available feature set lacks the requested community, SEIFA and workforce inputs.",insufficient_history
2024Q3,2024 Q3,2024-03-31,ndia_service_area,Barkly,0.7,,,0.05656854249492382,2,0,stable,insufficient history,insufficient history,,,,0.47890625,,"Cluster modelling was not run because the currently available feature set lacks the requested community, SEIFA and workforce inputs.",derived_from_local_curated_source
2024Q4,2024 Q4,2024-06-30,ndia_service_area,Barkly,0.7266666666666667,,0.05999999999999982,0.061101009266077894,0,0,recovering,insufficient history,insufficient history,0.14444444444444443,0.47492163009404387,,0.81640625,,"Cluster modelling was not run because the currently available feature set lacks the requested community, SEIFA and workforce inputs.",derived_from_local_curated_source
2025Q1,2025 Q1,2024-09-30,ndia_service_area,Barkly,0.7425,0.7425,0.04299999999999994,0.05909032633745281,0,0,recovering,insufficient history,insufficient history,0.15396825396825398,0.6332288401253918,,0.89375,,"Cluster modelling was not run because the currently available feature set lacks the requested community, SEIFA and workforce inputs.",derived_from_local_curated_source
2025Q2,2025 Q2,2024-12-31,ndia_service_area,Barkly,0.78,0.756,0.022000000000000023,0.029439202887759523,0,0,recovering,insufficient history,insufficient history,0.13174603174603175,0.5532915360501567,,0.95859375,,"Cluster modelling was not run because the currently available feature set lacks the requested community, SEIFA and workforce inputs.",derived_from_local_curated_source
2025Q3,2025 Q3,2025-03-31,ndia_service_area,Barkly,0.7875000000000001,0.7583333333333333,-0.0010000000000000128,0.017078251276599354,0,0,stable,insufficient history,insufficient history,0.2111111111111111,0.274294670846395,,0.740625,,"Cluster modelling was not run because the currently available feature set lacks the requested community, SEIFA and workforce inputs.",funded_plan_context_only
2025Q4,2025 Q4,2025-06-30,ndia_service_area,Barkly,0.7625,0.7471428571428572,-0.036999999999999984,0.05737304826019497,1,1,deteriorating,insufficient history,insufficient history,0.31587301587301586,0.04231974921630094,,0.12890625,,"Cluster modelling was not run because the currently available feature set lacks the requested community, SEIFA and workforce inputs.",funded_plan_context_only
2026Q1,2026 Q1,2025-09-30,ndia_service_area,Barkly,0.7375,0.74,-0.04499999999999998,0.06291528696058953,2,2,deteriorating,insufficient history,insufficient history,0.38571428571428573,0.04075235109717868,,0.16015625,,"Cluster modelling was not run because the currently available feature set lacks the requested community, SEIFA and workforce inputs.",funded_plan_context_only
2024Q2,2024 Q2,2023-12-31,ndia_service_area,"Barossa, Light and Lower North",,,,,1,1,insufficient history,insufficient history,insufficient history,0.8380952380952381,0.02821316614420063,0.75,0.57578125,,"Cluster modelling was not run because the currently available feature set lacks the requested community, SEIFA and workforce inputs.",insufficient_history
2024Q3,2024 Q3,2024-03-31,ndia_service_area,"Barossa, Light and Lower North",0.76,,,0.014142135623730963,2,0,stable,insufficient history,insufficient history,0.8825396825396825,0.03761755485893417,,0.740625,,"Cluster modelling was not run because the currently available feature set lacks the requested community, SEIFA and workforce inputs.",derived_from_local_curated_source
2024Q4,2024 Q4,2024-06-30,ndia_service_area,"Barossa, Light and Lower North",0.7666666666666666,,0.014999999999999911,0.015275252316519468,0,0,recovering,insufficient history,insufficient history,0.9174603174603174,0.03605015673981191,,0.81640625,,"Cluster modelling was not run because the currently available feature set lacks the requested community, SEIFA and workforce inputs.",derived_from_local_curated_source
2025Q1,2025 Q1,2024-09-30,ndia_service_area,"Barossa, Light and Lower North",0.76,0.76,-0.002000000000000018,0.018257418583505554,1,1,stable,insufficient history,insufficient history,0.9428571428571428,0.029780564263322883,,0.47890625,,"Cluster modelling was not run because the currently available feature set lacks the requested community, SEIFA and workforce inputs.",derived_from_local_curated_source
2025Q2,2025 Q2,2024-12-31,ndia_service_area,"Barossa, Light and Lower North",0.75,0.75,-0.02199999999999991,0.03162277660168382,2,2,deteriorating,insufficient history,insufficient history,0.9650793650793651,0.023510971786833857,,0.2671875,,"Cluster modelling was not run because the currently available feature set lacks the requested community, SEIFA and workforce inputs.",derived_from_local_curated_source
2025Q3,2025 Q3,2025-03-31,ndia_service_area,"Barossa, Light and Lower North",0.73,0.7399999999999999,-0.030000000000000037,0.03915780041490246,3,3,deteriorating,insufficient history,insufficient history,0.9714285714285714,0.017241379310344827,,0.16015625,,"Cluster modelling was not run because the currently available feature set lacks the requested community, SEIFA and workforce inputs.",funded_plan_context_only
2025Q4,2025 Q4,2025-06-30,ndia_service_area,"Barossa, Light and Lower North",0.71,0.7342857142857142,-0.013999999999999988,0.02160246899469285,4,4,persistently low,insufficient history,insufficient history,0.9746031746031746,0.0219435736677116,,0.20625,,"Cluster modelling was not run because the currently available feature set lacks the requested community, SEIFA and workforce inputs.",funded_plan_context_only
2026Q1,2026 Q1,2025-09-30,ndia_service_area,"Barossa, Light and Lower North",0.695,0.7275,-0.007999999999999974,0.012909944487357954,5,5,persistently low,insufficient history,insufficient history,0.9809523809523809,0.01567398119122257,,0.12890625,,"Cluster modelling was not run because the currently available feature set lacks the requested community, SEIFA and workforce inputs.",funded_plan_context_only
2024Q2,2024 Q2,2023-12-31,ndia_service_area,Barwon,,,,,1,1,insufficient history,insufficient history,insufficient history,0.7523809523809524,0.45768025078369906,0.0875,0.47890625,,"Cluster modelling was not run because the currently available feature set lacks the requested community, SEIFA and workforce inputs.",insufficient_history
2024Q3,2024 Q3,2024-03-31,ndia_service_area,Barwon,0.745,,,0.007071067811865481,2,2,stable,insufficient history,insufficient history,0.7984126984126985,0.4561128526645768,,0.57578125,,"Cluster modelling was not run because the currently available feature set lacks the requested community, SEIFA and workforce inputs.",derived_from_local_curated_source
2024Q4,2024 Q4,2024-06-30,ndia_service_area,Barwon,0.75,,0.009999999999999938,0.010000000000000009,3,3,recovering,insufficient history,insufficient history,0.8222222222222222,0.47648902821316613,,0.66484375,,"Cluster modelling was not run because the currently available feature set lacks the requested community, SEIFA and workforce inputs.",derived_from_local_curated_source
2025Q1,2025 Q1,2024-09-30,ndia_service_area,Barwon,0.7475,0.7475,0.0009999999999999727,0.009574271077563399,4,4,persistently low,insufficient history,insufficient history,0.873015873015873,0.46551724137931033,,0.47890625,,"Cluster modelling was not run because the currently available feature set lacks the requested community, SEIFA and workforce inputs.",derived_from_local_curated_source
2025Q2,2025 Q2,2024-12-31,ndia_service_area,Barwon,0.7449999999999999,0.744,-0.008,0.012909944487358107,5,5,persistently low,insufficient history,insufficient history,0.9142857142857143,0.44043887147335425,,0.39296875,,"Cluster modelling was not run because the currently available feature set lacks the requested community, SEIFA and workforce inputs.",derived_from_local_curated_source
2025Q3,2025 Q3,2025-03-31,ndia_service_area,Barwon,0.7374999999999999,0.7399999999999999,-0.012999999999999996,0.01707825127659946,6,6,persistently low,insufficient history,insufficient history,0.9333333333333333,0.45454545454545453,,0.32734375,,"Cluster modelling was not run because the currently available feature set lacks the requested community, SEIFA and workforce inputs.",funded_plan_context_only
2025Q4,2025 Q4,2025-06-30,ndia_service_area,Barwon,0.7275,0.7371428571428572,-0.006999999999999976,0.009574271077563826,7,7,persistently low,insufficient history,insufficient history,0.9476190476190476,0.4702194357366771,,0.32734375,,"Cluster modelling was not run because the currently available feature set lacks the requested community, SEIFA and workforce inputs.",funded_plan_context_only
2026Q1,2026 Q1,2025-09-30,ndia_service_area,Barwon,0.72,0.73375,-0.00599999999999999,0.008164965809277952,8,8,persistently low,insufficient history,insufficient history,0.9603174603174603,0.46238244514106586,,0.2671875,,"Cluster modelling was not run because the currently available feature set lacks the requested community, SEIFA and workforce inputs.",funded_plan_context_only
2024Q2,2024 Q2,2023-12-31,ndia_service_area,Bayside Peninsula,,,,,1,1,insufficient history,insufficient history,insufficient history,0.1873015873015873,0.603448275862069,0.0625,0.740625,,"Cluster modelling was not run because the currently available feature set lacks the requested community, SEIFA and workforce inputs.",insufficient_history
2024Q3,2024 Q3,2024-03-31,ndia_service_area,Bayside Peninsula,0.77,,,0.0,2,2,stable,insufficient history,insufficient history,0.21746031746031746,0.5783699059561128,,0.740625,,"Cluster modelling was not run because the currently available feature set lacks the requested community, SEIFA and workforce inputs.",derived_from_local_curated_source
2024Q4,2024 Q4,2024-06-30,ndia_service_area,Bayside Peninsula,0.77,,-8.452104970371919e-17,0.0,3,3,stable,insufficient history,insufficient history,0.23492063492063492,0.5877742946708464,,0.740625,,"Cluster modelling was not run because the currently available feature set lacks the requested community, SEIFA and workforce inputs.",derived_from_local_curated_source
2025Q1,2025 Q1,2024-09-30,ndia_service_area,Bayside Peninsula,0.7675000000000001,0.7675000000000001,-0.0030000000000000764,0.005000000000000023,4,4,persistently low,insufficient history,insufficient history,0.27936507936507937,0.5454545454545454,,0.66484375,,"Cluster modelling was not run because the currently available feature set lacks the requested community, SEIFA and workforce inputs.",derived_from_local_curated_source
2025Q2,2025 Q2,2024-12-31,ndia_service_area,Bayside Peninsula,0.7625,0.764,-0.006999999999999975,0.009574271077563428,0,5,deteriorating,insufficient history,insufficient history,0.33015873015873015,0.5015673981191222,,0.57578125,,"Cluster modelling was not run because the currently available feature set lacks the requested community, SEIFA and workforce inputs.",derived_from_local_curated_source
2025Q3,2025 Q3,2025-03-31,ndia_service_area,Bayside Peninsula,0.7575000000000001,0.7616666666666667,-0.00699999999999995,0.009574271077563477,1,6,deteriorating,insufficient history,insufficient history,0.35555555555555557,0.5188087774294671,,0.57578125,,"Cluster modelling was not run because the currently available feature set lacks the requested community, SEIFA and workforce inputs.",funded_plan_context_only
2025Q4,2025 Q4,2025-06-30,ndia_service_area,Bayside Peninsula,0.7525,0.76,-0.0029999999999999884,0.005000000000000245,2,7,stable,insufficient history,insufficient history,0.3634920634920635,0.5721003134796239,,0.57578125,,"Cluster modelling was not run because the currently available feature set lacks the requested community, SEIFA and workforce inputs.",funded_plan_context_only
2026Q1,2026 Q1,2025-09-30,ndia_service_area,Bayside Peninsula,0.7450000000000001,0.75625,-0.005999999999999997,0.010000000000000009,3,8,deteriorating,insufficient history,insufficient history,0.3825396825396825,0.5971786833855799,,0.39296875,,"Cluster modelling was not run because the currently available feature set lacks the requested community, SEIFA and workforce inputs.",funded_plan_context_only
2024Q2,2024 Q2,2023-12-31,ndia_service_area,Beenleigh,,,,,0,1,insufficient history,insufficient history,insufficient history,0.5174603174603175,0.512539184952978,0.4,0.89375,,"Cluster modelling was not run because the currently available feature set lacks the requested community, SEIFA and workforce inputs.",insufficient_history
2024Q3,2024 Q3,2024-03-31,ndia_service_area,Beenleigh,0.79,,,0.0,0,2,stable,insufficient history,insufficient history,0.5714285714285714,0.5360501567398119,,0.89375,,"Cluster modelling was not run because the currently available feature set lacks the requested community, SEIFA and workforce inputs.",derived_from_local_curated_source
2024Q4,2024 Q4,2024-06-30,ndia_service_area,Beenleigh,0.79,,-7.86578352023717e-18,0.0,0,3,stable,insufficient history,insufficient history,0.6079365079365079,0.5893416927899686,,0.89375,,"Cluster modelling was not run because the currently available feature set lacks the requested community, SEIFA and workforce inputs.",derived_from_local_curated_source
2025Q1,2025 Q1,2024-09-30,ndia_service_area,Beenleigh,0.785,0.785,-0.006000000000000021,0.010000000000000009,0,4,deteriorating,insufficient history,insufficient history,0.6825396825396826,0.5470219435736677,,0.740625,,"Cluster modelling was not run because the currently available feature set lacks the requested community, SEIFA and workforce inputs.",derived_from_local_curated_source
2025Q2,2025 Q2,2024-12-31,ndia_service_area,Beenleigh,0.775,0.778,-0.013999999999999955,0.01914854215512677,0,5,deteriorating,insufficient history,insufficient history,0.7428571428571429,0.5344827586206896,,0.57578125,,"Cluster modelling was not run because the currently available feature set lacks the requested community, SEIFA and workforce inputs.",derived_from_local_curated_source
2025Q3,2025 Q3,2025-03-31,ndia_service_area,Beenleigh,0.765,0.7733333333333334,-0.013999999999999981,0.01914854215512677,1,6,deteriorating,insufficient history,insufficient history,0.7746031746031746,0.6050156739811913,,0.57578125,,"Cluster modelling was not run because the currently available feature set lacks the requested community, SEIFA and workforce inputs.",funded_plan_context_only
2025Q4,2025 Q4,2025-06-30,ndia_service_area,Beenleigh,0.755,0.7700000000000001,-0.005999999999999976,0.010000000000000009,2,7,deteriorating,insufficient history,insufficient history,0.7968253968253968,0.6536050156739812,,0.57578125,,"Cluster modelling was not run because the currently available feature set lacks the requested community, SEIFA and workforce inputs.",funded_plan_context_only
2026Q1,2026 Q1,2025-09-30,ndia_service_area,Beenleigh,0.7475,0.76625,-0.0029999999999998617,0.005000000000000023,0,8,stable,insufficient history,insufficient history,0.8428571428571429,0.6567398119122257,,0.47890625,,"Cluster modelling was not run because the currently available feature set lacks the requested community, SEIFA and workforce inputs.",funded_plan_context_only
2024Q2,2024 Q2,2023-12-31,ndia_service_area,Brimbank Melton,,,,,0,1,insufficient history,insufficient history,insufficient history,0.5111111111111111,0.3510971786833856,0.55,0.89375,,"Cluster modelling was not run because the currently available feature set lacks the requested community, SEIFA and workforce inputs.",insufficient_history
2024Q3,2024 Q3,2024-03-31,ndia_service_area,Brimbank Melton,0.795,,,0.007071067811865481,0,0,consistently high,insufficient history,insufficient history,0.5507936507936508,0.3448275862068966,,0.9375,,"Cluster modelling was not run because the currently available feature set lacks the requested community, SEIFA and workforce inputs.",derived_from_local_curated_source
2024Q4,2024 Q4,2024-06-30,ndia_service_area,Brimbank Melton,0.7933333333333333,,-1.4203407570868988e-16,0.0057735026918962545,0,1,stable,insufficient history,insufficient history,0.5761904761904761,0.38557993730407525,,0.89375,,"Cluster modelling was not run because the currently available feature set lacks the requested community, SEIFA and workforce inputs.",derived_from_local_curated_source
2025Q1,2025 Q1,2024-09-30,ndia_service_area,Brimbank Melton,0.7875000000000001,0.7875000000000001,-0.006999999999999935,0.012583057392117899,0,2,deteriorating,insufficient history,insufficient history,0.6428571428571429,0.35266457680250785,,0.740625,,"Cluster modelling was not run because the currently available feature set lacks the requested community, SEIFA and workforce inputs.",derived_from_local_curated_source
2025Q2,2025 Q2,2024-12-31,ndia_service_area,Brimbank Melton,0.78,0.782,-0.014000000000000028,0.01825741858350552,0,3,deteriorating,insufficient history,insufficient history,0.7111111111111111,0.3275862068965517,,0.66484375,,"Cluster modelling was not run because the currently available feature set lacks the requested community, SEIFA and workforce inputs.",derived_from_local_curated_source
2025Q3,2025 Q3,2025-03-31,ndia_service_area,Brimbank Melton,0.7725000000000001,0.7799999999999999,-0.006999999999999948,0.012583057392117862,0,4,deteriorating,insufficient history,insufficient history,0.7507936507936508,0.3824451410658307,,0.740625,,"Cluster modelling was not run because the currently available feature set lacks the requested community, SEIFA and workforce inputs.",funded_plan_context_only
2025Q4,2025 Q4,2025-06-30,ndia_service_area,Brimbank Melton,0.7675,0.7785714285714286,0.0010000000000000325,0.004999999999999766,0,5,stable,insufficient history,insufficient history,0.7555555555555555,0.4717868338557994,,0.740625,,"Cluster modelling was not run because the currently available feature set lacks the requested community, SEIFA and workforce inputs.",funded_plan_context_only
2026Q1,2026 Q1,2025-09-30,ndia_service_area,Brimbank Melton,0.7649999999999999,0.77625,-6.924009910210287e-17,0.005773502691896014,0,0,consistently high,insufficient history,insufficient history,0.7841269841269841,0.48119122257053293,,0.66484375,,"Cluster modelling was not run because the currently available feature set lacks the requested community, SEIFA and workforce inputs.",funded_plan_context_only
2024Q2,2024 Q2,2023-12-31,ndia_service_area,Brisbane,,,,,0,1,insufficient history,insufficient history,insufficient history,0.09523809523809523,0.6504702194357367,0.2125,0.81640625,,"Cluster modelling was not run because the currently available feature set lacks the requested community, SEIFA and workforce inputs.",insufficient_history
2024Q3,2024 Q3,2024-03-31,ndia_service_area,Brisbane,0.78,,,0.0,0,2,stable,insufficient history,insufficient history,0.10952380952380952,0.6614420062695925,,0.81640625,,"Cluster modelling was not run because the currently available feature set lacks the requested community, SEIFA and workforce inputs.",derived_from_local_curated_source
2024Q4,2024 Q4,2024-06-30,ndia_service_area,Brisbane,0.78,,-3.165106823279971e-17,0.0,0,3,stable,insufficient history,insufficient history,0.12063492063492064,0.6755485893416928,,0.81640625,,"Cluster modelling was not run because the currently available feature set lacks the requested community, SEIFA and workforce inputs.",derived_from_local_curated_source
2025Q1,2025 Q1,2024-09-30,ndia_service_area,Brisbane,0.7725,0.7725,-0.008999999999999956,0.014999999999999994,1,4,deteriorating,insufficient history,insufficient history,0.14761904761904762,0.6442006269592476,,0.57578125,,"Cluster modelling was not run because the currently available feature set lacks the requested community, SEIFA and workforce inputs.",derived_from_local_curated_source
2025Q2,2025 Q2,2024-12-31,ndia_service_area,Brisbane,0.76,0.764,-0.01800000000000007,0.024494897427831726,2,5,deteriorating,insufficient history,insufficient history,0.16825396825396827,0.622257053291536,,0.39296875,,"Cluster modelling was not run because the currently available feature set lacks the requested community, SEIFA and workforce inputs.",derived_from_local_curated_source
2025Q3,2025 Q3,2025-03-31,ndia_service_area,Brisbane,0.75,0.7600000000000001,-0.013999999999999995,0.021602468994692734,3,6,deteriorating,insufficient history,insufficient history,0.1761904761904762,0.6489028213166145,,0.47890625,,"Cluster modelling was not run because the currently available feature set lacks the requested community, SEIFA and workforce inputs.",funded_plan_context_only
2025Q4,2025 Q4,2025-06-30,ndia_service_area,Brisbane,0.74,0.7571428571428571,-0.002000000000000036,0.008164965809276704,4,7,persistently low,insufficient history,insufficient history,0.18571428571428572,0.6818181818181818,,0.47890625,,"Cluster modelling was not run because the currently available feature set lacks the requested community, SEIFA and workforce inputs.",funded_plan_context_only
2026Q1,2026 Q1,2025-09-30,ndia_service_area,Brisbane,0.7349999999999999,0.75375,2.2742097527042462e-17,0.005773502691895322,5,8,persistently low,insufficient history,insufficient history,0.1984126984126984,0.7210031347962382,,0.39296875,,"Cluster modelling was not run because the currently available feature set lacks the requested community, SEIFA and workforce inputs.",funded_plan_context_only
2024Q2,2024 Q2,2023-12-31,ndia_service_area,Bundaberg,,,,,0,0,insufficient history,insufficient history,insufficient history,0.8809523809523809,0.5282131661442007,0.4125,0.81640625,,"Cluster modelling was not run because the currently available feature set lacks the requested community, SEIFA and workforce inputs.",insufficient_history
2024Q3,2024 Q3,2024-03-31,ndia_service_area,Bundaberg,0.78,,,0.0,0,0,stable,insufficient history,insufficient history,0.9063492063492063,0.5940438871473355,,0.81640625,,"Cluster modelling was not run because the currently available feature set lacks the requested community, SEIFA and workforce inputs.",derived_from_local_curated_source
2024Q4,2024 Q4,2024-06-30,ndia_service_area,Bundaberg,0.7766666666666667,,-0.004999999999999986,0.005773502691896279,1,0,stable,insufficient history,insufficient history,0.9222222222222223,0.6238244514106583,,0.740625,,"Cluster modelling was not run because the currently available feature set lacks the requested community, SEIFA and workforce inputs.",derived_from_local_curated_source
2025Q1,2025 Q1,2024-09-30,ndia_service_area,Bundaberg,0.77,0.77,-0.009999999999999993,0.014142135623730975,2,0,deteriorating,insufficient history,insufficient history,0.9444444444444444,0.5924764890282131,,0.57578125,,"Cluster modelling was not run because the currently available feature set lacks the requested community, SEIFA and workforce inputs.",derived_from_local_curated_source
2025Q2,2025 Q2,2024-12-31,ndia_service_area,Bundaberg,0.7625,0.766,-0.011,0.015000000000000045,0,0,deteriorating,insufficient history,insufficient history,0.9555555555555556,0.6081504702194357,,0.57578125,,"Cluster modelling was not run because the currently available feature set lacks the requested community, SEIFA and workforce inputs.",funded_plan_context_only
2025Q3,2025 Q3,2025-03-31,ndia_service_area,Bundaberg,0.755,0.7633333333333333,-0.005999999999999976,0.010000000000000092,1,0,deteriorating,insufficient history,insufficient history,0.9571428571428572,0.6379310344827587,,0.57578125,,"Cluster modelling was not run because the currently available feature set lacks the requested community, SEIFA and workforce inputs.",funded_plan_context_only
2025Q4,2025 Q4,2025-06-30,ndia_service_area,Bundaberg,0.7475,0.76,-0.0029999999999998617,0.005000000000000023,2,0,stable,insufficient history,insufficient history,0.9523809523809523,0.6880877742946708,,0.47890625,,"Cluster modelling was not run because the currently available feature set lacks the requested community, SEIFA and workforce inputs.",funded_plan_context_only
2026Q1,2026 Q1,2025-09-30,ndia_service_area,Bundaberg,0.74,0.755,-0.010000000000000038,0.014142135623730982,3,1,deteriorating,insufficient history,insufficient history,0.9666666666666667,0.6990595611285266,,0.32734375,,"Cluster modelling was not run because the currently available feature set lacks the requested community, SEIFA and workforce inputs.",funded_plan_context_only
2024Q2,2024 Q2,2023-12-31,ndia_service_area,Caboolture/Strathpine,,,,,0,0,insufficient history,insufficient history,insufficient history,0.5888888888888889,0.5109717868338558,0.325,0.81640625,,"Cluster modelling was not run because the currently available feature set lacks the requested community, SEIFA and workforce inputs.",insufficient_history
2024Q3,2024 Q3,2024-03-31,ndia_service_area,Caboolture/Strathpine,0.785,,,0.007071067811865481,0,0,stable,insufficient history,insufficient history,0.6523809523809524,0.5313479623824452,,0.89375,,"Cluster modelling was not run because the currently available feature set lacks the requested community, SEIFA and workforce inputs.",derived_from_local_curated_source
2024Q4,2024 Q4,2024-06-30,ndia_service_area,Caboolture/Strathpine,0.7866666666666667,,0.005000000000000087,0.0057735026918962545,0,0,recovering,insufficient history,insufficient history,0.6857142857142857,0.5689655172413793,,0.89375,,"Cluster modelling was not run because the currently available feature set lacks the requested community, SEIFA and workforce inputs.",derived_from_local_curated_source
2025Q1,2025 Q1,2024-09-30,ndia_service_area,Caboolture/Strathpine,0.78,0.78,-0.0059999999999999784,0.01414213562373097,1,0,deteriorating,insufficient history,insufficient history,0.7698412698412699,0.48746081504702193,,0.66484375,,"Cluster modelling was not run because the currently available feature set lacks the requested community, SEIFA and workforce inputs.",derived_from_local_curated_source
2025Q2,2025 Q2,2024-12-31,ndia_service_area,Caboolture/Strathpine,0.77,0.772,-0.01800000000000007,0.024494897427831806,2,0,deteriorating,insufficient history,insufficient history,0.8174603174603174,0.46865203761755486,,0.47890625,,"Cluster modelling was not run because the currently available feature set lacks the requested community, SEIFA and workforce inputs.",derived_from_local_curated_source
2025Q3,2025 Q3,2025-03-31,ndia_service_area,Caboolture/Strathpine,0.7575,0.7666666666666666,-0.01699999999999991,0.023629078131263047,3,0,deteriorating,insufficient history,insufficient history,0.846031746031746,0.4890282131661442,,0.47890625,,"Cluster modelling was not run because the currently available feature set lacks the requested community, SEIFA and workforce inputs.",funded_plan_context_only
2025Q4,2025 Q4,2025-06-30,ndia_service_area,Caboolture/Strathpine,0.7450000000000001,0.7628571428571428,-0.005999999999999997,0.009999999999999872,4,0,persistently low,insufficient history,insufficient history,0.8650793650793651,0.5611285266457681,,0.47890625,,"Cluster modelling was not run because the currently available feature set lacks the requested community, SEIFA and workforce inputs.",funded_plan_context_only
2026Q1,2026 Q1,2025-09-30,ndia_service_area,Caboolture/Strathpine,0.7375,0.75875,-0.003000000000000061,0.005000000000000023,5,0,persistently low,insufficient history,insufficient history,0.8920634920634921,0.6018808777429467,,0.39296875,,"Cluster modelling was not run because the currently available feature set lacks the requested community, SEIFA and workforce inputs.",funded_plan_context_only
2024Q2,2024 Q2,2023-12-31,ndia_service_area,Cairns,,,,,1,0,insufficient history,insufficient history,insufficient history,0.2492063492063492,0.8448275862068966,0.1375,0.57578125,,"Cluster modelling was not run because the currently available feature set lacks the requested community, SEIFA and workforce inputs.",insufficient_history
2024Q3,2024 Q3,2024-03-31,ndia_service_area,Cairns,0.75,,,0.0,2,0,stable,insufficient history,insufficient history,0.2841269841269841,0.8557993730407524,,0.57578125,,"Cluster modelling was not run because the currently available feature set lacks the requested community, SEIFA and workforce inputs.",derived_from_local_curated_source
2024Q4,2024 Q4,2024-06-30,ndia_service_area,Cairns,0.75,,3.742641637258067e-17,0.0,3,0,stable,insufficient history,insufficient history,0.29523809523809524,0.8683385579937304,,0.57578125,,"Cluster modelling was not run because the currently available feature set lacks the requested community, SEIFA and workforce inputs.",derived_from_local_curated_source
2025Q1,2025 Q1,2024-09-30,ndia_service_area,Cairns,0.7475,0.7475,-0.0029999999999998617,0.005000000000000023,4,0,persistently low,insufficient history,insufficient history,0.3333333333333333,0.8730407523510971,,0.47890625,,"Cluster modelling was not run because the currently available feature set lacks the requested community, SEIFA and workforce inputs.",derived_from_local_curated_source
2025Q2,2025 Q2,2024-12-31,ndia_service_area,Cairns,0.74,0.742,-0.010000000000000038,0.014142135623730982,5,0,persistently low,insufficient history,insufficient history,0.3619047619047619,0.8667711598746082,,0.32734375,,"Cluster modelling was not run because the currently available feature set lacks the requested community, SEIFA and workforce inputs.",derived_from_local_curated_source
2025Q3,2025 Q3,2025-03-31,ndia_service_area,Cairns,0.735,0.7399999999999999,-0.007999999999999997,0.012909944487358096,6,0,persistently low,insufficient history,insufficient history,0.3904761904761905,0.8808777429467085,,0.39296875,,"Cluster modelling was not run because the currently available feature set lacks the requested community, SEIFA and workforce inputs.",funded_plan_context_only
2025Q4,2025 Q4,2025-06-30,ndia_service_area,Cairns,0.73,0.7385714285714285,-0.0020000000000000152,0.008164965809277312,7,0,persistently low,insufficient history,insufficient history,0.4015873015873016,0.9043887147335423,,0.39296875,,"Cluster modelling was not run because the currently available feature set lacks the requested community, SEIFA and workforce inputs.",funded_plan_context_only
2026Q1,2026 Q1,2025-09-30,ndia_service_area,Cairns,0.7249999999999999,0.73625,6.089360775442307e-17,0.005773502691896342,8,0,persistently low,insufficient history,insufficient history,0.41904761904761906,0.9216300940438872,,0.32734375,,"Cluster modelling was not run because the currently available feature set lacks the requested community, SEIFA and workforce inputs.",funded_plan_context_only
2024Q2,2024 Q2,2023-12-31,ndia_service_area,Central Australia,,,,,0,0,insufficient history,insufficient history,insufficient history,0.32857142857142857,0.9890282131661442,0.9375,0.95859375,,"Cluster modelling was not run because the currently available feature set lacks the requested community, SEIFA and workforce inputs.",insufficient_history
2024Q3,2024 Q3,2024-03-31,ndia_service_area,Central Australia,0.805,,,0.007071067811865481,0,0,consistently high,insufficient history,insufficient history,0.38095238095238093,0.9921630094043887,,0.9375,,"Cluster modelling was not run because the currently available feature set lacks the requested community, SEIFA and workforce inputs.",derived_from_local_curated_source
2024Q4,2024 Q4,2024-06-30,ndia_service_area,Central Australia,0.8000000000000002,,-0.010000000000000118,0.010000000000000009,0,0,deteriorating,insufficient history,insufficient history,0.40793650793650793,0.9937304075235109,,0.89375,,"Cluster modelling was not run because the currently available feature set lacks the requested community, SEIFA and workforce inputs.",derived_from_local_curated_source
2025Q1,2025 Q1,2024-09-30,ndia_service_area,Central Australia,0.7975000000000001,0.7975000000000001,-0.0069999999999999845,0.009574271077563399,0,0,deteriorating,insufficient history,insufficient history,0.4253968253968254,0.9905956112852664,,0.89375,,"Cluster modelling was not run because the currently available feature set lacks the requested community, SEIFA and workforce inputs.",derived_from_local_curated_source
2025Q2,2025 Q2,2024-12-31,ndia_service_area,Central Australia,0.7925,0.796,-0.0029999999999999354,0.005000000000000097,0,0,consistently high,insufficient history,insufficient history,0.373015873015873,0.9968652037617555,,0.89375,,"Cluster modelling was not run because the currently available feature set lacks the requested community, SEIFA and workforce inputs.",derived_from_local_curated_source
2025Q3,2025 Q3,2025-03-31,ndia_service_area,Central Australia,0.79,0.795,5.94119046319998e-17,0.0,0,0,consistently high,insufficient history,insufficient history,0.43492063492063493,0.9984326018808778,,0.89375,,"Cluster modelling was not run because the currently available feature set lacks the requested community, SEIFA and workforce inputs.",funded_plan_context_only
2025Q4,2025 Q4,2025-06-30,ndia_service_area,Central Australia,0.79,0.7942857142857144,5.94119046319998e-17,0.0,0,0,consistently high,insufficient history,insufficient history,0.4857142857142857,0.9952978056426333,,0.89375,,"Cluster modelling was not run because the currently available feature set lacks the requested community, SEIFA and workforce inputs.",funded_plan_context_only
2026Q1,2026 Q1,2025-09-30,ndia_service_area,Central Australia,0.79,0.7937500000000001,5.94119046319998e-17,0.0,0,0,consistently high,insufficient history,insufficient history,0.4984126984126984,1.0,,0.89375,,"Cluster modelling was not run because the currently available feature set lacks the requested community, SEIFA and workforce inputs.",funded_plan_context_only
2024Q2,2024 Q2,2023-12-31,ndia_service_area,Central Coast,,,,,0,0,insufficient history,insufficient history,insufficient history,0.6571428571428571,0.39655172413793105,0.4375,0.89375,,"Cluster modelling was not run because the currently available feature set lacks the requested community, SEIFA and workforce inputs.",insufficient_history
2024Q3,2024 Q3,2024-03-31,ndia_service_area,Central Coast,0.79,,,0.0,0,0,stable,insufficient history,insufficient history,0.7,0.390282131661442,,0.89375,,"Cluster modelling was not run because the currently available feature set lacks the requested community, SEIFA and workforce inputs.",derived_from_local_curated_source
2024Q4,2024 Q4,2024-06-30,ndia_service_area,Central Coast,0.79,,-7.86578352023717e-18,0.0,0,0,stable,insufficient history,insufficient history,0.7492063492063492,0.40282131661442006,,0.89375,,"Cluster modelling was not run because the currently available feature set lacks the requested community, SEIFA and workforce inputs.",derived_from_local_curated_source
2025Q1,2025 Q1,2024-09-30,ndia_service_area,Central Coast,0.7875000000000001,0.7875000000000001,-0.0029999999999999866,0.005000000000000023,0,0,stable,insufficient history,insufficient history,0.7936507936507936,0.4278996865203762,,0.81640625,,"Cluster modelling was not run because the currently available feature set lacks the requested community, SEIFA and workforce inputs.",derived_from_local_curated_source
2025Q2,2025 Q2,2024-12-31,ndia_service_area,Central Coast,0.7825,0.784,-0.006999999999999974,0.009574271077563428,0,0,deteriorating,insufficient history,insufficient history,0.8539682539682539,0.3934169278996865,,0.740625,,"Cluster modelling was not run because the currently available feature set lacks the requested community, SEIFA and workforce inputs.",derived_from_local_curated_source
2025Q3,2025 Q3,2025-03-31,ndia_service_area,Central Coast,0.7775000000000001,0.7816666666666667,-0.007000000000000016,0.009574271077563477,0,0,deteriorating,insufficient history,insufficient history,0.8793650793650793,0.43573667711598746,,0.740625,,"Cluster modelling was not run because the currently available feature set lacks the requested community, SEIFA and workforce inputs.",funded_plan_context_only
2025Q4,2025 Q4,2025-06-30,ndia_service_area,Central Coast,0.7725,0.78,-0.003000000000000077,0.005000000000000245,0,0,stable,insufficient history,insufficient history,0.9,0.47335423197492166,,0.740625,,"Cluster modelling was not run because the currently available feature set lacks the requested community, SEIFA and workforce inputs.",funded_plan_context_only
2026Q1,2026 Q1,2025-09-30,ndia_service_area,Central Coast,0.7649999999999999,0.77625,-0.005999999999999932,0.010000000000000009,0,0,deteriorating,insufficient history,insufficient history,0.9158730158730158,0.4843260188087774,,0.57578125,,"Cluster modelling was not run because the currently available feature set lacks the requested community, SEIFA and workforce inputs.",funded_plan_context_only
2024Q2,2024 Q2,2023-12-31,ndia_service_area,Central Highlands,,,,,1,1,insufficient history,insufficient history,insufficient history,0.6412698412698413,0.33072100313479624,0.3375,0.57578125,,"Cluster modelling was not run because the currently available feature set lacks the requested community, SEIFA and workforce inputs.",insufficient_history
2024Q3,2024 Q3,2024-03-31,ndia_service_area,Central Highlands,0.75,,,0.0,2,2,stable,insufficient history,insufficient history,0.6904761904761905,0.34796238244514105,,0.57578125,,"Cluster modelling was not run because the currently available feature set lacks the requested community, SEIFA and workforce inputs.",derived_from_local_curated_source
2024Q4,2024 Q4,2024-06-30,ndia_service_area,Central Highlands,0.75,,3.742641637258067e-17,0.0,3,3,stable,insufficient history,insufficient history,0.7365079365079366,0.3605015673981191,,0.57578125,,"Cluster modelling was not run because the currently available feature set lacks the requested community, SEIFA and workforce inputs.",derived_from_local_curated_source
2025Q1,2025 Q1,2024-09-30,ndia_service_area,Central Highlands,0.7475,0.7475,-0.0029999999999998617,0.005000000000000023,4,4,persistently low,insufficient history,insufficient history,0.8031746031746032,0.3667711598746082,,0.47890625,,"Cluster modelling was not run because the currently available feature set lacks the requested community, SEIFA and workforce inputs.",derived_from_local_curated_source
2025Q2,2025 Q2,2024-12-31,ndia_service_area,Central Highlands,0.7424999999999999,0.744,-0.007000000000000039,0.009574271077563428,5,5,persistently low,insufficient history,insufficient history,0.8603174603174604,0.3557993730407524,,0.39296875,,"Cluster modelling was not run because the currently available feature set lacks the requested community, SEIFA and workforce inputs.",derived_from_local_curated_source
2025Q3,2025 Q3,2025-03-31,ndia_service_area,Central Highlands,0.74,0.7433333333333333,-0.004000000000000057,0.008164965809277341,6,0,persistently low,insufficient history,insufficient history,0.8936507936507937,0.37460815047021945,,0.47890625,,"Cluster modelling was not run because the currently available feature set lacks the requested community, SEIFA and workforce inputs.",funded_plan_context_only
2025Q4,2025 Q4,2025-06-30,ndia_service_area,Central Highlands,0.735,0.7414285714285713,-0.001999999999999981,0.005773502691896494,7,1,persistently low,insufficient history,insufficient history,0.9126984126984127,0.44200626959247646,,0.39296875,,"Cluster modelling was not run because the currently available feature set lacks the requested community, SEIFA and workforce inputs.",funded_plan_context_only
2026Q1,2026 Q1,2025-09-30,ndia_service_area,Central Highlands,0.7325,0.74,-0.0009999999999999727,0.005000000000000362,8,0,persistently low,insufficient history,insufficient history,0.9301587301587302,0.4592476489028213,,0.39296875,,"Cluster modelling was not run because the currently available feature set lacks the requested community, SEIFA and workforce inputs.",funded_plan_context_only
2024Q2,2024 Q2,2023-12-31,ndia_service_area,Central North Metro,,,,,1,1,insufficient history,insufficient history,insufficient history,0.01746031746031746,0.9090909090909091,0.85,0.66484375,,"Cluster modelling was not run because the currently available feature set lacks the requested community, SEIFA and workforce inputs.",insufficient_history
2024Q3,2024 Q3,2024-03-31,ndia_service_area,Central North Metro,0.755,,,0.007071067811865481,2,2,stable,insufficient history,insufficient history,0.020634920634920634,0.9294670846394985,,0.57578125,,"Cluster modelling was not run because the currently available feature set lacks the requested community, SEIFA and workforce inputs.",derived_from_local_curated_source
2024Q4,2024 Q4,2024-06-30,ndia_service_area,Central North Metro,0.7533333333333333,,-0.005000000000000008,0.0057735026918962545,3,3,deteriorating,insufficient history,insufficient history,0.023809523809523808,0.9388714733542319,,0.57578125,,"Cluster modelling was not run because the currently available feature set lacks the requested community, SEIFA and workforce inputs.",derived_from_local_curated_source
2025Q1,2025 Q1,2024-09-30,ndia_service_area,Central North Metro,0.75,0.75,-0.006000000000000081,0.008164965809277256,4,4,persistently low,insufficient history,insufficient history,0.03015873015873016,0.9247648902821317,,0.47890625,,"Cluster modelling was not run because the currently available feature set lacks the requested community, SEIFA and workforce inputs.",derived_from_local_curated_source
2025Q2,2025 Q2,2024-12-31,ndia_service_area,Central North Metro,0.7450000000000001,0.748,-0.004000000000000035,0.005773502691896263,5,5,persistently low,insufficient history,insufficient history,0.03650793650793651,0.8996865203761756,,0.47890625,,"Cluster modelling was not run because the currently available feature set lacks the requested community, SEIFA and workforce inputs.",derived_from_local_curated_source
2025Q3,2025 Q3,2025-03-31,ndia_service_area,Central North Metro,0.7425,0.7466666666666667,-0.0029999999999999675,0.00499999999999999,6,6,persistently low,insufficient history,insufficient history,0.03968253968253968,0.9075235109717869,,0.47890625,,"Cluster modelling was not run because the currently available feature set lacks the requested community, SEIFA and workforce inputs.",funded_plan_context_only
2025Q4,2025 Q4,2025-06-30,ndia_service_area,Central North Metro,0.74,0.7457142857142857,5.686499548236615e-17,0.0,7,7,persistently low,insufficient history,insufficient history,0.046031746031746035,0.9231974921630094,,0.47890625,,"Cluster modelling was not run because the currently available feature set lacks the requested community, SEIFA and workforce inputs.",funded_plan_context_only
2026Q1,2026 Q1,2025-09-30,ndia_service_area,Central North Metro,0.7375,0.74375,-0.003000000000000061,0.005000000000000023,8,8,persistently low,insufficient history,insufficient history,0.049206349206349205,0.9341692789968652,,0.39296875,,"Cluster modelling was not run because the currently available feature set lacks the requested community, SEIFA and workforce inputs.",funded_plan_context_only
2024Q2,2024 Q2,2023-12-31,ndia_service_area,Central South Metro,,,,,1,1,insufficient history,insufficient history,insufficient history,0.06031746031746032,0.5579937304075235,0.825,0.47890625,,"Cluster modelling was not run because the currently available feature set lacks the requested community, SEIFA and workforce inputs.",insufficient_history
2024Q3,2024 Q3,2024-03-31,ndia_service_area,Central South Metro,0.745,,,0.007071067811865481,2,2,stable,insufficient history,insufficient history,0.0746031746031746,0.5376175548589341,,0.57578125,,"Cluster modelling was not run because the currently available feature set lacks the requested community, SEIFA and workforce inputs.",derived_from_local_curated_source
2024Q4,2024 Q4,2024-06-30,ndia_service_area,Central South Metro,0.7466666666666667,,0.004999999999999883,0.0057735026918962545,3,3,stable,insufficient history,insufficient history,0.08253968253968254,0.5438871473354232,,0.57578125,,"Cluster modelling was not run because the currently available feature set lacks the requested community, SEIFA and workforce inputs.",derived_from_local_curated_source
2025Q1,2025 Q1,2024-09-30,ndia_service_area,Central South Metro,0.7424999999999999,0.7424999999999999,-0.002999999999999985,0.009574271077563411,4,4,persistently low,insufficient history,insufficient history,0.10476190476190476,0.5297805642633229,,0.39296875,,"Cluster modelling was not run because the currently available feature set lacks the requested community, SEIFA and workforce inputs.",derived_from_local_curated_source
2025Q2,2025 Q2,2024-12-31,ndia_service_area,Central South Metro,0.7374999999999999,0.738,-0.010999999999999992,0.015000000000000051,5,5,persistently low,insufficient history,insufficient history,0.12380952380952381,0.4952978056426332,,0.32734375,,"Cluster modelling was not run because the currently available feature set lacks the requested community, SEIFA and workforce inputs.",derived_from_local_curated_source
2025Q3,2025 Q3,2025-03-31,ndia_service_area,Central South Metro,0.73,0.735,-0.009999999999999959,0.014142135623731034,6,6,persistently low,insufficient history,insufficient history,0.13968253968253969,0.48589341692789967,,0.32734375,,"Cluster modelling was not run because the currently available feature set lacks the requested community, SEIFA and workforce inputs.",funded_plan_context_only
2025Q4,2025 Q4,2025-06-30,ndia_service_area,Central South Metro,0.7225,0.7328571428571429,-0.00300000000000002,0.005000000000000169,7,7,persistently low,insufficient history,insufficient history,0.1523809523809524,0.5564263322884012,,0.32734375,,"Cluster modelling was not run because the currently available feature set lacks the requested community, SEIFA and workforce inputs.",funded_plan_context_only
2026Q1,2026 Q1,2025-09-30,ndia_service_area,Central South Metro,0.7150000000000001,0.72875,-0.005999999999999994,0.010000000000000009,8,8,persistently low,insufficient history,insufficient history,0.17142857142857143,0.5956112852664577,,0.20625,,"Cluster modelling was not run because the currently available feature set lacks the requested community, SEIFA and workforce inputs.",funded_plan_context_only
2024Q2,2024 Q2,2023-12-31,ndia_service_area,Darwin Remote,,,,,1,1,insufficient history,insufficient history,insufficient history,0.16666666666666666,0.014106583072100314,0.925,0.04375,,"Cluster modelling was not run because the currently available feature set lacks the requested community, SEIFA and workforce inputs.",insufficient_history
2024Q3,2024 Q3,2024-03-31,ndia_service_area,Darwin Remote,0.635,,,0.021213203435596444,2,2,stable,insufficient history,insufficient history,0.18888888888888888,0.02037617554858934,,0.07109375,,"Cluster modelling was not run because the currently available feature set lacks the requested community, SEIFA and workforce inputs.",derived_from_local_curated_source
2024Q4,2024 Q4,2024-06-30,ndia_service_area,Darwin Remote,0.6333333333333333,,0.005000000000000035,0.015275252316519477,3,3,recovering,insufficient history,insufficient history,0.23333333333333334,0.018808777429467086,,0.0515625,,"Cluster modelling was not run because the currently available feature set lacks the requested community, SEIFA and workforce inputs.",derived_from_local_curated_source
2025Q1,2025 Q1,2024-09-30,ndia_service_area,Darwin Remote,0.62,0.62,-0.013999999999999974,0.029439202887759506,4,4,persistently low,insufficient history,insufficient history,0.25555555555555554,0.02664576802507837,,0.01875,,"Cluster modelling was not run because the currently available feature set lacks the requested community, SEIFA and workforce inputs.",derived_from_local_curated_source
2025Q2,2025 Q2,2024-12-31,ndia_service_area,Darwin Remote,0.605,0.608,-0.03199999999999997,0.042031734043061625,5,5,persistently low,insufficient history,insufficient history,0.2968253968253968,0.025078369905956112,,0.01171875,,"Cluster modelling was not run because the currently available feature set lacks the requested community, SEIFA and workforce inputs.",derived_from_local_curated_source
2025Q3,2025 Q3,2025-03-31,ndia_service_area,Darwin Remote,0.5775,0.5966666666666667,-0.029,0.03862210075418817,6,6,persistently low,insufficient history,insufficient history,0.326984126984127,0.032915360501567396,,0.00625,,"Cluster modelling was not run because the currently available feature set lacks the requested community, SEIFA and workforce inputs.",funded_plan_context_only
2025Q4,2025 Q4,2025-06-30,ndia_service_area,Darwin Remote,0.55,0.5857142857142856,-0.01999999999999989,0.025819888974716067,7,7,persistently low,insufficient history,insufficient history,0.4238095238095238,0.034482758620689655,,0.003125,,"Cluster modelling was not run because the currently available feature set lacks the requested community, SEIFA and workforce inputs.",funded_plan_context_only
2026Q1,2026 Q1,2025-09-30,ndia_service_area,Darwin Remote,0.535,0.5775,-0.013999999999999985,0.019148542155126756,8,8,persistently low,insufficient history,insufficient history,0.4142857142857143,0.03918495297805643,,0.003125,,"Cluster modelling was not run because the currently available feature set lacks the requested community, SEIFA and workforce inputs.",funded_plan_context_only
2024Q2,2024 Q2,2023-12-31,ndia_service_area,Darwin Urban,,,,,0,0,insufficient history,insufficient history,insufficient history,0.2015873015873016,0.9639498432601881,0.6,0.89375,,"Cluster modelling was not run because the currently available feature set lacks the requested community, SEIFA and workforce inputs.",insufficient_history
2024Q3,2024 Q3,2024-03-31,ndia_service_area,Darwin Urban,0.79,,,0.0,0,0,stable,insufficient history,insufficient history,0.2126984126984127,0.9670846394984326,,0.89375,,"Cluster modelling was not run because the currently available feature set lacks the requested community, SEIFA and workforce inputs.",derived_from_local_curated_source
2024Q4,2024 Q4,2024-06-30,ndia_service_area,Darwin Urban,0.79,,-7.86578352023717e-18,0.0,0,0,stable,insufficient history,insufficient history,0.21904761904761905,0.9717868338557993,,0.89375,,"Cluster modelling was not run because the currently available feature set lacks the requested community, SEIFA and workforce inputs.",derived_from_local_curated_source
2025Q1,2025 Q1,2024-09-30,ndia_service_area,Darwin Urban,0.7875000000000001,0.7875000000000001,-0.0029999999999999866,0.005000000000000023,0,0,stable,insufficient history,insufficient history,0.2507936507936508,0.9686520376175548,,0.81640625,,"Cluster modelling was not run because the currently available feature set lacks the requested community, SEIFA and workforce inputs.",derived_from_local_curated_source
2025Q2,2025 Q2,2024-12-31,ndia_service_area,Darwin Urban,0.78,0.782,-0.010000000000000063,0.014142135623730982,0,0,deteriorating,insufficient history,insufficient history,0.28095238095238095,0.9655172413793104,,0.66484375,,"Cluster modelling was not run because the currently available feature set lacks the requested community, SEIFA and workforce inputs.",derived_from_local_curated_source
2025Q3,2025 Q3,2025-03-31,ndia_service_area,Darwin Urban,0.77,0.7766666666666667,-0.013999999999999948,0.018257418583505578,1,0,deteriorating,insufficient history,insufficient history,0.2873015873015873,0.9702194357366771,,0.57578125,,"Cluster modelling was not run because the currently available feature set lacks the requested community, SEIFA and workforce inputs.",funded_plan_context_only
2025Q4,2025 Q4,2025-06-30,ndia_service_area,Darwin Urban,0.7625,0.7742857142857142,-0.007000000000000022,0.012583057392117947,0,0,deteriorating,insufficient history,insufficient history,0.29365079365079366,0.9733542319749217,,0.66484375,,"Cluster modelling was not run because the currently available feature set lacks the requested community, SEIFA and workforce inputs.",funded_plan_context_only
2026Q1,2026 Q1,2025-09-30,ndia_service_area,Darwin Urban,0.7549999999999999,0.77125,-0.0019999999999999927,0.0057735026918962025,0,0,stable,insufficient history,insufficient history,0.3142857142857143,0.9749216300940439,,0.57578125,,"Cluster modelling was not run because the currently available feature set lacks the requested community, SEIFA and workforce inputs.",funded_plan_context_only
2024Q2,2024 Q2,2023-12-31,ndia_service_area,East Arnhem,,,,,1,1,insufficient history,insufficient history,insufficient history,,0.3056426332288401,0.9125,0.0296875,,"Cluster modelling was not run because the currently available feature set lacks the requested community, SEIFA and workforce inputs.",insufficient_history
2024Q3,2024 Q3,2024-03-31,ndia_service_area,East Arnhem,0.6,,,0.0,2,2,stable,insufficient history,insufficient history,,0.219435736677116,,0.0296875,,"Cluster modelling was not run because the currently available feature set lacks the requested community, SEIFA and workforce inputs.",derived_from_local_curated_source
2024Q4,2024 Q4,2024-06-30,ndia_service_area,East Arnhem,0.6,,-6.404230818502669e-17,0.0,3,3,stable,insufficient history,insufficient history,,0.18808777429467086,,0.0296875,,"Cluster modelling was not run because the currently available feature set lacks the requested community, SEIFA and workforce inputs.",derived_from_local_curated_source
2025Q1,2025 Q1,2024-09-30,ndia_service_area,East Arnhem,0.5875,0.5875,-0.014999999999999923,0.024999999999999977,4,4,persistently low,insufficient history,insufficient history,,0.20219435736677116,,0.0078125,,"Cluster modelling was not run because the currently available feature set lacks the requested community, SEIFA and workforce inputs.",derived_from_local_curated_source
2025Q2,2025 Q2,2024-12-31,ndia_service_area,East Arnhem,0.5675,0.5740000000000001,-0.028999999999999988,0.039475730941090026,5,5,persistently low,insufficient history,insufficient history,,0.1865203761755486,,0.003125,,"Cluster modelling was not run because the currently available feature set lacks the requested community, SEIFA and workforce inputs.",derived_from_local_curated_source
2025Q3,2025 Q3,2025-03-31,ndia_service_area,East Arnhem,0.56,0.5733333333333334,-0.012,0.03366501646120692,6,6,persistently low,insufficient history,insufficient history,,0.19592476489028213,,0.01640625,,"Cluster modelling was not run because the currently available feature set lacks the requested community, SEIFA and workforce inputs.",funded_plan_context_only
2025Q4,2025 Q4,2025-06-30,ndia_service_area,East Arnhem,0.55,0.5714285714285714,0.007999999999999998,0.02160246899469285,7,7,persistently low,insufficient history,insufficient history,,0.25235109717868337,,0.01171875,,"Cluster modelling was not run because the currently available feature set lacks the requested community, SEIFA and workforce inputs.",funded_plan_context_only
2026Q1,2026 Q1,2025-09-30,ndia_service_area,East Arnhem,0.56,0.57375,0.02000000000000003,0.029439202887759443,8,8,persistently low,insufficient history,insufficient history,,0.3981191222570533,,0.021875,,"Cluster modelling was not run because the currently available feature set lacks the requested community, SEIFA and workforce inputs.",funded_plan_context_only
2024Q2,2024 Q2,2023-12-31,ndia_service_area,Eastern Adelaide,,,,,0,1,insufficient history,insufficient history,insufficient history,0.09682539682539683,0.8714733542319749,0.7,0.89375,,"Cluster modelling was not run because the currently available feature set lacks the requested community, SEIFA and workforce inputs.",insufficient_history
2024Q3,2024 Q3,2024-03-31,ndia_service_area,Eastern Adelaide,0.79,,,0.0,0,2,stable,insufficient history,insufficient history,0.10634920634920635,0.8887147335423198,,0.89375,,"Cluster modelling was not run because the currently available feature set lacks the requested community, SEIFA and workforce inputs.",derived_from_local_curated_source
2024Q4,2024 Q4,2024-06-30,ndia_service_area,Eastern Adelaide,0.79,,-7.86578352023717e-18,0.0,0,3,stable,insufficient history,insufficient history,0.1126984126984127,0.9153605015673981,,0.89375,,"Cluster modelling was not run because the currently available feature set lacks the requested community, SEIFA and workforce inputs.",derived_from_local_curated_source
2025Q1,2025 Q1,2024-09-30,ndia_service_area,Eastern Adelaide,0.7875000000000001,0.7875000000000001,-0.0029999999999999866,0.005000000000000023,0,0,stable,insufficient history,insufficient history,0.13333333333333333,0.932601880877743,,0.81640625,,"Cluster modelling was not run because the currently available feature set lacks the requested community, SEIFA and workforce inputs.",derived_from_local_curated_source
2025Q2,2025 Q2,2024-12-31,ndia_service_area,Eastern Adelaide,0.78,0.782,-0.010000000000000063,0.014142135623730982,0,1,deteriorating,insufficient history,insufficient history,0.15079365079365079,0.9028213166144201,,0.66484375,,"Cluster modelling was not run because the currently available feature set lacks the requested community, SEIFA and workforce inputs.",derived_from_local_curated_source
2025Q3,2025 Q3,2025-03-31,ndia_service_area,Eastern Adelaide,0.775,0.7799999999999999,-0.007999999999999986,0.012909944487358096,0,2,deteriorating,insufficient history,insufficient history,0.16507936507936508,0.9200626959247649,,0.740625,,"Cluster modelling was not run because the currently available feature set lacks the requested community, SEIFA and workforce inputs.",funded_plan_context_only
2025Q4,2025 Q4,2025-06-30,ndia_service_area,Eastern Adelaide,0.7675000000000001,0.7771428571428572,-0.004999999999999937,0.009574271077563437,0,3,stable,insufficient history,insufficient history,0.1746031746031746,0.9278996865203761,,0.66484375,,"Cluster modelling was not run because the currently available feature set lacks the requested community, SEIFA and workforce inputs.",funded_plan_context_only
2026Q1,2026 Q1,2025-09-30,ndia_service_area,Eastern Adelaide,0.76,0.77375,-0.003999999999999992,0.008164965809277376,0,4,stable,insufficient history,insufficient history,0.19682539682539682,0.9263322884012539,,0.57578125,,"Cluster modelling was not run because the currently available feature set lacks the requested community, SEIFA and workforce inputs.",funded_plan_context_only
2024Q2,2024 Q2,2023-12-31,ndia_service_area,Eyre and Western,,,,,1,1,insufficient history,insufficient history,insufficient history,0.5634920634920635,0.2084639498432602,0.5625,0.10546875,,"Cluster modelling was not run because the currently available feature set lacks the requested community, SEIFA and workforce inputs.",insufficient_history
2024Q3,2024 Q3,2024-03-31,ndia_service_area,Eyre and Western,0.67,,,0.0,2,2,stable,insufficient history,insufficient history,0.6015873015873016,0.22100313479623823,,0.10546875,,"Cluster modelling was not run because the currently available feature set lacks the requested community, SEIFA and workforce inputs.",derived_from_local_curated_source
2024Q4,2024 Q4,2024-06-30,ndia_service_area,Eyre and Western,0.6766666666666667,,0.009999999999999972,0.011547005383792478,3,3,recovering,insufficient history,insufficient history,0.6238095238095238,0.2554858934169279,,0.16015625,,"Cluster modelling was not run because the currently available feature set lacks the requested community, SEIFA and workforce inputs.",derived_from_local_curated_source
2025Q1,2025 Q1,2024-09-30,ndia_service_area,Eyre and Western,0.675,0.675,0.0019999999999998964,0.009999999999999966,4,4,persistently low,insufficient history,insufficient history,0.6603174603174603,0.27586206896551724,,0.10546875,,"Cluster modelling was not run because the currently available feature set lacks the requested community, SEIFA and workforce inputs.",derived_from_local_curated_source
2025Q2,2025 Q2,2024-12-31,ndia_service_area,Eyre and Western,0.67,0.67,-0.008000000000000035,0.016329931618554516,5,5,persistently low,insufficient history,insufficient history,0.7063492063492064,0.24608150470219436,,0.07109375,,"Cluster modelling was not run because the currently available feature set lacks the requested community, SEIFA and workforce inputs.",derived_from_local_curated_source
2025Q3,2025 Q3,2025-03-31,ndia_service_area,Eyre and Western,0.6625,0.665,-0.01700000000000002,0.02217355782608347,6,6,persistently low,insufficient history,insufficient history,0.7142857142857143,0.24921630094043887,,0.0578125,,"Cluster modelling was not run because the currently available feature set lacks the requested community, SEIFA and workforce inputs.",funded_plan_context_only
2025Q4,2025 Q4,2025-06-30,ndia_service_area,Eyre and Western,0.645,0.6585714285714286,-0.016000000000000056,0.020816659994661448,7,7,persistently low,insufficient history,insufficient history,0.726984126984127,0.26959247648902823,,0.04375,,"Cluster modelling was not run because the currently available feature set lacks the requested community, SEIFA and workforce inputs.",funded_plan_context_only
2026Q1,2026 Q1,2025-09-30,ndia_service_area,Eyre and Western,0.6275000000000001,0.65125,-0.01699999999999991,0.022173557826083597,8,8,persistently low,insufficient history,insufficient history,0.7476190476190476,0.2711598746081505,,0.0296875,,"Cluster modelling was not run because the currently available feature set lacks the requested community, SEIFA and workforce inputs.",funded_plan_context_only
2024Q2,2024 Q2,2023-12-31,ndia_service_area,Far North (SA),,,,,1,1,insufficient history,insufficient history,insufficient history,0.3396825396825397,0.13322884012539185,0.975,0.03671875,,"Cluster modelling was not run because the currently available feature set lacks the requested community, SEIFA and workforce inputs.",insufficient_history
2024Q3,2024 Q3,2024-03-31,ndia_service_area,Far North (SA),0.615,,,0.007071067811865481,2,2,stable,insufficient history,insufficient history,0.3968253968253968,0.18181818181818182,,0.04375,,"Cluster modelling was not run because the currently available feature set lacks the requested community, SEIFA and workforce inputs.",derived_from_local_curated_source
2024Q4,2024 Q4,2024-06-30,ndia_service_area,Far North (SA),0.6266666666666666,,0.02000000000000003,0.02081665999466133,3,3,recovering,insufficient history,insufficient history,0.3984126984126984,0.26802507836990597,,0.07109375,,"Cluster modelling was not run because the currently available feature set lacks the requested community, SEIFA and workforce inputs.",derived_from_local_curated_source
2025Q1,2025 Q1,2024-09-30,ndia_service_area,Far North (SA),0.6325000000000001,0.6325000000000001,0.015000000000000136,0.020615528128088294,4,4,persistently low,insufficient history,insufficient history,0.42063492063492064,0.20376175548589343,,0.07109375,,"Cluster modelling was not run because the currently available feature set lacks the requested community, SEIFA and workforce inputs.",derived_from_local_curated_source
2025Q2,2025 Q2,2024-12-31,ndia_service_area,Far North (SA),0.635,0.63,9.797343912125052e-17,0.017320508075688752,5,5,persistently low,insufficient history,insufficient history,0.44285714285714284,0.21316614420062696,,0.04375,,"Cluster modelling was not run because the currently available feature set lacks the requested community, SEIFA and workforce inputs.",derived_from_local_curated_source
2025Q3,2025 Q3,2025-03-31,ndia_service_area,Far North (SA),0.63,0.625,-0.01799999999999997,0.024494897427831803,6,6,persistently low,insufficient history,insufficient history,0.4714285714285714,0.1833855799373041,,0.0296875,,"Cluster modelling was not run because the currently available feature set lacks the requested community, SEIFA and workforce inputs.",funded_plan_context_only
2025Q4,2025 Q4,2025-06-30,ndia_service_area,Far North (SA),0.6225,0.6242857142857143,-0.010999999999999968,0.020615528128088385,7,7,persistently low,insufficient history,insufficient history,0.6111111111111112,0.1896551724137931,,0.04375,,"Cluster modelling was not run because the currently available feature set lacks the requested community, SEIFA and workforce inputs.",funded_plan_context_only
2026Q1,2026 Q1,2025-09-30,ndia_service_area,Far North (SA),0.61,0.62125,-0.003999999999999966,0.01154700538379285,8,8,persistently low,insufficient history,insufficient history,0.5920634920634921,0.1786833855799373,,0.0296875,,"Cluster modelling was not run because the currently available feature set lacks the requested community, SEIFA and workforce inputs.",funded_plan_context_only
2024Q2,2024 Q2,2023-12-31,ndia_service_area,Far West,,,,,1,1,insufficient history,insufficient history,insufficient history,0.6587301587301587,0.1724137931034483,0.8875,0.10546875,,"Cluster modelling was not run because the currently available feature set lacks the requested community, SEIFA and workforce inputs.",insufficient_history
2024Q3,2024 Q3,2024-03-31,ndia_service_area,Far West,0.67,,,0.0,2,2,stable,insufficient history,insufficient history,0.7158730158730159,0.18025078369905956,,0.10546875,,"Cluster modelling was not run because the currently available feature set lacks the requested community, SEIFA and workforce inputs.",derived_from_local_curated_source
2024Q4,2024 Q4,2024-06-30,ndia_service_area,Far West,0.6666666666666666,,-0.005000000000000019,0.005773502691896279,3,3,deteriorating,insufficient history,insufficient history,0.7238095238095238,0.2727272727272727,,0.0875,,"Cluster modelling was not run because the currently available feature set lacks the requested community, SEIFA and workforce inputs.",derived_from_local_curated_source
2025Q1,2025 Q1,2024-09-30,ndia_service_area,Far West,0.6575,0.6575,-0.01300000000000006,0.01892969448600096,4,4,persistently low,insufficient history,insufficient history,0.7571428571428571,0.19122257053291536,,0.0515625,,"Cluster modelling was not run because the currently available feature set lacks the requested community, SEIFA and workforce inputs.",derived_from_local_curated_source
2025Q2,2025 Q2,2024-12-31,ndia_service_area,Far West,0.65,0.654,-0.012000000000000018,0.01825741858350562,5,5,persistently low,insufficient history,insufficient history,0.7857142857142857,0.2617554858934169,,0.0578125,,"Cluster modelling was not run because the currently available feature set lacks the requested community, SEIFA and workforce inputs.",derived_from_local_curated_source
2025Q3,2025 Q3,2025-03-31,ndia_service_area,Far West,0.645,0.6533333333333333,-0.002000000000000045,0.012909944487358228,6,6,persistently low,insufficient history,insufficient history,0.8047619047619048,0.3181818181818182,,0.07109375,,"Cluster modelling was not run because the currently available feature set lacks the requested community, SEIFA and workforce inputs.",funded_plan_context_only
2025Q4,2025 Q4,2025-06-30,ndia_service_area,Far West,0.6425,0.6528571428571429,0.007000000000000068,0.009574271077563647,7,7,persistently low,insufficient history,insufficient history,0.8301587301587302,0.3887147335423197,,0.07109375,,"Cluster modelling was not run because the currently available feature set lacks the requested community, SEIFA and workforce inputs.",funded_plan_context_only
2026Q1,2026 Q1,2025-09-30,ndia_service_area,Far West,0.6475,0.6525000000000001,0.0029999999999999628,0.005000000000000443,8,8,persistently low,insufficient history,insufficient history,0.8333333333333334,0.49216300940438873,,0.07109375,,"Cluster modelling was not run because the currently available feature set lacks the requested community, SEIFA and workforce inputs.",funded_plan_context_only
2024Q2,2024 Q2,2023-12-31,ndia_service_area,Fleurieu and Kangaroo Island,,,,,1,1,insufficient history,insufficient history,insufficient history,0.4492063492063492,0.2664576802507837,0.8625,0.47890625,,"Cluster modelling was not run because the currently available feature set lacks the requested community, SEIFA and workforce inputs.",insufficient_history
2024Q3,2024 Q3,2024-03-31,ndia_service_area,Fleurieu and Kangaroo Island,0.74,,,0.0,2,2,stable,insufficient history,insufficient history,0.5015873015873016,0.23197492163009403,,0.47890625,,"Cluster modelling was not run because the currently available feature set lacks the requested community, SEIFA and workforce inputs.",derived_from_local_curated_source
2024Q4,2024 Q4,2024-06-30,ndia_service_area,Fleurieu and Kangaroo Island,0.74,,4.8749466345785125e-17,0.0,3,3,stable,insufficient history,insufficient history,0.5349206349206349,0.25391849529780564,,0.47890625,,"Cluster modelling was not run because the currently available feature set lacks the requested community, SEIFA and workforce inputs.",derived_from_local_curated_source
2025Q1,2025 Q1,2024-09-30,ndia_service_area,Fleurieu and Kangaroo Island,0.735,0.735,-0.005999999999999989,0.010000000000000009,4,4,persistently low,insufficient history,insufficient history,0.6047619047619047,0.22727272727272727,,0.32734375,,"Cluster modelling was not run because the currently available feature set lacks the requested community, SEIFA and workforce inputs.",derived_from_local_curated_source
2025Q2,2025 Q2,2024-12-31,ndia_service_area,Fleurieu and Kangaroo Island,0.7250000000000001,0.728,-0.013999999999999988,0.01914854215512677,5,5,persistently low,insufficient history,insufficient history,0.665079365079365,0.2445141065830721,,0.20625,,"Cluster modelling was not run because the currently available feature set lacks the requested community, SEIFA and workforce inputs.",derived_from_local_curated_source
2025Q3,2025 Q3,2025-03-31,ndia_service_area,Fleurieu and Kangaroo Island,0.715,0.7233333333333333,-0.014000000000000073,0.01914854215512677,6,6,persistently low,insufficient history,insufficient history,0.7047619047619048,0.25705329153605017,,0.20625,,"Cluster modelling was not run because the currently available feature set lacks the requested community, SEIFA and workforce inputs.",funded_plan_context_only
2025Q4,2025 Q4,2025-06-30,ndia_service_area,Fleurieu and Kangaroo Island,0.7050000000000001,0.72,-0.006000000000000011,0.010000000000000009,7,7,persistently low,insufficient history,insufficient history,0.7317460317460317,0.329153605015674,,0.20625,,"Cluster modelling was not run because the currently available feature set lacks the requested community, SEIFA and workforce inputs.",funded_plan_context_only
2026Q1,2026 Q1,2025-09-30,ndia_service_area,Fleurieu and Kangaroo Island,0.7,0.7175,3.354800693505363e-17,0.0,8,8,persistently low,insufficient history,insufficient history,0.7714285714285715,0.3683385579937304,,0.20625,,"Cluster modelling was not run because the currently available feature set lacks the requested community, SEIFA and workforce inputs.",funded_plan_context_only
2024Q2,2024 Q2,2023-12-31,ndia_service_area,Goldfields-Esperance,,,,,1,1,insufficient history,insufficient history,insufficient history,0.04285714285714286,0.41849529780564265,0.9,0.10546875,,"Cluster modelling was not run because the currently available feature set lacks the requested community, SEIFA and workforce inputs.",insufficient_history
2024Q3,2024 Q3,2024-03-31,ndia_service_area,Goldfields-Esperance,0.66,,,0.014142135623730963,2,2,stable,insufficient history,insufficient history,0.05873015873015873,0.43103448275862066,,0.07109375,,"Cluster modelling was not run because the currently available feature set lacks the requested community, SEIFA and workforce inputs.",derived_from_local_curated_source
2024Q4,2024 Q4,2024-06-30,ndia_service_area,Goldfields-Esperance,0.6666666666666666,,0.00499999999999998,0.015275252316519468,3,3,stable,insufficient history,insufficient history,0.06666666666666667,0.47962382445141066,,0.12890625,,"Cluster modelling was not run because the currently available feature set lacks the requested community, SEIFA and workforce inputs.",derived_from_local_curated_source
2025Q1,2025 Q1,2024-09-30,ndia_service_area,Goldfields-Esperance,0.6675,0.6675,0.003000000000000061,0.012583057392117914,4,4,persistently low,insufficient history,insufficient history,0.0761904761904762,0.5235109717868338,,0.10546875,,"Cluster modelling was not run because the currently available feature set lacks the requested community, SEIFA and workforce inputs.",derived_from_local_curated_source
2025Q2,2025 Q2,2024-12-31,ndia_service_area,Goldfields-Esperance,0.6625000000000001,0.664,-0.0010000000000000067,0.01500000000000002,5,5,persistently low,insufficient history,insufficient history,0.09206349206349207,0.6410658307210031,,0.07109375,,"Cluster modelling was not run because the currently available feature set lacks the requested community, SEIFA and workforce inputs.",derived_from_local_curated_source
2025Q3,2025 Q3,2025-03-31,ndia_service_area,Goldfields-Esperance,0.665,0.6633333333333334,-0.007999999999999946,0.01290994448735806,6,6,persistently low,insufficient history,insufficient history,0.10317460317460317,0.6927899686520376,,0.0875,,"Cluster modelling was not run because the currently available feature set lacks the requested community, SEIFA and workforce inputs.",funded_plan_context_only
2025Q4,2025 Q4,2025-06-30,ndia_service_area,Goldfields-Esperance,0.6575000000000001,0.6614285714285714,-0.004999999999999956,0.009574271077563371,7,7,persistently low,insufficient history,insufficient history,0.1253968253968254,0.7789968652037618,,0.07109375,,"Cluster modelling was not run because the currently available feature set lacks the requested community, SEIFA and workforce inputs.",funded_plan_context_only
2026Q1,2026 Q1,2025-09-30,ndia_service_area,Goldfields-Esperance,0.655,0.66125,0.0019999999999999797,0.005773502691896197,8,8,persistently low,insufficient history,insufficient history,0.1349206349206349,0.8432601880877743,,0.0875,,"Cluster modelling was not run because the currently available feature set lacks the requested community, SEIFA and workforce inputs.",funded_plan_context_only
2024Q2,2024 Q2,2023-12-31,ndia_service_area,Goulburn,,,,,1,1,insufficient history,insufficient history,insufficient history,0.5079365079365079,0.12539184952978055,0.675,0.47890625,,"Cluster modelling was not run because the currently available feature set lacks the requested community, SEIFA and workforce inputs.",insufficient_history
2024Q3,2024 Q3,2024-03-31,ndia_service_area,Goulburn,0.74,,,0.0,2,2,stable,insufficient history,insufficient history,0.5523809523809524,0.164576802507837,,0.47890625,,"Cluster modelling was not run because the currently available feature set lacks the requested community, SEIFA and workforce inputs.",derived_from_local_curated_source
2024Q4,2024 Q4,2024-06-30,ndia_service_area,Goulburn,0.74,,4.8749466345785125e-17,0.0,3,3,stable,insufficient history,insufficient history,0.6142857142857143,0.1755485893416928,,0.47890625,,"Cluster modelling was not run because the currently available feature set lacks the requested community, SEIFA and workforce inputs.",derived_from_local_curated_source
2025Q1,2025 Q1,2024-09-30,ndia_service_area,Goulburn,0.7375,0.7375,-0.003000000000000061,0.005000000000000023,4,4,persistently low,insufficient history,insufficient history,0.6968253968253968,0.1677115987460815,,0.39296875,,"Cluster modelling was not run because the currently available feature set lacks the requested community, SEIFA and workforce inputs.",derived_from_local_curated_source
2025Q2,2025 Q2,2024-12-31,ndia_service_area,Goulburn,0.73,0.732,-0.009999999999999988,0.014142135623730982,5,5,persistently low,insufficient history,insufficient history,0.780952380952381,0.10815047021943573,,0.2671875,,"Cluster modelling was not run because the currently available feature set lacks the requested community, SEIFA and workforce inputs.",derived_from_local_curated_source
2025Q3,2025 Q3,2025-03-31,ndia_service_area,Goulburn,0.7224999999999999,0.7283333333333334,-0.011000000000000034,0.015000000000000051,6,6,persistently low,insufficient history,insufficient history,0.8269841269841269,0.13009404388714735,,0.2671875,,"Cluster modelling was not run because the currently available feature set lacks the requested community, SEIFA and workforce inputs.",funded_plan_context_only
2025Q4,2025 Q4,2025-06-30,ndia_service_area,Goulburn,0.7149999999999999,0.7257142857142858,-0.0060000000000000235,0.0100000000000001,7,7,persistently low,insufficient history,insufficient history,0.8571428571428571,0.15203761755485892,,0.2671875,,"Cluster modelling was not run because the currently available feature set lacks the requested community, SEIFA and workforce inputs.",funded_plan_context_only
2026Q1,2026 Q1,2025-09-30,ndia_service_area,Goulburn,0.7075,0.7224999999999999,-0.0029999999999999953,0.005000000000000023,8,8,persistently low,insufficient history,insufficient history,0.8952380952380953,0.16300940438871472,,0.20625,,"Cluster modelling was not run because the currently available feature set lacks the requested community, SEIFA and workforce inputs.",funded_plan_context_only
2024Q2,2024 Q2,2023-12-31,ndia_service_area,Great Southern,,,,,1,1,insufficient history,insufficient history,insufficient history,0.12698412698412698,0.09717868338557993,0.625,0.12890625,,"Cluster modelling was not run because the currently available feature set lacks the requested community, SEIFA and workforce inputs.",insufficient_history
2024Q3,2024 Q3,2024-03-31,ndia_service_area,Great Southern,0.685,,,0.0070710678118653635,2,2,stable,insufficient history,insufficient history,0.14126984126984127,0.11598746081504702,,0.16015625,,"Cluster modelling was not run because the currently available feature set lacks the requested community, SEIFA and workforce inputs.",derived_from_local_curated_source
2024Q4,2024 Q4,2024-06-30,ndia_service_area,Great Southern,0.69,,0.009999999999999907,0.009999999999999898,3,3,recovering,insufficient history,insufficient history,0.16031746031746033,0.08934169278996865,,0.20625,,"Cluster modelling was not run because the currently available feature set lacks the requested community, SEIFA and workforce inputs.",derived_from_local_curated_source
2025Q1,2025 Q1,2024-09-30,ndia_service_area,Great Southern,0.6875,0.6875,0.0009999999999999946,0.009574271077563304,4,4,persistently low,insufficient history,insufficient history,0.20317460317460317,0.06739811912225706,,0.12890625,,"Cluster modelling was not run because the currently available feature set lacks the requested community, SEIFA and workforce inputs.",derived_from_local_curated_source
2025Q2,2025 Q2,2024-12-31,ndia_service_area,Great Southern,0.6849999999999999,0.6839999999999999,-0.007999999999999962,0.012909944487357971,5,5,persistently low,insufficient history,insufficient history,0.23015873015873015,0.05329153605015674,,0.10546875,,"Cluster modelling was not run because the currently available feature set lacks the requested community, SEIFA and workforce inputs.",derived_from_local_curated_source
2025Q3,2025 Q3,2025-03-31,ndia_service_area,Great Southern,0.6799999999999999,0.6816666666666666,-0.009999999999999995,0.014142135623730838,6,6,persistently low,insufficient history,insufficient history,0.2523809523809524,0.054858934169279,,0.10546875,,"Cluster modelling was not run because the currently available feature set lacks the requested community, SEIFA and workforce inputs.",funded_plan_context_only
2025Q4,2025 Q4,2025-06-30,ndia_service_area,Great Southern,0.67,0.6785714285714286,-0.00600000000000001,0.008164965809276977,7,7,persistently low,insufficient history,insufficient history,0.273015873015873,0.11128526645768025,,0.0875,,"Cluster modelling was not run because the currently available feature set lacks the requested community, SEIFA and workforce inputs.",funded_plan_context_only
2026Q1,2026 Q1,2025-09-30,ndia_service_area,Great Southern,0.665,0.67625,-0.0039999999999999,0.005773502691895708,8,8,persistently low,insufficient history,insufficient history,0.3,0.14733542319749215,,0.0875,,"Cluster modelling was not run because the currently available feature set lacks the requested community, SEIFA and workforce inputs.",funded_plan_context_only
2024Q2,2024 Q2,2023-12-31,ndia_service_area,Hume Moreland,,,,,0,0,insufficient history,insufficient history,insufficient history,0.9888888888888889,0.3072100313479624,0.725,0.95859375,,"Cluster modelling was not run because the currently available feature set lacks the requested community, SEIFA and workforce inputs.",insufficient_history
2024Q3,2024 Q3,2024-03-31,ndia_service_area,Hume Moreland,0.81,,,0.0,0,0,consistently high,insufficient history,insufficient history,0.9904761904761905,0.31974921630094044,,0.95859375,,"Cluster modelling was not run because the currently available feature set lacks the requested community, SEIFA and workforce inputs.",derived_from_local_curated_source
2024Q4,2024 Q4,2024-06-30,ndia_service_area,Hume Moreland,0.81,,-1.5969535087467613e-17,0.0,0,0,consistently high,insufficient history,insufficient history,0.9920634920634921,0.3620689655172414,,0.95859375,,"Cluster modelling was not run because the currently available feature set lacks the requested community, SEIFA and workforce inputs.",derived_from_local_curated_source
2025Q1,2025 Q1,2024-09-30,ndia_service_area,Hume Moreland,0.805,0.805,-0.0059999999999999975,0.010000000000000009,0,0,deteriorating,insufficient history,insufficient history,0.9936507936507937,0.39184952978056425,,0.89375,,"Cluster modelling was not run because the currently available feature set lacks the requested community, SEIFA and workforce inputs.",derived_from_local_curated_source
2025Q2,2025 Q2,2024-12-31,ndia_service_area,Hume Moreland,0.7975000000000001,0.8,-0.01099999999999998,0.014999999999999989,0,0,deteriorating,insufficient history,insufficient history,0.9952380952380953,0.3761755485893417,,0.81640625,,"Cluster modelling was not run because the currently available feature set lacks the requested community, SEIFA and workforce inputs.",derived_from_local_curated_source
2025Q3,2025 Q3,2025-03-31,ndia_service_area,Hume Moreland,0.7925,0.7983333333333333,-0.007000000000000037,0.012583057392117876,0,0,deteriorating,insufficient history,insufficient history,0.9968253968253968,0.42946708463949845,,0.89375,,"Cluster modelling was not run because the currently available feature set lacks the requested community, SEIFA and workforce inputs.",funded_plan_context_only
2025Q4,2025 Q4,2025-06-30,ndia_service_area,Hume Moreland,0.7875000000000001,0.7971428571428572,0.0010000000000000206,0.004999999999999802,0,0,consistently high,insufficient history,insufficient history,0.9984126984126984,0.49059561128526646,,0.89375,,"Cluster modelling was not run because the currently available feature set lacks the requested community, SEIFA and workforce inputs.",funded_plan_context_only
2026Q1,2026 Q1,2025-09-30,ndia_service_area,Hume Moreland,0.785,0.795,2.528900667667612e-17,0.0057735026918960455,0,0,consistently high,insufficient history,insufficient history,1.0,0.5156739811912225,,0.81640625,,"Cluster modelling was not run because the currently available feature set lacks the requested community, SEIFA and workforce inputs.",funded_plan_context_only
2024Q2,2024 Q2,2023-12-31,ndia_service_area,Hunter New England,,,,,0,0,insufficient history,insufficient history,insufficient history,0.719047619047619,0.567398119122257,0.025,0.81640625,,"Cluster modelling was not run because the currently available feature set lacks the requested community, SEIFA and workforce inputs.",insufficient_history
2024Q3,2024 Q3,2024-03-31,ndia_service_area,Hunter New England,0.78,,,0.0,0,0,stable,insufficient history,insufficient history,0.7603174603174603,0.5736677115987461,,0.81640625,,"Cluster modelling was not run because the currently available feature set lacks the requested community, SEIFA and workforce inputs.",derived_from_local_curated_source
2024Q4,2024 Q4,2024-06-30,ndia_service_area,Hunter New England,0.78,,-3.165106823279971e-17,0.0,0,0,stable,insufficient history,insufficient history,0.7793650793650794,0.6144200626959248,,0.81640625,,"Cluster modelling was not run because the currently available feature set lacks the requested community, SEIFA and workforce inputs.",derived_from_local_curated_source
2025Q1,2025 Q1,2024-09-30,ndia_service_area,Hunter New England,0.7775000000000001,0.7775000000000001,-0.003000000000000025,0.005000000000000023,0,0,stable,insufficient history,insufficient history,0.8206349206349206,0.5909090909090909,,0.740625,,"Cluster modelling was not run because the currently available feature set lacks the requested community, SEIFA and workforce inputs.",derived_from_local_curated_source
2025Q2,2025 Q2,2024-12-31,ndia_service_area,Hunter New England,0.77,0.772,-0.009999999999999993,0.014142135623730982,0,0,deteriorating,insufficient history,insufficient history,0.8634920634920635,0.5626959247648903,,0.57578125,,"Cluster modelling was not run because the currently available feature set lacks the requested community, SEIFA and workforce inputs.",derived_from_local_curated_source
2025Q3,2025 Q3,2025-03-31,ndia_service_area,Hunter New England,0.7625,0.7683333333333334,-0.011,0.015000000000000051,1,0,deteriorating,insufficient history,insufficient history,0.8777777777777778,0.6206896551724138,,0.57578125,,"Cluster modelling was not run because the currently available feature set lacks the requested community, SEIFA and workforce inputs.",funded_plan_context_only
2025Q4,2025 Q4,2025-06-30,ndia_service_area,Hunter New England,0.7575,0.7671428571428571,-0.0029999999999999714,0.009574271077563477,0,0,stable,insufficient history,insufficient history,0.9015873015873016,0.658307210031348,,0.66484375,,"Cluster modelling was not run because the currently available feature set lacks the requested community, SEIFA and workforce inputs.",funded_plan_context_only
2026Q1,2026 Q1,2025-09-30,ndia_service_area,Hunter New England,0.7525,0.765,0.0009999999999999773,0.0050000000000002464,0,0,stable,insufficient history,insufficient history,0.9238095238095239,0.670846394984326,,0.57578125,,"Cluster modelling was not run because the currently available feature set lacks the requested community, SEIFA and workforce inputs.",funded_plan_context_only
2024Q2,2024 Q2,2023-12-31,ndia_service_area,Illawarra Shoalhaven,,,,,0,0,insufficient history,insufficient history,insufficient history,0.3952380952380952,0.7147335423197492,0.2,0.89375,,"Cluster modelling was not run because the currently available feature set lacks the requested community, SEIFA and workforce inputs.",insufficient_history
2024Q3,2024 Q3,2024-03-31,ndia_service_area,Illawarra Shoalhaven,0.79,,,0.0,0,0,stable,insufficient history,insufficient history,0.43333333333333335,0.731974921630094,,0.89375,,"Cluster modelling was not run because the currently available feature set lacks the requested community, SEIFA and workforce inputs.",derived_from_local_curated_source
2024Q4,2024 Q4,2024-06-30,ndia_service_area,Illawarra Shoalhaven,0.79,,-7.86578352023717e-18,0.0,0,0,stable,insufficient history,insufficient history,0.44761904761904764,0.7429467084639498,,0.89375,,"Cluster modelling was not run because the currently available feature set lacks the requested community, SEIFA and workforce inputs.",derived_from_local_curated_source
2025Q1,2025 Q1,2024-09-30,ndia_service_area,Illawarra Shoalhaven,0.785,0.785,-0.006000000000000021,0.010000000000000009,0,0,deteriorating,insufficient history,insufficient history,0.48253968253968255,0.7351097178683386,,0.740625,,"Cluster modelling was not run because the currently available feature set lacks the requested community, SEIFA and workforce inputs.",derived_from_local_curated_source
2025Q2,2025 Q2,2024-12-31,ndia_service_area,Illawarra Shoalhaven,0.775,0.778,-0.013999999999999955,0.01914854215512677,0,0,deteriorating,insufficient history,insufficient history,0.5158730158730159,0.7068965517241379,,0.57578125,,"Cluster modelling was not run because the currently available feature set lacks the requested community, SEIFA and workforce inputs.",derived_from_local_curated_source
2025Q3,2025 Q3,2025-03-31,ndia_service_area,Illawarra Shoalhaven,0.7675000000000001,0.775,-0.010999999999999937,0.01707825127659934,0,0,deteriorating,insufficient history,insufficient history,0.5412698412698412,0.7304075235109718,,0.66484375,,"Cluster modelling was not run because the currently available feature set lacks the requested community, SEIFA and workforce inputs.",funded_plan_context_only
2025Q4,2025 Q4,2025-06-30,ndia_service_area,Illawarra Shoalhaven,0.76,0.7728571428571429,-0.002000000000000018,0.008164965809277341,0,0,stable,insufficient history,insufficient history,0.5619047619047619,0.7836990595611285,,0.66484375,,"Cluster modelling was not run because the currently available feature set lacks the requested community, SEIFA and workforce inputs.",funded_plan_context_only
2026Q1,2026 Q1,2025-09-30,ndia_service_area,Illawarra Shoalhaven,0.755,0.77,-3.108858887472227e-17,0.005773502691896496,0,0,stable,insufficient history,insufficient history,0.580952380952381,0.7884012539184952,,0.57578125,,"Cluster modelling was not run because the currently available feature set lacks the requested community, SEIFA and workforce inputs.",funded_plan_context_only
2024Q2,2024 Q2,2023-12-31,ndia_service_area,Inner East Melbourne,,,,,1,1,insufficient history,insufficient history,insufficient history,0.047619047619047616,0.7946708463949843,0.5375,0.740625,,"Cluster modelling was not run because the currently available feature set lacks the requested community, SEIFA and workforce inputs.",insufficient_history
2024Q3,2024 Q3,2024-03-31,ndia_service_area,Inner East Melbourne,0.775,,,0.007071067811865481,0,2,stable,insufficient history,insufficient history,0.05555555555555555,0.8150470219435737,,0.81640625,,"Cluster modelling was not run because the currently available feature set lacks the requested community, SEIFA and workforce inputs.",derived_from_local_curated_source
2024Q4,2024 Q4,2024-06-30,ndia_service_area,Inner East Melbourne,0.7799999999999999,,0.009999999999999988,0.010000000000000009,0,3,recovering,insufficient history,insufficient history,0.06190476190476191,0.8134796238244514,,0.89375,,"Cluster modelling was not run because the currently available feature set lacks the requested community, SEIFA and workforce inputs.",derived_from_local_curated_source
2025Q1,2025 Q1,2024-09-30,ndia_service_area,Inner East Melbourne,0.7775000000000001,0.7775000000000001,0.001000000000000024,0.009574271077563399,0,4,stable,insufficient history,insufficient history,0.07301587301587302,0.829153605015674,,0.740625,,"Cluster modelling was not run because the currently available feature set lacks the requested community, SEIFA and workforce inputs.",derived_from_local_curated_source
2025Q2,2025 Q2,2024-12-31,ndia_service_area,Inner East Melbourne,0.7725,0.772,-0.011000000000000062,0.017078251276599378,0,5,deteriorating,insufficient history,insufficient history,0.08095238095238096,0.7711598746081505,,0.57578125,,"Cluster modelling was not run because the currently available feature set lacks the requested community, SEIFA and workforce inputs.",derived_from_local_curated_source
2025Q3,2025 Q3,2025-03-31,ndia_service_area,Inner East Melbourne,0.7675,0.77,-0.010999999999999937,0.017078251276599406,0,6,deteriorating,insufficient history,insufficient history,0.0873015873015873,0.7821316614420063,,0.66484375,,"Cluster modelling was not run because the currently available feature set lacks the requested community, SEIFA and workforce inputs.",funded_plan_context_only
2025Q4,2025 Q4,2025-06-30,ndia_service_area,Inner East Melbourne,0.76,0.7685714285714286,-0.002000000000000018,0.008164965809277476,0,7,stable,insufficient history,insufficient history,0.08888888888888889,0.8260188087774295,,0.66484375,,"Cluster modelling was not run because the currently available feature set lacks the requested community, SEIFA and workforce inputs.",funded_plan_context_only
2026Q1,2026 Q1,2025-09-30,ndia_service_area,Inner East Melbourne,0.7525,0.765,-0.0029999999999999884,0.0095742710775637,0,8,stable,insufficient history,insufficient history,0.10158730158730159,0.8181818181818182,,0.47890625,,"Cluster modelling was not run because the currently available feature set lacks the requested community, SEIFA and workforce inputs.",funded_plan_context_only
2024Q2,2024 Q2,2023-12-31,ndia_service_area,Inner Gippsland,,,,,1,1,insufficient history,insufficient history,insufficient history,0.6222222222222222,0.23667711598746083,0.2875,0.66484375,,"Cluster modelling was not run because the currently available feature set lacks the requested community, SEIFA and workforce inputs.",insufficient_history
2024Q3,2024 Q3,2024-03-31,ndia_service_area,Inner Gippsland,0.76,,,0.0,2,2,stable,insufficient history,insufficient history,0.680952380952381,0.23510971786833856,,0.66484375,,"Cluster modelling was not run because the currently available feature set lacks the requested community, SEIFA and workforce inputs.",derived_from_local_curated_source
2024Q4,2024 Q4,2024-06-30,ndia_service_area,Inner Gippsland,0.7566666666666667,,-0.0050000000000000626,0.005773502691896279,3,3,deteriorating,insufficient history,insufficient history,0.707936507936508,0.26332288401253917,,0.57578125,,"Cluster modelling was not run because the currently available feature set lacks the requested community, SEIFA and workforce inputs.",derived_from_local_curated_source
2025Q1,2025 Q1,2024-09-30,ndia_service_area,Inner Gippsland,0.7525,0.7525,-0.006999999999999953,0.00957427107756342,4,4,persistently low,insufficient history,insufficient history,0.7619047619047619,0.26489028213166144,,0.47890625,,"Cluster modelling was not run because the currently available feature set lacks the requested community, SEIFA and workforce inputs.",derived_from_local_curated_source
2025Q2,2025 Q2,2024-12-31,ndia_service_area,Inner Gippsland,0.7450000000000001,0.748,-0.009999999999999974,0.012909944487358159,5,5,persistently low,insufficient history,insufficient history,0.8238095238095238,0.19278996865203762,,0.39296875,,"Cluster modelling was not run because the currently available feature set lacks the requested community, SEIFA and workforce inputs.",derived_from_local_curated_source
2025Q3,2025 Q3,2025-03-31,ndia_service_area,Inner Gippsland,0.7375,0.745,-0.006999999999999997,0.009574271077563604,6,6,persistently low,insufficient history,insufficient history,0.861904761904762,0.19905956112852666,,0.39296875,,"Cluster modelling was not run because the currently available feature set lacks the requested community, SEIFA and workforce inputs.",funded_plan_context_only
2025Q4,2025 Q4,2025-06-30,ndia_service_area,Inner Gippsland,0.73,0.7414285714285713,-0.005999999999999993,0.008164965809277572,7,7,persistently low,insufficient history,insufficient history,0.8904761904761904,0.21473354231974923,,0.32734375,,"Cluster modelling was not run because the currently available feature set lacks the requested community, SEIFA and workforce inputs.",funded_plan_context_only
2026Q1,2026 Q1,2025-09-30,ndia_service_area,Inner Gippsland,0.72,0.73625,-0.010000000000000014,0.01414213562373115,8,8,persistently low,insufficient history,insufficient history,0.9206349206349206,0.21003134796238246,,0.20625,,"Cluster modelling was not run because the currently available feature set lacks the requested community, SEIFA and workforce inputs.",funded_plan_context_only
2024Q2,2024 Q2,2023-12-31,ndia_service_area,Ipswich,,,,,0,0,insufficient history,insufficient history,insufficient history,0.573015873015873,0.5,0.7875,0.81640625,,"Cluster modelling was not run because the currently available feature set lacks the requested community, SEIFA and workforce inputs.",insufficient_history
2024Q3,2024 Q3,2024-03-31,ndia_service_area,Ipswich,0.78,,,0.0,0,0,stable,insufficient history,insufficient history,0.6253968253968254,0.5219435736677116,,0.81640625,,"Cluster modelling was not run because the currently available feature set lacks the requested community, SEIFA and workforce inputs.",derived_from_local_curated_source
2024Q4,2024 Q4,2024-06-30,ndia_service_area,Ipswich,0.78,,-3.165106823279971e-17,0.0,0,0,stable,insufficient history,insufficient history,0.6634920634920635,0.542319749216301,,0.81640625,,"Cluster modelling was not run because the currently available feature set lacks the requested community, SEIFA and workforce inputs.",derived_from_local_curated_source
2025Q1,2025 Q1,2024-09-30,ndia_service_area,Ipswich,0.775,0.775,-0.005999999999999999,0.010000000000000009,1,0,deteriorating,insufficient history,insufficient history,0.7301587301587301,0.5078369905956113,,0.66484375,,"Cluster modelling was not run because the currently available feature set lacks the requested community, SEIFA and workforce inputs.",derived_from_local_curated_source
2025Q2,2025 Q2,2024-12-31,ndia_service_area,Ipswich,0.7650000000000001,0.768,-0.01400000000000004,0.01914854215512677,2,0,deteriorating,insufficient history,insufficient history,0.7904761904761904,0.4780564263322884,,0.47890625,,"Cluster modelling was not run because the currently available feature set lacks the requested community, SEIFA and workforce inputs.",derived_from_local_curated_source
2025Q3,2025 Q3,2025-03-31,ndia_service_area,Ipswich,0.755,0.7633333333333333,-0.01399999999999999,0.01914854215512677,3,0,deteriorating,insufficient history,insufficient history,0.8142857142857143,0.5031347962382445,,0.47890625,,"Cluster modelling was not run because the currently available feature set lacks the requested community, SEIFA and workforce inputs.",funded_plan_context_only
2025Q4,2025 Q4,2025-06-30,ndia_service_area,Ipswich,0.7450000000000001,0.76,-0.005999999999999997,0.010000000000000009,4,0,persistently low,insufficient history,insufficient history,0.8492063492063492,0.5658307210031348,,0.47890625,,"Cluster modelling was not run because the currently available feature set lacks the requested community, SEIFA and workforce inputs.",funded_plan_context_only
2026Q1,2026 Q1,2025-09-30,ndia_service_area,Ipswich,0.7375,0.75625,-0.003000000000000061,0.005000000000000023,5,0,persistently low,insufficient history,insufficient history,0.8746031746031746,0.6159874608150471,,0.39296875,,"Cluster modelling was not run because the currently available feature set lacks the requested community, SEIFA and workforce inputs.",funded_plan_context_only
2024Q2,2024 Q2,2023-12-31,ndia_service_area,Katherine,,,,,0,0,insufficient history,insufficient history,insufficient history,0.6317460317460317,0.9780564263322884,0.9875,0.89375,,"Cluster modelling was not run because the currently available feature set lacks the requested community, SEIFA and workforce inputs.",insufficient_history
2024Q3,2024 Q3,2024-03-31,ndia_service_area,Katherine,0.79,,,0.0,0,0,stable,insufficient history,insufficient history,0.753968253968254,0.9764890282131662,,0.89375,,"Cluster modelling was not run because the currently available feature set lacks the requested community, SEIFA and workforce inputs.",derived_from_local_curated_source
2024Q4,2024 Q4,2024-06-30,ndia_service_area,Katherine,0.7966666666666667,,0.009999999999999966,0.011547005383792509,0,0,recovering,insufficient history,insufficient history,0.8063492063492064,0.9796238244514106,,0.95859375,,"Cluster modelling was not run because the currently available feature set lacks the requested community, SEIFA and workforce inputs.",derived_from_local_curated_source
2025Q1,2025 Q1,2024-09-30,ndia_service_area,Katherine,0.8,0.8,0.007999999999999986,0.011547005383792509,0,0,recovering,insufficient history,insufficient history,0.8253968253968254,0.9811912225705329,,0.95859375,,"Cluster modelling was not run because the currently available feature set lacks the requested community, SEIFA and workforce inputs.",derived_from_local_curated_source
2025Q2,2025 Q2,2024-12-31,ndia_service_area,Katherine,0.8075,0.804,0.008999999999999985,0.012583057392117894,0,0,recovering,insufficient history,insufficient history,0.8444444444444444,0.9858934169278997,,0.98046875,,"Cluster modelling was not run because the currently available feature set lacks the requested community, SEIFA and workforce inputs.",derived_from_local_curated_source
2025Q3,2025 Q3,2025-03-31,ndia_service_area,Katherine,0.8175,0.8083333333333332,0.007000000000000009,0.009574271077563347,0,0,recovering,insufficient history,insufficient history,0.9079365079365079,0.9843260188087775,,0.98984375,,"Cluster modelling was not run because the currently available feature set lacks the requested community, SEIFA and workforce inputs.",funded_plan_context_only
2025Q4,2025 Q4,2025-06-30,ndia_service_area,Katherine,0.8175,0.8085714285714286,0.0010000000000000649,0.009574271077563347,0,0,consistently high,insufficient history,insufficient history,0.9317460317460318,0.9827586206896551,,0.95859375,,"Cluster modelling was not run because the currently available feature set lacks the requested community, SEIFA and workforce inputs.",funded_plan_context_only
2026Q1,2026 Q1,2025-09-30,ndia_service_area,Katherine,0.7925,0.79625,-0.03499999999999994,0.055602757725374256,1,0,deteriorating,insufficient history,insufficient history,0.8873015873015873,0.987460815047022,,0.2671875,,"Cluster modelling was not run because the currently available feature set lacks the requested community, SEIFA and workforce inputs.",funded_plan_context_only
2024Q2,2024 Q2,2023-12-31,ndia_service_area,Kimberley-Pilbara,,,,,1,1,insufficient history,insufficient history,insufficient history,0.050793650793650794,0.6316614420062696,0.775,0.2671875,,"Cluster modelling was not run because the currently available feature set lacks the requested community, SEIFA and workforce inputs.",insufficient_history
2024Q3,2024 Q3,2024-03-31,ndia_service_area,Kimberley-Pilbara,0.715,,,0.007071067811865481,2,2,stable,insufficient history,insufficient history,0.06825396825396825,0.6598746081504702,,0.32734375,,"Cluster modelling was not run because the currently available feature set lacks the requested community, SEIFA and workforce inputs.",derived_from_local_curated_source
2024Q4,2024 Q4,2024-06-30,ndia_service_area,Kimberley-Pilbara,0.7166666666666667,,0.005000000000000067,0.0057735026918962545,3,3,recovering,insufficient history,insufficient history,0.07777777777777778,0.6849529780564263,,0.32734375,,"Cluster modelling was not run because the currently available feature set lacks the requested community, SEIFA and workforce inputs.",derived_from_local_curated_source
2025Q1,2025 Q1,2024-09-30,ndia_service_area,Kimberley-Pilbara,0.715,0.715,-1.2443091379519038e-17,0.005773502691896263,4,4,persistently low,insufficient history,insufficient history,0.08412698412698413,0.7695924764890282,,0.2671875,,"Cluster modelling was not run because the currently available feature set lacks the requested community, SEIFA and workforce inputs.",derived_from_local_curated_source
2025Q2,2025 Q2,2024-12-31,ndia_service_area,Kimberley-Pilbara,0.71,0.71,-0.010000000000000014,0.01414213562373097,5,5,persistently low,insufficient history,insufficient history,0.1,0.8275862068965517,,0.16015625,,"Cluster modelling was not run because the currently available feature set lacks the requested community, SEIFA and workforce inputs.",derived_from_local_curated_source
2025Q3,2025 Q3,2025-03-31,ndia_service_area,Kimberley-Pilbara,0.7050000000000001,0.7083333333333334,-0.007999999999999995,0.01290994448735808,6,0,persistently low,insufficient history,insufficient history,0.11587301587301588,0.8699059561128527,,0.20625,,"Cluster modelling was not run because the currently available feature set lacks the requested community, SEIFA and workforce inputs.",funded_plan_context_only
2025Q4,2025 Q4,2025-06-30,ndia_service_area,Kimberley-Pilbara,0.6975,0.7057142857142856,-0.004999999999999969,0.009574271077563418,7,1,persistently low,insufficient history,insufficient history,0.12857142857142856,0.9184952978056427,,0.16015625,,"Cluster modelling was not run because the currently available feature set lacks the requested community, SEIFA and workforce inputs.",funded_plan_context_only
2026Q1,2026 Q1,2025-09-30,ndia_service_area,Kimberley-Pilbara,0.6875,0.7012499999999999,-0.006999999999999919,0.012583057392117947,8,2,persistently low,insufficient history,insufficient history,0.1380952380952381,0.9435736677115988,,0.10546875,,"Cluster modelling was not run because the currently available feature set lacks the requested community, SEIFA and workforce inputs.",funded_plan_context_only
2024Q2,2024 Q2,2023-12-31,ndia_service_area,Limestone Coast,,,,,1,1,insufficient history,insufficient history,insufficient history,0.42698412698412697,0.19435736677115986,0.4625,0.32734375,,"Cluster modelling was not run because the currently available feature set lacks the requested community, SEIFA and workforce inputs.",insufficient_history
2024Q3,2024 Q3,2024-03-31,ndia_service_area,Limestone Coast,0.725,,,0.007071067811865481,2,2,stable,insufficient history,insufficient history,0.45555555555555555,0.2335423197492163,,0.39296875,,"Cluster modelling was not run because the currently available feature set lacks the requested community, SEIFA and workforce inputs.",derived_from_local_curated_source
2024Q4,2024 Q4,2024-06-30,ndia_service_area,Limestone Coast,0.7266666666666666,,0.005000000000000026,0.0057735026918962545,3,3,recovering,insufficient history,insufficient history,0.48095238095238096,0.25862068965517243,,0.39296875,,"Cluster modelling was not run because the currently available feature set lacks the requested community, SEIFA and workforce inputs.",derived_from_local_curated_source
2025Q1,2025 Q1,2024-09-30,ndia_service_area,Limestone Coast,0.7224999999999999,0.7224999999999999,-0.0029999999999999727,0.009574271077563411,4,4,persistently low,insufficient history,insufficient history,0.5095238095238095,0.27899686520376177,,0.2671875,,"Cluster modelling was not run because the currently available feature set lacks the requested community, SEIFA and workforce inputs.",derived_from_local_curated_source
2025Q2,2025 Q2,2024-12-31,ndia_service_area,Limestone Coast,0.7150000000000001,0.716,-0.014000000000000044,0.019148542155126836,5,5,persistently low,insufficient history,insufficient history,0.553968253968254,0.2476489028213166,,0.16015625,,"Cluster modelling was not run because the currently available feature set lacks the requested community, SEIFA and workforce inputs.",derived_from_local_curated_source
2025Q3,2025 Q3,2025-03-31,ndia_service_area,Limestone Coast,0.7049999999999998,0.7116666666666666,-0.014000000000000014,0.019148542155126902,6,6,persistently low,insufficient history,insufficient history,0.5873015873015873,0.28996865203761757,,0.16015625,,"Cluster modelling was not run because the currently available feature set lacks the requested community, SEIFA and workforce inputs.",funded_plan_context_only
2025Q4,2025 Q4,2025-06-30,ndia_service_area,Limestone Coast,0.6950000000000001,0.7085714285714285,-0.005999999999999991,0.010000000000000392,7,7,persistently low,insufficient history,insufficient history,0.6095238095238096,0.2884012539184953,,0.16015625,,"Cluster modelling was not run because the currently available feature set lacks the requested community, SEIFA and workforce inputs.",funded_plan_context_only
2026Q1,2026 Q1,2025-09-30,ndia_service_area,Limestone Coast,0.6875,0.705,-0.0029999999999999446,0.0049999999999999585,8,8,persistently low,insufficient history,insufficient history,0.6285714285714286,0.3495297805642633,,0.12890625,,"Cluster modelling was not run because the currently available feature set lacks the requested community, SEIFA and workforce inputs.",funded_plan_context_only
2024Q2,2024 Q2,2023-12-31,ndia_service_area,Loddon,,,,,1,1,insufficient history,insufficient history,insufficient history,0.8698412698412699,0.0987460815047022,0.15,0.39296875,,"Cluster modelling was not run because the currently available feature set lacks the requested community, SEIFA and workforce inputs.",insufficient_history
2024Q3,2024 Q3,2024-03-31,ndia_service_area,Loddon,0.725,,,0.007071067811865481,2,2,stable,insufficient history,insufficient history,0.9111111111111111,0.10188087774294671,,0.32734375,,"Cluster modelling was not run because the currently available feature set lacks the requested community, SEIFA and workforce inputs.",derived_from_local_curated_source
2024Q4,2024 Q4,2024-06-30,ndia_service_area,Loddon,0.7233333333333333,,-0.005000000000000023,0.0057735026918962545,3,3,deteriorating,insufficient history,insufficient history,0.9349206349206349,0.10344827586206896,,0.32734375,,"Cluster modelling was not run because the currently available feature set lacks the requested community, SEIFA and workforce inputs.",derived_from_local_curated_source
2025Q1,2025 Q1,2024-09-30,ndia_service_area,Loddon,0.72,0.72,-0.00599999999999999,0.008164965809277256,4,4,persistently low,insufficient history,insufficient history,0.9619047619047619,0.08463949843260188,,0.2671875,,"Cluster modelling was not run because the currently available feature set lacks the requested community, SEIFA and workforce inputs.",derived_from_local_curated_source
2025Q2,2025 Q2,2024-12-31,ndia_service_area,Loddon,0.71,0.714,-0.010000000000000014,0.01414213562373097,5,5,persistently low,insufficient history,insufficient history,0.9698412698412698,0.05642633228840126,,0.16015625,,"Cluster modelling was not run because the currently available feature set lacks the requested community, SEIFA and workforce inputs.",derived_from_local_curated_source
2025Q3,2025 Q3,2025-03-31,ndia_service_area,Loddon,0.7025,0.71,-0.01099999999999996,0.01500000000000004,6,6,persistently low,insufficient history,insufficient history,0.9761904761904762,0.061128526645768025,,0.16015625,,"Cluster modelling was not run because the currently available feature set lacks the requested community, SEIFA and workforce inputs.",funded_plan_context_only
2025Q4,2025 Q4,2025-06-30,ndia_service_area,Loddon,0.695,0.7071428571428571,-0.005999999999999991,0.010000000000000083,7,7,persistently low,insufficient history,insufficient history,0.9777777777777777,0.09247648902821316,,0.16015625,,"Cluster modelling was not run because the currently available feature set lacks the requested community, SEIFA and workforce inputs.",funded_plan_context_only
2026Q1,2026 Q1,2025-09-30,ndia_service_area,Loddon,0.6875,0.70375,-0.0029999999999999446,0.0049999999999999585,8,8,persistently low,insufficient history,insufficient history,0.9825396825396825,0.0877742946708464,,0.12890625,,"Cluster modelling was not run because the currently available feature set lacks the requested community, SEIFA and workforce inputs.",funded_plan_context_only
2024Q2,2024 Q2,2023-12-31,ndia_service_area,Mackay,,,,,1,0,insufficient history,insufficient history,insufficient history,0.21428571428571427,0.20689655172413793,0.3,0.39296875,,"Cluster modelling was not run because the currently available feature set lacks the requested community, SEIFA and workforce inputs.",insufficient_history
2024Q3,2024 Q3,2024-03-31,ndia_service_area,Mackay,0.73,,,0.0,2,0,stable,insufficient history,insufficient history,0.24444444444444444,0.21630094043887146,,0.39296875,,"Cluster modelling was not run because the currently available feature set lacks the requested community, SEIFA and workforce inputs.",derived_from_local_curated_source
2024Q4,2024 Q4,2024-06-30,ndia_service_area,Mackay,0.73,,-4.120515125134358e-18,0.0,3,0,stable,insufficient history,insufficient history,0.26031746031746034,0.24294670846394983,,0.39296875,,"Cluster modelling was not run because the currently available feature set lacks the requested community, SEIFA and workforce inputs.",derived_from_local_curated_source
2025Q1,2025 Q1,2024-09-30,ndia_service_area,Mackay,0.725,0.725,-0.0059999999999999845,0.010000000000000009,4,0,persistently low,insufficient history,insufficient history,0.2920634920634921,0.23981191222570533,,0.2671875,,"Cluster modelling was not run because the currently available feature set lacks the requested community, SEIFA and workforce inputs.",derived_from_local_curated_source
2025Q2,2025 Q2,2024-12-31,ndia_service_area,Mackay,0.715,0.718,-0.014000000000000044,0.01914854215512677,5,1,persistently low,insufficient history,insufficient history,0.33650793650793653,0.2304075235109718,,0.16015625,,"Cluster modelling was not run because the currently available feature set lacks the requested community, SEIFA and workforce inputs.",derived_from_local_curated_source
2025Q3,2025 Q3,2025-03-31,ndia_service_area,Mackay,0.7075,0.715,-0.010999999999999947,0.01707825127659934,6,2,persistently low,insufficient history,insufficient history,0.34206349206349207,0.28683385579937304,,0.20625,,"Cluster modelling was not run because the currently available feature set lacks the requested community, SEIFA and workforce inputs.",funded_plan_context_only
2025Q4,2025 Q4,2025-06-30,ndia_service_area,Mackay,0.7024999999999999,0.7142857142857143,0.001000000000000034,0.009574271077563428,7,0,persistently low,insufficient history,insufficient history,0.34206349206349207,0.3432601880877743,,0.2671875,,"Cluster modelling was not run because the currently available feature set lacks the requested community, SEIFA and workforce inputs.",funded_plan_context_only
2026Q1,2026 Q1,2025-09-30,ndia_service_area,Mackay,0.7,0.7124999999999999,0.004000000000000008,0.008164965809277341,8,0,persistently low,insufficient history,insufficient history,0.3492063492063492,0.4216300940438871,,0.20625,,"Cluster modelling was not run because the currently available feature set lacks the requested community, SEIFA and workforce inputs.",funded_plan_context_only
2024Q2,2024 Q2,2023-12-31,ndia_service_area,Mallee,,,,,1,1,insufficient history,insufficient history,insufficient history,0.734920634920635,0.050156739811912224,0.125,0.16015625,,"Cluster modelling was not run because the currently available feature set lacks the requested community, SEIFA and workforce inputs.",insufficient_history
2024Q3,2024 Q3,2024-03-31,ndia_service_area,Mallee,0.695,,,0.007071067811865481,2,2,stable,insufficient history,insufficient history,0.773015873015873,0.07523510971786834,,0.20625,,"Cluster modelling was not run because the currently available feature set lacks the requested community, SEIFA and workforce inputs.",derived_from_local_curated_source
2024Q4,2024 Q4,2024-06-30,ndia_service_area,Mallee,0.6999999999999998,,0.010000000000000035,0.010000000000000009,3,3,recovering,insufficient history,insufficient history,0.807936507936508,0.10031347962382445,,0.2671875,,"Cluster modelling was not run because the currently available feature set lacks the requested community, SEIFA and workforce inputs.",derived_from_local_curated_source
2025Q1,2025 Q1,2024-09-30,ndia_service_area,Mallee,0.7,0.7,0.004000000000000008,0.008164965809277268,4,4,persistently low,insufficient history,insufficient history,0.8682539682539683,0.07993730407523511,,0.20625,,"Cluster modelling was not run because the currently available feature set lacks the requested community, SEIFA and workforce inputs.",derived_from_local_curated_source
2025Q2,2025 Q2,2024-12-31,ndia_service_area,Mallee,0.7,0.698,-0.00400000000000005,0.008164965809277268,5,5,persistently low,insufficient history,insufficient history,0.926984126984127,0.07053291536050156,,0.16015625,,"Cluster modelling was not run because the currently available feature set lacks the requested community, SEIFA and workforce inputs.",derived_from_local_curated_source
2025Q3,2025 Q3,2025-03-31,ndia_service_area,Mallee,0.7024999999999999,0.6999999999999998,-0.0009999999999999575,0.009574271077563399,6,6,persistently low,insufficient history,insufficient history,0.9380952380952381,0.08150470219435736,,0.2671875,,"Cluster modelling was not run because the currently available feature set lacks the requested community, SEIFA and workforce inputs.",funded_plan_context_only
2025Q4,2025 Q4,2025-06-30,ndia_service_area,Mallee,0.7024999999999999,0.7014285714285714,0.005000000000000041,0.009574271077563399,7,7,persistently low,insufficient history,insufficient history,0.9396825396825397,0.12852664576802508,,0.2671875,,"Cluster modelling was not run because the currently available feature set lacks the requested community, SEIFA and workforce inputs.",funded_plan_context_only
2026Q1,2026 Q1,2025-09-30,ndia_service_area,Mallee,0.7024999999999999,0.7012499999999999,0.003000000000000029,0.009574271077563399,8,8,persistently low,insufficient history,insufficient history,0.9492063492063492,0.15673981191222572,,0.20625,,"Cluster modelling was not run because the currently available feature set lacks the requested community, SEIFA and workforce inputs.",funded_plan_context_only
2024Q2,2024 Q2,2023-12-31,ndia_service_area,Maroochydore,,,,,0,0,insufficient history,insufficient history,insufficient history,0.35079365079365077,0.6912225705329154,0.175,0.81640625,,"Cluster modelling was not run because the currently available feature set lacks the requested community, SEIFA and workforce inputs.",insufficient_history
2024Q3,2024 Q3,2024-03-31,ndia_service_area,Maroochydore,0.78,,,0.0,0,0,stable,insufficient history,insufficient history,0.3873015873015873,0.6959247648902821,,0.81640625,,"Cluster modelling was not run because the currently available feature set lacks the requested community, SEIFA and workforce inputs.",derived_from_local_curated_source
2024Q4,2024 Q4,2024-06-30,ndia_service_area,Maroochydore,0.78,,-3.165106823279971e-17,0.0,0,0,stable,insufficient history,insufficient history,0.4126984126984127,0.719435736677116,,0.81640625,,"Cluster modelling was not run because the currently available feature set lacks the requested community, SEIFA and workforce inputs.",derived_from_local_curated_source
2025Q1,2025 Q1,2024-09-30,ndia_service_area,Maroochydore,0.7725,0.7725,-0.008999999999999956,0.014999999999999994,1,0,deteriorating,insufficient history,insufficient history,0.45714285714285713,0.7100313479623824,,0.57578125,,"Cluster modelling was not run because the currently available feature set lacks the requested community, SEIFA and workforce inputs.",derived_from_local_curated_source
2025Q2,2025 Q2,2024-12-31,ndia_service_area,Maroochydore,0.7625,0.766,-0.015000000000000006,0.02061552812808826,2,0,deteriorating,insufficient history,insufficient history,0.49523809523809526,0.6833855799373041,,0.47890625,,"Cluster modelling was not run because the currently available feature set lacks the requested community, SEIFA and workforce inputs.",derived_from_local_curated_source
2025Q3,2025 Q3,2025-03-31,ndia_service_area,Maroochydore,0.7525,0.7616666666666667,-0.013000000000000072,0.018929694486000823,3,0,deteriorating,insufficient history,insufficient history,0.5190476190476191,0.6896551724137931,,0.47890625,,"Cluster modelling was not run because the currently available feature set lacks the requested community, SEIFA and workforce inputs.",funded_plan_context_only
2025Q4,2025 Q4,2025-06-30,ndia_service_area,Maroochydore,0.7424999999999999,0.7585714285714287,-0.0029999999999999675,0.0049999999999995005,4,0,persistently low,insufficient history,insufficient history,0.5301587301587302,0.7539184952978056,,0.47890625,,"Cluster modelling was not run because the currently available feature set lacks the requested community, SEIFA and workforce inputs.",funded_plan_context_only
2026Q1,2026 Q1,2025-09-30,ndia_service_area,Maroochydore,0.7374999999999999,0.755,-0.003000000000000061,0.005000000000000023,5,0,persistently low,insufficient history,insufficient history,0.5603174603174603,0.7852664576802508,,0.39296875,,"Cluster modelling was not run because the currently available feature set lacks the requested community, SEIFA and workforce inputs.",funded_plan_context_only
2024Q2,2024 Q2,2023-12-31,ndia_service_area,Maryborough,,,,,1,0,insufficient history,insufficient history,insufficient history,0.7380952380952381,0.5094043887147336,0.425,0.740625,,"Cluster modelling was not run because the currently available feature set lacks the requested community, SEIFA and workforce inputs.",insufficient_history
2024Q3,2024 Q3,2024-03-31,ndia_service_area,Maryborough,0.77,,,0.0,2,0,stable,insufficient history,insufficient history,0.7825396825396825,0.54858934169279,,0.740625,,"Cluster modelling was not run because the currently available feature set lacks the requested community, SEIFA and workforce inputs.",derived_from_local_curated_source
2024Q4,2024 Q4,2024-06-30,ndia_service_area,Maryborough,0.7733333333333334,,0.00499999999999992,0.005773502691896279,0,0,stable,insufficient history,insufficient history,0.8111111111111111,0.5846394984326019,,0.81640625,,"Cluster modelling was not run because the currently available feature set lacks the requested community, SEIFA and workforce inputs.",derived_from_local_curated_source
2025Q1,2025 Q1,2024-09-30,ndia_service_area,Maryborough,0.7675000000000001,0.7675000000000001,-0.004999999999999996,0.012583057392117908,1,0,stable,insufficient history,insufficient history,0.8523809523809524,0.5830721003134797,,0.57578125,,"Cluster modelling was not run because the currently available feature set lacks the requested community, SEIFA and workforce inputs.",derived_from_local_curated_source
2025Q2,2025 Q2,2024-12-31,ndia_service_area,Maryborough,0.7575000000000001,0.76,-0.015000000000000041,0.022173557826083427,2,0,deteriorating,insufficient history,insufficient history,0.8761904761904762,0.5987460815047022,,0.39296875,,"Cluster modelling was not run because the currently available feature set lacks the requested community, SEIFA and workforce inputs.",derived_from_local_curated_source
2025Q3,2025 Q3,2025-03-31,ndia_service_area,Maryborough,0.75,0.7566666666666667,-0.013999999999999995,0.021602468994692828,3,0,deteriorating,insufficient history,insufficient history,0.8984126984126984,0.6347962382445141,,0.47890625,,"Cluster modelling was not run because the currently available feature set lacks the requested community, SEIFA and workforce inputs.",funded_plan_context_only
2025Q4,2025 Q4,2025-06-30,ndia_service_area,Maryborough,0.7424999999999999,0.7557142857142857,0.000999999999999951,0.009574271077563267,4,0,persistently low,insufficient history,insufficient history,0.8968253968253969,0.6739811912225705,,0.57578125,,"Cluster modelling was not run because the currently available feature set lacks the requested community, SEIFA and workforce inputs.",funded_plan_context_only
2026Q1,2026 Q1,2025-09-30,ndia_service_area,Maryborough,0.7374999999999999,0.7525,0.0009999999999999885,0.009574271077563219,5,0,persistently low,insufficient history,insufficient history,0.9047619047619048,0.7021943573667712,,0.39296875,,"Cluster modelling was not run because the currently available feature set lacks the requested community, SEIFA and workforce inputs.",funded_plan_context_only
2024Q2,2024 Q2,2023-12-31,ndia_service_area,Mid North Coast,,,,,1,0,insufficient history,insufficient history,insufficient history,0.8015873015873016,0.40752351097178685,0.075,0.66484375,,"Cluster modelling was not run because the currently available feature set lacks the requested community, SEIFA and workforce inputs.",insufficient_history
2024Q3,2024 Q3,2024-03-31,ndia_service_area,Mid North Coast,0.765,,,0.007071067811865481,2,0,stable,insufficient history,insufficient history,0.8476190476190476,0.4263322884012539,,0.740625,,"Cluster modelling was not run because the currently available feature set lacks the requested community, SEIFA and workforce inputs.",derived_from_local_curated_source
2024Q4,2024 Q4,2024-06-30,ndia_service_area,Mid North Coast,0.77,,0.010000000000000063,0.010000000000000009,0,0,recovering,insufficient history,insufficient history,0.8714285714285714,0.4498432601880878,,0.81640625,,"Cluster modelling was not run because the currently available feature set lacks the requested community, SEIFA and workforce inputs.",derived_from_local_curated_source
2025Q1,2025 Q1,2024-09-30,ndia_service_area,Mid North Coast,0.7675000000000001,0.7675000000000001,0.0010000000000000325,0.009574271077563399,1,0,stable,insufficient history,insufficient history,0.9285714285714286,0.45297805642633227,,0.66484375,,"Cluster modelling was not run because the currently available feature set lacks the requested community, SEIFA and workforce inputs.",derived_from_local_curated_source
2025Q2,2025 Q2,2024-12-31,ndia_service_area,Mid North Coast,0.7625000000000001,0.762,-0.010999999999999894,0.017078251276599378,2,0,deteriorating,insufficient history,insufficient history,0.946031746031746,0.438871473354232,,0.47890625,,"Cluster modelling was not run because the currently available feature set lacks the requested community, SEIFA and workforce inputs.",derived_from_local_curated_source
2025Q3,2025 Q3,2025-03-31,ndia_service_area,Mid North Coast,0.7550000000000001,0.7583333333333333,-0.01399999999999999,0.019148542155126853,3,0,deteriorating,insufficient history,insufficient history,0.9507936507936507,0.44357366771159873,,0.47890625,,"Cluster modelling was not run because the currently available feature set lacks the requested community, SEIFA and workforce inputs.",funded_plan_context_only
2025Q4,2025 Q4,2025-06-30,ndia_service_area,Mid North Coast,0.745,0.7557142857142857,-0.005999999999999997,0.010000000000000299,4,0,persistently low,insufficient history,insufficient history,0.9587301587301588,0.493730407523511,,0.47890625,,"Cluster modelling was not run because the currently available feature set lacks the requested community, SEIFA and workforce inputs.",funded_plan_context_only
2026Q1,2026 Q1,2025-09-30,ndia_service_area,Mid North Coast,0.7374999999999999,0.7525,-0.003000000000000061,0.005000000000000023,5,0,persistently low,insufficient history,insufficient history,0.9682539682539683,0.5062695924764891,,0.39296875,,"Cluster modelling was not run because the currently available feature set lacks the requested community, SEIFA and workforce inputs.",funded_plan_context_only
2024Q2,2024 Q2,2023-12-31,ndia_service_area,Midwest-Gascoyne,,,,,1,1,insufficient history,insufficient history,insufficient history,0.15714285714285714,0.06583072100313479,0.6625,0.07109375,,"Cluster modelling was not run because the currently available feature set lacks the requested community, SEIFA and workforce inputs.",insufficient_history
2024Q3,2024 Q3,2024-03-31,ndia_service_area,Midwest-Gascoyne,0.655,,,0.007071067811865481,2,2,stable,insufficient history,insufficient history,0.18253968253968253,0.08307210031347963,,0.0875,,"Cluster modelling was not run because the currently available feature set lacks the requested community, SEIFA and workforce inputs.",derived_from_local_curated_source
2024Q4,2024 Q4,2024-06-30,ndia_service_area,Midwest-Gascoyne,0.66,,0.010000000000000094,0.010000000000000009,3,3,recovering,insufficient history,insufficient history,0.20476190476190476,0.13166144200626959,,0.10546875,,"Cluster modelling was not run because the currently available feature set lacks the requested community, SEIFA and workforce inputs.",derived_from_local_curated_source
2025Q1,2025 Q1,2024-09-30,ndia_service_area,Midwest-Gascoyne,0.6575,0.6575,0.0010000000000000395,0.00957427107756338,4,4,persistently low,insufficient history,insufficient history,0.24126984126984127,0.15047021943573669,,0.07109375,,"Cluster modelling was not run because the currently available feature set lacks the requested community, SEIFA and workforce inputs.",derived_from_local_curated_source
2025Q2,2025 Q2,2024-12-31,ndia_service_area,Midwest-Gascoyne,0.6525000000000001,0.652,-0.01100000000000003,0.017078251276599312,5,5,persistently low,insufficient history,insufficient history,0.28253968253968254,0.18495297805642633,,0.0515625,,"Cluster modelling was not run because the currently available feature set lacks the requested community, SEIFA and workforce inputs.",derived_from_local_curated_source
2025Q3,2025 Q3,2025-03-31,ndia_service_area,Midwest-Gascoyne,0.6475,0.65,-0.010999999999999946,0.017078251276599288,6,6,persistently low,insufficient history,insufficient history,0.30634920634920637,0.2115987460815047,,0.0578125,,"Cluster modelling was not run because the currently available feature set lacks the requested community, SEIFA and workforce inputs.",funded_plan_context_only
2025Q4,2025 Q4,2025-06-30,ndia_service_area,Midwest-Gascoyne,0.64,0.6485714285714286,-0.001999999999999978,0.008164965809277058,7,7,persistently low,insufficient history,insufficient history,0.32222222222222224,0.2852664576802508,,0.0578125,,"Cluster modelling was not run because the currently available feature set lacks the requested community, SEIFA and workforce inputs.",funded_plan_context_only
2026Q1,2026 Q1,2025-09-30,ndia_service_area,Midwest-Gascoyne,0.6325000000000001,0.645,-0.003000000000000008,0.009574271077563066,8,8,persistently low,insufficient history,insufficient history,0.3380952380952381,0.3103448275862069,,0.04375,,"Cluster modelling was not run because the currently available feature set lacks the requested community, SEIFA and workforce inputs.",funded_plan_context_only
2024Q2,2024 Q2,2023-12-31,ndia_service_area,Murray and Mallee,,,,,1,1,insufficient history,insufficient history,insufficient history,0.626984126984127,0.07210031347962383,0.8,0.32734375,,"Cluster modelling was not run because the currently available feature set lacks the requested community, SEIFA and workforce inputs.",insufficient_history
2024Q3,2024 Q3,2024-03-31,ndia_service_area,Murray and Mallee,0.725,,,0.007071067811865481,2,2,stable,insufficient history,insufficient history,0.6841269841269841,0.08620689655172414,,0.39296875,,"Cluster modelling was not run because the currently available feature set lacks the requested community, SEIFA and workforce inputs.",derived_from_local_curated_source
2024Q4,2024 Q4,2024-06-30,ndia_service_area,Murray and Mallee,0.7266666666666666,,0.005000000000000026,0.0057735026918962545,3,3,recovering,insufficient history,insufficient history,0.7206349206349206,0.10501567398119123,,0.39296875,,"Cluster modelling was not run because the currently available feature set lacks the requested community, SEIFA and workforce inputs.",derived_from_local_curated_source
2025Q1,2025 Q1,2024-09-30,ndia_service_area,Murray and Mallee,0.72,0.72,-0.00599999999999993,0.01414213562373097,4,4,persistently low,insufficient history,insufficient history,0.7682539682539683,0.13636363636363635,,0.20625,,"Cluster modelling was not run because the currently available feature set lacks the requested community, SEIFA and workforce inputs.",derived_from_local_curated_source
2025Q2,2025 Q2,2024-12-31,ndia_service_area,Murray and Mallee,0.7150000000000001,0.716,-0.011999999999999976,0.017320508075688794,5,5,persistently low,insufficient history,insufficient history,0.819047619047619,0.1238244514106583,,0.20625,,"Cluster modelling was not run because the currently available feature set lacks the requested community, SEIFA and workforce inputs.",derived_from_local_curated_source
2025Q3,2025 Q3,2025-03-31,ndia_service_area,Murray and Mallee,0.71,0.715,-0.005999999999999939,0.01414213562373097,6,6,persistently low,insufficient history,insufficient history,0.8507936507936508,0.14106583072100312,,0.2671875,,"Cluster modelling was not run because the currently available feature set lacks the requested community, SEIFA and workforce inputs.",funded_plan_context_only
2025Q4,2025 Q4,2025-06-30,ndia_service_area,Murray and Mallee,0.7025,0.7128571428571429,0.0009999999999999783,0.004999999999999989,7,7,persistently low,insufficient history,insufficient history,0.8841269841269841,0.16927899686520376,,0.20625,,"Cluster modelling was not run because the currently available feature set lacks the requested community, SEIFA and workforce inputs.",funded_plan_context_only
2026Q1,2026 Q1,2025-09-30,ndia_service_area,Murray and Mallee,0.695,0.7075,-0.009999999999999972,0.017320508075688718,8,8,persistently low,insufficient history,insufficient history,0.9253968253968254,0.17711598746081506,,0.10546875,,"Cluster modelling was not run because the currently available feature set lacks the requested community, SEIFA and workforce inputs.",funded_plan_context_only
2024Q2,2024 Q2,2023-12-31,ndia_service_area,Murrumbidgee,,,,,1,0,insufficient history,insufficient history,insufficient history,0.49682539682539684,0.38087774294670845,0.1125,0.57578125,,"Cluster modelling was not run because the currently available feature set lacks the requested community, SEIFA and workforce inputs.",insufficient_history
2024Q3,2024 Q3,2024-03-31,ndia_service_area,Murrumbidgee,0.75,,,0.0,2,1,stable,insufficient history,insufficient history,0.5285714285714286,0.384012539184953,,0.57578125,,"Cluster modelling was not run because the currently available feature set lacks the requested community, SEIFA and workforce inputs.",derived_from_local_curated_source
2024Q4,2024 Q4,2024-06-30,ndia_service_area,Murrumbidgee,0.7533333333333333,,0.005000000000000076,0.005773502691896279,3,0,recovering,insufficient history,insufficient history,0.546031746031746,0.42476489028213166,,0.66484375,,"Cluster modelling was not run because the currently available feature set lacks the requested community, SEIFA and workforce inputs.",derived_from_local_curated_source
2025Q1,2025 Q1,2024-09-30,ndia_service_area,Murrumbidgee,0.7475,0.7475,-0.0050000000000001155,0.012583057392117908,4,1,persistently low,insufficient history,insufficient history,0.5952380952380952,0.3714733542319749,,0.39296875,,"Cluster modelling was not run because the currently available feature set lacks the requested community, SEIFA and workforce inputs.",derived_from_local_curated_source
2025Q2,2025 Q2,2024-12-31,ndia_service_area,Murrumbidgee,0.7375,0.74,-0.015000000000000046,0.022173557826083427,5,2,persistently low,insufficient history,insufficient history,0.6396825396825396,0.322884012539185,,0.2671875,,"Cluster modelling was not run because the currently available feature set lacks the requested community, SEIFA and workforce inputs.",derived_from_local_curated_source
2025Q3,2025 Q3,2025-03-31,ndia_service_area,Murrumbidgee,0.73,0.7366666666666667,-0.014000000000000042,0.021602468994692828,6,3,persistently low,insufficient history,insufficient history,0.6476190476190476,0.3730407523510972,,0.32734375,,"Cluster modelling was not run because the currently available feature set lacks the requested community, SEIFA and workforce inputs.",funded_plan_context_only
2025Q4,2025 Q4,2025-06-30,ndia_service_area,Murrumbidgee,0.7225,0.7357142857142858,0.000999999999999975,0.009574271077563267,7,4,persistently low,insufficient history,insufficient history,0.6555555555555556,0.4482758620689655,,0.39296875,,"Cluster modelling was not run because the currently available feature set lacks the requested community, SEIFA and workforce inputs.",funded_plan_context_only
2026Q1,2026 Q1,2025-09-30,ndia_service_area,Murrumbidgee,0.7175,0.7324999999999999,0.00100000000000003,0.009574271077563219,8,5,persistently low,insufficient history,insufficient history,0.6746031746031746,0.46394984326018807,,0.2671875,,"Cluster modelling was not run because the currently available feature set lacks the requested community, SEIFA and workforce inputs.",funded_plan_context_only
2024Q2,2024 Q2,2023-12-31,ndia_service_area,Nepean Blue Mountains,,,,,0,0,insufficient history,insufficient history,insufficient history,0.5396825396825397,0.5047021943573667,0.8375,0.89375,,"Cluster modelling was not run because the currently available feature set lacks the requested community, SEIFA and workforce inputs.",insufficient_history
2024Q3,2024 Q3,2024-03-31,ndia_service_area,Nepean Blue Mountains,0.79,,,0.0,0,0,stable,insufficient history,insufficient history,0.5746031746031746,0.5250783699059561,,0.89375,,"Cluster modelling was not run because the currently available feature set lacks the requested community, SEIFA and workforce inputs.",derived_from_local_curated_source
2024Q4,2024 Q4,2024-06-30,ndia_service_area,Nepean Blue Mountains,0.7966666666666667,,0.009999999999999966,0.011547005383792509,0,0,recovering,insufficient history,insufficient history,0.6174603174603175,0.5752351097178683,,0.95859375,,"Cluster modelling was not run because the currently available feature set lacks the requested community, SEIFA and workforce inputs.",derived_from_local_curated_source
2025Q1,2025 Q1,2024-09-30,ndia_service_area,Nepean Blue Mountains,0.795,0.795,0.0020000000000000083,0.01,0,0,consistently high,insufficient history,insufficient history,0.6730158730158731,0.5407523510971787,,0.89375,,"Cluster modelling was not run because the currently available feature set lacks the requested community, SEIFA and workforce inputs.",derived_from_local_curated_source
2025Q2,2025 Q2,2024-12-31,ndia_service_area,Nepean Blue Mountains,0.79,0.79,-0.007999999999999943,0.016329931618554536,0,0,deteriorating,insufficient history,insufficient history,0.7285714285714285,0.5172413793103449,,0.740625,,"Cluster modelling was not run because the currently available feature set lacks the requested community, SEIFA and workforce inputs.",derived_from_local_curated_source
2025Q3,2025 Q3,2025-03-31,ndia_service_area,Nepean Blue Mountains,0.7875000000000001,0.7883333333333334,-0.01099999999999999,0.01707825127659935,0,0,deteriorating,insufficient history,insufficient history,0.765079365079365,0.5266457680250783,,0.81640625,,"Cluster modelling was not run because the currently available feature set lacks the requested community, SEIFA and workforce inputs.",funded_plan_context_only
2025Q4,2025 Q4,2025-06-30,ndia_service_area,Nepean Blue Mountains,0.78,0.7871428571428571,-0.0020000000000000716,0.008164965809277364,0,0,consistently high,insufficient history,insufficient history,0.792063492063492,0.554858934169279,,0.81640625,,"Cluster modelling was not run because the currently available feature set lacks the requested community, SEIFA and workforce inputs.",funded_plan_context_only
2026Q1,2026 Q1,2025-09-30,ndia_service_area,Nepean Blue Mountains,0.7725,0.7837500000000001,-0.0029999999999998986,0.009574271077563604,0,0,consistently high,insufficient history,insufficient history,0.8317460317460318,0.5815047021943573,,0.66484375,,"Cluster modelling was not run because the currently available feature set lacks the requested community, SEIFA and workforce inputs.",funded_plan_context_only
2024Q2,2024 Q2,2023-12-31,ndia_service_area,North East Melbourne,,,,,0,1,insufficient history,insufficient history,insufficient history,0.2698412698412698,0.6426332288401254,0.5,0.89375,,"Cluster modelling was not run because the currently available feature set lacks the requested community, SEIFA and workforce inputs.",insufficient_history
2024Q3,2024 Q3,2024-03-31,ndia_service_area,North East Melbourne,0.79,,,0.0,0,2,stable,insufficient history,insufficient history,0.30317460317460315,0.6520376175548589,,0.89375,,"Cluster modelling was not run because the currently available feature set lacks the requested community, SEIFA and workforce inputs.",derived_from_local_curated_source
2024Q4,2024 Q4,2024-06-30,ndia_service_area,North East Melbourne,0.79,,-7.86578352023717e-18,0.0,0,3,stable,insufficient history,insufficient history,0.3253968253968254,0.6551724137931034,,0.89375,,"Cluster modelling was not run because the currently available feature set lacks the requested community, SEIFA and workforce inputs.",derived_from_local_curated_source
2025Q1,2025 Q1,2024-09-30,ndia_service_area,North East Melbourne,0.785,0.785,-0.006000000000000021,0.010000000000000009,0,4,deteriorating,insufficient history,insufficient history,0.37142857142857144,0.6253918495297806,,0.740625,,"Cluster modelling was not run because the currently available feature set lacks the requested community, SEIFA and workforce inputs.",derived_from_local_curated_source
2025Q2,2025 Q2,2024-12-31,ndia_service_area,North East Melbourne,0.78,0.782,-0.007999999999999998,0.011547005383792518,0,0,deteriorating,insufficient history,insufficient history,0.4301587301587302,0.5862068965517241,,0.740625,,"Cluster modelling was not run because the currently available feature set lacks the requested community, SEIFA and workforce inputs.",derived_from_local_curated_source
2025Q3,2025 Q3,2025-03-31,ndia_service_area,North East Melbourne,0.7775000000000001,0.7816666666666667,-0.0029999999999999784,0.009574271077563383,0,0,consistently high,insufficient history,insufficient history,0.44603174603174606,0.6300940438871473,,0.81640625,,"Cluster modelling was not run because the currently available feature set lacks the requested community, SEIFA and workforce inputs.",funded_plan_context_only
2025Q4,2025 Q4,2025-06-30,ndia_service_area,North East Melbourne,0.775,0.7814285714285715,0.004000000000000071,0.005773502691896273,0,0,consistently high,insufficient history,insufficient history,0.4666666666666667,0.6677115987460815,,0.81640625,,"Cluster modelling was not run because the currently available feature set lacks the requested community, SEIFA and workforce inputs.",funded_plan_context_only
2026Q1,2026 Q1,2025-09-30,ndia_service_area,North East Melbourne,0.7725,0.77875,-0.0029999999999998986,0.009574271077563451,0,0,consistently high,insufficient history,insufficient history,0.48412698412698413,0.6802507836990596,,0.66484375,,"Cluster modelling was not run because the currently available feature set lacks the requested community, SEIFA and workforce inputs.",funded_plan_context_only
2024Q2,2024 Q2,2023-12-31,ndia_service_area,North East Metro,,,,,1,0,insufficient history,insufficient history,insufficient history,0.19047619047619047,0.7962382445141066,0.8125,0.740625,,"Cluster modelling was not run because the currently available feature set lacks the requested community, SEIFA and workforce inputs.",insufficient_history
2024Q3,2024 Q3,2024-03-31,ndia_service_area,North East Metro,0.77,,,0.0,2,0,stable,insufficient history,insufficient history,0.2222222222222222,0.8119122257053292,,0.740625,,"Cluster modelling was not run because the currently available feature set lacks the requested community, SEIFA and workforce inputs.",derived_from_local_curated_source
2024Q4,2024 Q4,2024-06-30,ndia_service_area,North East Metro,0.7733333333333334,,0.00499999999999992,0.005773502691896279,0,0,stable,insufficient history,insufficient history,0.24285714285714285,0.8072100313479624,,0.81640625,,"Cluster modelling was not run because the currently available feature set lacks the requested community, SEIFA and workforce inputs.",derived_from_local_curated_source
2025Q1,2025 Q1,2024-09-30,ndia_service_area,North East Metro,0.7725,0.7725,0.0010000000000000718,0.005000000000000008,0,0,stable,insufficient history,insufficient history,0.2857142857142857,0.8025078369905956,,0.740625,,"Cluster modelling was not run because the currently available feature set lacks the requested community, SEIFA and workforce inputs.",derived_from_local_curated_source
2025Q2,2025 Q2,2024-12-31,ndia_service_area,North East Metro,0.7675000000000001,0.768,-0.0069999999999999524,0.012583057392117908,0,0,deteriorating,insufficient history,insufficient history,0.32063492063492066,0.7931034482758621,,0.57578125,,"Cluster modelling was not run because the currently available feature set lacks the requested community, SEIFA and workforce inputs.",derived_from_local_curated_source
2025Q3,2025 Q3,2025-03-31,ndia_service_area,North East Metro,0.76,0.7633333333333333,-0.013999999999999957,0.018257418583505523,1,0,deteriorating,insufficient history,insufficient history,0.3476190476190476,0.8056426332288401,,0.47890625,,"Cluster modelling was not run because the currently available feature set lacks the requested community, SEIFA and workforce inputs.",funded_plan_context_only
2025Q4,2025 Q4,2025-06-30,ndia_service_area,North East Metro,0.75,0.76,-0.00999999999999994,0.014142135623730909,2,0,deteriorating,insufficient history,insufficient history,0.36507936507936506,0.8589341692789969,,0.47890625,,"Cluster modelling was not run because the currently available feature set lacks the requested community, SEIFA and workforce inputs.",funded_plan_context_only
2026Q1,2026 Q1,2025-09-30,ndia_service_area,North East Metro,0.7425,0.7575000000000001,-0.0029999999999999675,0.004999999999999819,0,0,stable,insufficient history,insufficient history,0.39206349206349206,0.8636363636363636,,0.47890625,,"Cluster modelling was not run because the currently available feature set lacks the requested community, SEIFA and workforce inputs.",funded_plan_context_only
2024Q2,2024 Q2,2023-12-31,ndia_service_area,North Metro,,,,,1,1,insufficient history,insufficient history,insufficient history,0.07936507936507936,0.4341692789968652,0.6375,0.66484375,,"Cluster modelling was not run because the currently available feature set lacks the requested community, SEIFA and workforce inputs.",insufficient_history
2024Q3,2024 Q3,2024-03-31,ndia_service_area,North Metro,0.76,,,0.0,2,2,stable,insufficient history,insufficient history,0.09841269841269841,0.4122257053291536,,0.66484375,,"Cluster modelling was not run because the currently available feature set lacks the requested community, SEIFA and workforce inputs.",derived_from_local_curated_source
2024Q4,2024 Q4,2024-06-30,ndia_service_area,North Metro,0.76,,-5.865565135133625e-17,0.0,3,3,stable,insufficient history,insufficient history,0.11428571428571428,0.43260188087774293,,0.66484375,,"Cluster modelling was not run because the currently available feature set lacks the requested community, SEIFA and workforce inputs.",derived_from_local_curated_source
2025Q1,2025 Q1,2024-09-30,ndia_service_area,North Metro,0.755,0.755,-0.0060000000000000305,0.010000000000000009,4,4,persistently low,insufficient history,insufficient history,0.1492063492063492,0.3793103448275862,,0.47890625,,"Cluster modelling was not run because the currently available feature set lacks the requested community, SEIFA and workforce inputs.",derived_from_local_curated_source
2025Q2,2025 Q2,2024-12-31,ndia_service_area,North Metro,0.7449999999999999,0.748,-0.013999999999999953,0.01914854215512677,5,5,persistently low,insufficient history,insufficient history,0.18095238095238095,0.3652037617554859,,0.32734375,,"Cluster modelling was not run because the currently available feature set lacks the requested community, SEIFA and workforce inputs.",derived_from_local_curated_source
2025Q3,2025 Q3,2025-03-31,ndia_service_area,North Metro,0.7375,0.745,-0.010999999999999932,0.01707825127659934,6,6,persistently low,insufficient history,insufficient history,0.20952380952380953,0.4090909090909091,,0.39296875,,"Cluster modelling was not run because the currently available feature set lacks the requested community, SEIFA and workforce inputs.",funded_plan_context_only
2025Q4,2025 Q4,2025-06-30,ndia_service_area,North Metro,0.7325,0.7442857142857143,0.0009999999999999421,0.009574271077563428,7,0,persistently low,insufficient history,insufficient history,0.22857142857142856,0.45141065830721006,,0.47890625,,"Cluster modelling was not run because the currently available feature set lacks the requested community, SEIFA and workforce inputs.",funded_plan_context_only
2026Q1,2026 Q1,2025-09-30,ndia_service_area,North Metro,0.725,0.74,-0.00199999999999999,0.012909944487358166,8,1,persistently low,insufficient history,insufficient history,0.25396825396825395,0.4670846394984326,,0.2671875,,"Cluster modelling was not run because the currently available feature set lacks the requested community, SEIFA and workforce inputs.",funded_plan_context_only
2024Q2,2024 Q2,2023-12-31,ndia_service_area,North Sydney,,,,,0,0,insufficient history,insufficient history,insufficient history,0.014285714285714285,0.8855799373040752,0.575,0.95859375,,"Cluster modelling was not run because the currently available feature set lacks the requested community, SEIFA and workforce inputs.",insufficient_history
2024Q3,2024 Q3,2024-03-31,ndia_service_area,North Sydney,0.81,,,0.0,0,0,consistently high,insufficient history,insufficient history,0.015873015873015872,0.8840125391849529,,0.95859375,,"Cluster modelling was not run because the currently available feature set lacks the requested community, SEIFA and workforce inputs.",derived_from_local_curated_source
2024Q4,2024 Q4,2024-06-30,ndia_service_area,North Sydney,0.81,,-1.5969535087467613e-17,0.0,0,0,consistently high,insufficient history,insufficient history,0.01904761904761905,0.8793103448275862,,0.95859375,,"Cluster modelling was not run because the currently available feature set lacks the requested community, SEIFA and workforce inputs.",derived_from_local_curated_source
2025Q1,2025 Q1,2024-09-30,ndia_service_area,North Sydney,0.805,0.805,-0.0059999999999999975,0.010000000000000009,0,0,deteriorating,insufficient history,insufficient history,0.022222222222222223,0.8824451410658307,,0.89375,,"Cluster modelling was not run because the currently available feature set lacks the requested community, SEIFA and workforce inputs.",derived_from_local_curated_source
2025Q2,2025 Q2,2024-12-31,ndia_service_area,North Sydney,0.7975000000000001,0.8,-0.01099999999999998,0.014999999999999989,0,0,deteriorating,insufficient history,insufficient history,0.025396825396825397,0.8605015673981191,,0.81640625,,"Cluster modelling was not run because the currently available feature set lacks the requested community, SEIFA and workforce inputs.",derived_from_local_curated_source
2025Q3,2025 Q3,2025-03-31,ndia_service_area,North Sydney,0.7925,0.7983333333333333,-0.007000000000000037,0.012583057392117876,0,0,deteriorating,insufficient history,insufficient history,0.02857142857142857,0.8871473354231975,,0.89375,,"Cluster modelling was not run because the currently available feature set lacks the requested community, SEIFA and workforce inputs.",funded_plan_context_only
2025Q4,2025 Q4,2025-06-30,ndia_service_area,North Sydney,0.7875000000000001,0.7971428571428572,0.0010000000000000206,0.004999999999999802,0,0,consistently high,insufficient history,insufficient history,0.03333333333333333,0.9012539184952978,,0.89375,,"Cluster modelling was not run because the currently available feature set lacks the requested community, SEIFA and workforce inputs.",funded_plan_context_only
2026Q1,2026 Q1,2025-09-30,ndia_service_area,North Sydney,0.785,0.795,2.528900667667612e-17,0.0057735026918960455,0,0,consistently high,insufficient history,insufficient history,0.03492063492063492,0.8981191222570533,,0.81640625,,"Cluster modelling was not run because the currently available feature set lacks the requested community, SEIFA and workforce inputs.",funded_plan_context_only
2024Q2,2024 Q2,2023-12-31,ndia_service_area,Northern Adelaide,,,,,0,0,insufficient history,insufficient history,insufficient history,0.9412698412698413,0.6630094043887147,0.0125,0.9375,,"Cluster modelling was not run because the currently available feature set lacks the requested community, SEIFA and workforce inputs.",insufficient_history
2024Q3,2024 Q3,2024-03-31,ndia_service_area,Northern Adelaide,0.805,,,0.007071067811865481,0,0,consistently high,insufficient history,insufficient history,0.953968253968254,0.7241379310344828,,0.95859375,,"Cluster modelling was not run because the currently available feature set lacks the requested community, SEIFA and workforce inputs.",derived_from_local_curated_source
2024Q4,2024 Q4,2024-06-30,ndia_service_area,Northern Adelaide,0.8033333333333333,,2.4679620271299005e-17,0.0057735026918962545,0,0,consistently high,insufficient history,insufficient history,0.9634920634920635,0.7664576802507836,,0.9375,,"Cluster modelling was not run because the currently available feature set lacks the requested community, SEIFA and workforce inputs.",derived_from_local_curated_source
2025Q1,2025 Q1,2024-09-30,ndia_service_area,Northern Adelaide,0.7975000000000001,0.7975000000000001,-0.006999999999999943,0.012583057392117899,0,0,deteriorating,insufficient history,insufficient history,0.973015873015873,0.7523510971786834,,0.81640625,,"Cluster modelling was not run because the currently available feature set lacks the requested community, SEIFA and workforce inputs.",derived_from_local_curated_source
2025Q2,2025 Q2,2024-12-31,ndia_service_area,Northern Adelaide,0.7875000000000001,0.79,-0.017000000000000005,0.02217355782608342,0,1,deteriorating,insufficient history,insufficient history,0.9793650793650793,0.7460815047021944,,0.66484375,,"Cluster modelling was not run because the currently available feature set lacks the requested community, SEIFA and workforce inputs.",derived_from_local_curated_source
2025Q3,2025 Q3,2025-03-31,ndia_service_area,Northern Adelaide,0.7775,0.7866666666666667,-0.010999999999999985,0.01707825127659923,0,2,deteriorating,insufficient history,insufficient history,0.9841269841269841,0.7617554858934169,,0.740625,,"Cluster modelling was not run because the currently available feature set lacks the requested community, SEIFA and workforce inputs.",funded_plan_context_only
2025Q4,2025 Q4,2025-06-30,ndia_service_area,Northern Adelaide,0.77,0.7842857142857144,-0.0020000000000000686,0.008164965809276937,0,3,stable,insufficient history,insufficient history,0.9857142857142858,0.822884012539185,,0.740625,,"Cluster modelling was not run because the currently available feature set lacks the requested community, SEIFA and workforce inputs.",funded_plan_context_only
2026Q1,2026 Q1,2025-09-30,ndia_service_area,Northern Adelaide,0.7649999999999999,0.78125,-6.924009910210287e-17,0.005773502691895651,0,0,consistently high,insufficient history,insufficient history,0.9873015873015873,0.8369905956112853,,0.66484375,,"Cluster modelling was not run because the currently available feature set lacks the requested community, SEIFA and workforce inputs.",funded_plan_context_only
2024Q2,2024 Q2,2023-12-31,ndia_service_area,Northern NSW,,,,,1,0,insufficient history,insufficient history,insufficient history,0.5571428571428572,0.609717868338558,0.1,0.740625,,"Cluster modelling was not run because the currently available feature set lacks the requested community, SEIFA and workforce inputs.",insufficient_history
2024Q3,2024 Q3,2024-03-31,ndia_service_area,Northern NSW,0.775,,,0.007071067811865481,0,0,stable,insufficient history,insufficient history,0.6,0.6175548589341693,,0.81640625,,"Cluster modelling was not run because the currently available feature set lacks the requested community, SEIFA and workforce inputs.",derived_from_local_curated_source
2024Q4,2024 Q4,2024-06-30,ndia_service_area,Northern NSW,0.7766666666666667,,0.004999999999999949,0.0057735026918962545,0,0,stable,insufficient history,insufficient history,0.6333333333333333,0.6285266457680251,,0.81640625,,"Cluster modelling was not run because the currently available feature set lacks the requested community, SEIFA and workforce inputs.",derived_from_local_curated_source
2025Q1,2025 Q1,2024-09-30,ndia_service_area,Northern NSW,0.7725,0.7725,-0.0029999999999998986,0.009574271077563411,1,0,stable,insufficient history,insufficient history,0.6888888888888889,0.6003134796238244,,0.66484375,,"Cluster modelling was not run because the currently available feature set lacks the requested community, SEIFA and workforce inputs.",derived_from_local_curated_source
2025Q2,2025 Q2,2024-12-31,ndia_service_area,Northern NSW,0.7625,0.764,-0.017000000000000008,0.023629078131263102,2,1,deteriorating,insufficient history,insufficient history,0.7444444444444445,0.5329153605015674,,0.39296875,,"Cluster modelling was not run because the currently available feature set lacks the requested community, SEIFA and workforce inputs.",derived_from_local_curated_source
2025Q3,2025 Q3,2025-03-31,ndia_service_area,Northern NSW,0.7525,0.7600000000000001,-0.015000000000000032,0.02217355782608354,3,0,deteriorating,insufficient history,insufficient history,0.7777777777777778,0.5595611285266457,,0.47890625,,"Cluster modelling was not run because the currently available feature set lacks the requested community, SEIFA and workforce inputs.",funded_plan_context_only
2025Q4,2025 Q4,2025-06-30,ndia_service_area,Northern NSW,0.745,0.7585714285714287,-0.0020000000000000313,0.01290994448735822,4,0,persistently low,insufficient history,insufficient history,0.8,0.6191222570532915,,0.57578125,,"Cluster modelling was not run because the currently available feature set lacks the requested community, SEIFA and workforce inputs.",funded_plan_context_only
2026Q1,2026 Q1,2025-09-30,ndia_service_area,Northern NSW,0.74,0.75625,0.003999999999999992,0.008164965809277586,0,0,stable,insufficient history,insufficient history,0.8365079365079365,0.6473354231974922,,0.47890625,,"Cluster modelling was not run because the currently available feature set lacks the requested community, SEIFA and workforce inputs.",funded_plan_context_only
2024Q2,2024 Q2,2023-12-31,ndia_service_area,Outer East Melbourne,,,,,1,1,insufficient history,insufficient history,insufficient history,0.4873015873015873,0.4106583072100313,0.2375,0.740625,,"Cluster modelling was not run because the currently available feature set lacks the requested community, SEIFA and workforce inputs.",insufficient_history
2024Q3,2024 Q3,2024-03-31,ndia_service_area,Outer East Melbourne,0.77,,,0.0,2,2,stable,insufficient history,insufficient history,0.5206349206349207,0.4231974921630094,,0.740625,,"Cluster modelling was not run because the currently available feature set lacks the requested community, SEIFA and workforce inputs.",derived_from_local_curated_source
2024Q4,2024 Q4,2024-06-30,ndia_service_area,Outer East Melbourne,0.7733333333333334,,0.00499999999999992,0.005773502691896279,0,3,stable,insufficient history,insufficient history,0.5492063492063493,0.3949843260188088,,0.81640625,,"Cluster modelling was not run because the currently available feature set lacks the requested community, SEIFA and workforce inputs.",derived_from_local_curated_source
2025Q1,2025 Q1,2024-09-30,ndia_service_area,Outer East Melbourne,0.7725,0.7725,0.0010000000000000718,0.005000000000000008,0,4,stable,insufficient history,insufficient history,0.5984126984126984,0.3777429467084639,,0.740625,,"Cluster modelling was not run because the currently available feature set lacks the requested community, SEIFA and workforce inputs.",derived_from_local_curated_source
2025Q2,2025 Q2,2024-12-31,ndia_service_area,Outer East Melbourne,0.7675000000000001,0.768,-0.0069999999999999524,0.012583057392117908,0,5,deteriorating,insufficient history,insufficient history,0.653968253968254,0.3338557993730408,,0.57578125,,"Cluster modelling was not run because the currently available feature set lacks the requested community, SEIFA and workforce inputs.",derived_from_local_curated_source
2025Q3,2025 Q3,2025-03-31,ndia_service_area,Outer East Melbourne,0.7625,0.765,-0.011,0.014999999999999972,1,6,deteriorating,insufficient history,insufficient history,0.6714285714285714,0.3573667711598746,,0.57578125,,"Cluster modelling was not run because the currently available feature set lacks the requested community, SEIFA and workforce inputs.",funded_plan_context_only
2025Q4,2025 Q4,2025-06-30,ndia_service_area,Outer East Melbourne,0.7549999999999999,0.7628571428571428,-0.005999999999999976,0.009999999999999884,2,7,deteriorating,insufficient history,insufficient history,0.6984126984126984,0.4059561128526646,,0.57578125,,"Cluster modelling was not run because the currently available feature set lacks the requested community, SEIFA and workforce inputs.",funded_plan_context_only
2026Q1,2026 Q1,2025-09-30,ndia_service_area,Outer East Melbourne,0.7450000000000001,0.75875,-0.005999999999999997,0.010000000000000009,3,8,deteriorating,insufficient history,insufficient history,0.7253968253968254,0.4169278996865204,,0.39296875,,"Cluster modelling was not run because the currently available feature set lacks the requested community, SEIFA and workforce inputs.",funded_plan_context_only
2024Q2,2024 Q2,2023-12-31,ndia_service_area,Outer Gippsland,,,,,1,1,insufficient history,insufficient history,insufficient history,0.5476190476190477,0.3401253918495298,0.7125,0.39296875,,"Cluster modelling was not run because the currently available feature set lacks the requested community, SEIFA and workforce inputs.",insufficient_history
2024Q3,2024 Q3,2024-03-31,ndia_service_area,Outer Gippsland,0.725,,,0.007071067811865481,2,2,stable,insufficient history,insufficient history,0.5968253968253968,0.32601880877742945,,0.32734375,,"Cluster modelling was not run because the currently available feature set lacks the requested community, SEIFA and workforce inputs.",derived_from_local_curated_source
2024Q4,2024 Q4,2024-06-30,ndia_service_area,Outer Gippsland,0.7266666666666666,,3.074641093342742e-17,0.0057735026918962545,3,3,stable,insufficient history,insufficient history,0.6444444444444445,0.31347962382445144,,0.39296875,,"Cluster modelling was not run because the currently available feature set lacks the requested community, SEIFA and workforce inputs.",derived_from_local_curated_source
2025Q1,2025 Q1,2024-09-30,ndia_service_area,Outer Gippsland,0.7224999999999999,0.7224999999999999,-0.004999999999999994,0.009574271077563411,4,4,persistently low,insufficient history,insufficient history,0.7015873015873015,0.3322884012539185,,0.2671875,,"Cluster modelling was not run because the currently available feature set lacks the requested community, SEIFA and workforce inputs.",derived_from_local_curated_source
2025Q2,2025 Q2,2024-12-31,ndia_service_area,Outer Gippsland,0.715,0.718,-0.008000000000000014,0.012909944487358152,5,5,persistently low,insufficient history,insufficient history,0.7587301587301587,0.29780564263322884,,0.20625,,"Cluster modelling was not run because the currently available feature set lacks the requested community, SEIFA and workforce inputs.",derived_from_local_curated_source
2025Q3,2025 Q3,2025-03-31,ndia_service_area,Outer Gippsland,0.7124999999999999,0.7166666666666667,-0.006999999999999948,0.01258305739211805,6,6,persistently low,insufficient history,insufficient history,0.7873015873015873,0.2946708463949843,,0.2671875,,"Cluster modelling was not run because the currently available feature set lacks the requested community, SEIFA and workforce inputs.",funded_plan_context_only
2025Q4,2025 Q4,2025-06-30,ndia_service_area,Outer Gippsland,0.7050000000000001,0.7142857142857143,-0.001999999999999957,0.00577350269189685,7,7,persistently low,insufficient history,insufficient history,0.8158730158730159,0.3542319749216301,,0.20625,,"Cluster modelling was not run because the currently available feature set lacks the requested community, SEIFA and workforce inputs.",funded_plan_context_only
2026Q1,2026 Q1,2025-09-30,ndia_service_area,Outer Gippsland,0.7,0.7112499999999999,-0.00400000000000005,0.008164965809277863,8,8,persistently low,insufficient history,insufficient history,0.8555555555555555,0.31191222570532917,,0.16015625,,"Cluster modelling was not run because the currently available feature set lacks the requested community, SEIFA and workforce inputs.",funded_plan_context_only
2024Q2,2024 Q2,2023-12-31,ndia_service_area,Ovens Murray,,,,,1,1,insufficient history,insufficient history,insufficient history,0.6793650793650794,0.14890282131661442,0.3625,0.39296875,,"Cluster modelling was not run because the currently available feature set lacks the requested community, SEIFA and workforce inputs.",insufficient_history
2024Q3,2024 Q3,2024-03-31,ndia_service_area,Ovens Murray,0.73,,,0.0,2,2,stable,insufficient history,insufficient history,0.7412698412698413,0.14420062695924765,,0.39296875,,"Cluster modelling was not run because the currently available feature set lacks the requested community, SEIFA and workforce inputs.",derived_from_local_curated_source
2024Q4,2024 Q4,2024-06-30,ndia_service_area,Ovens Murray,0.7333333333333334,,0.00500000000000003,0.005773502691896279,3,3,recovering,insufficient history,insufficient history,0.7666666666666667,0.1614420062695925,,0.47890625,,"Cluster modelling was not run because the currently available feature set lacks the requested community, SEIFA and workforce inputs.",derived_from_local_curated_source
2025Q1,2025 Q1,2024-09-30,ndia_service_area,Ovens Murray,0.7275,0.7275,-0.005000000000000019,0.012583057392117908,4,4,persistently low,insufficient history,insufficient history,0.8412698412698413,0.13793103448275862,,0.2671875,,"Cluster modelling was not run because the currently available feature set lacks the requested community, SEIFA and workforce inputs.",derived_from_local_curated_source
2025Q2,2025 Q2,2024-12-31,ndia_service_area,Ovens Murray,0.7224999999999999,0.724,-0.008999999999999942,0.014999999999999972,5,5,persistently low,insufficient history,insufficient history,0.8888888888888888,0.109717868338558,,0.2671875,,"Cluster modelling was not run because the currently available feature set lacks the requested community, SEIFA and workforce inputs.",derived_from_local_curated_source
2025Q3,2025 Q3,2025-03-31,ndia_service_area,Ovens Murray,0.7175,0.7216666666666667,-0.009000000000000024,0.01499999999999994,6,6,persistently low,insufficient history,insufficient history,0.9031746031746032,0.12695924764890282,,0.2671875,,"Cluster modelling was not run because the currently available feature set lacks the requested community, SEIFA and workforce inputs.",funded_plan_context_only
2025Q4,2025 Q4,2025-06-30,ndia_service_area,Ovens Murray,0.7074999999999999,0.7185714285714285,-0.0029999999999999953,0.005000000000000023,7,7,persistently low,insufficient history,insufficient history,0.919047619047619,0.14576802507836992,,0.20625,,"Cluster modelling was not run because the currently available feature set lacks the requested community, SEIFA and workforce inputs.",funded_plan_context_only
2026Q1,2026 Q1,2025-09-30,ndia_service_area,Ovens Murray,0.7000000000000001,0.71375,-0.010000000000000012,0.01414213562373092,8,8,persistently low,insufficient history,insufficient history,0.9365079365079365,0.1536050156739812,,0.12890625,,"Cluster modelling was not run because the currently available feature set lacks the requested community, SEIFA and workforce inputs.",funded_plan_context_only
2024Q2,2024 Q2,2023-12-31,ndia_service_area,Robina,,,,,0,0,insufficient history,insufficient history,insufficient history,0.1619047619047619,0.7163009404388715,0.275,0.9375,,"Cluster modelling was not run because the currently available feature set lacks the requested community, SEIFA and workforce inputs.",insufficient_history
2024Q3,2024 Q3,2024-03-31,ndia_service_area,Robina,0.805,,,0.007071067811865481,0,0,consistently high,insufficient history,insufficient history,0.17777777777777778,0.7570532915360502,,0.95859375,,"Cluster modelling was not run because the currently available feature set lacks the requested community, SEIFA and workforce inputs.",derived_from_local_curated_source
2024Q4,2024 Q4,2024-06-30,ndia_service_area,Robina,0.8066666666666666,,0.004999999999999929,0.0057735026918962545,0,0,consistently high,insufficient history,insufficient history,0.2,0.780564263322884,,0.95859375,,"Cluster modelling was not run because the currently available feature set lacks the requested community, SEIFA and workforce inputs.",derived_from_local_curated_source
2025Q1,2025 Q1,2024-09-30,ndia_service_area,Robina,0.8,0.8,-0.006000000000000003,0.01414213562373097,0,0,deteriorating,insufficient history,insufficient history,0.2396825396825397,0.7366771159874608,,0.81640625,,"Cluster modelling was not run because the currently available feature set lacks the requested community, SEIFA and workforce inputs.",derived_from_local_curated_source
2025Q2,2025 Q2,2024-12-31,ndia_service_area,Robina,0.7925000000000001,0.794,-0.014999999999999993,0.02061552812808831,0,0,deteriorating,insufficient history,insufficient history,0.2777777777777778,0.7115987460815048,,0.740625,,"Cluster modelling was not run because the currently available feature set lacks the requested community, SEIFA and workforce inputs.",derived_from_local_curated_source
2025Q3,2025 Q3,2025-03-31,ndia_service_area,Robina,0.78,0.7883333333333334,-0.01599999999999994,0.021602468994692845,0,1,deteriorating,insufficient history,insufficient history,0.2984126984126984,0.7476489028213166,,0.66484375,,"Cluster modelling was not run because the currently available feature set lacks the requested community, SEIFA and workforce inputs.",funded_plan_context_only
2025Q4,2025 Q4,2025-06-30,ndia_service_area,Robina,0.7675,0.7842857142857144,-0.00699999999999994,0.009574271077563307,0,2,deteriorating,insufficient history,insufficient history,0.3126984126984127,0.799373040752351,,0.66484375,,"Cluster modelling was not run because the currently available feature set lacks the requested community, SEIFA and workforce inputs.",funded_plan_context_only
2026Q1,2026 Q1,2025-09-30,ndia_service_area,Robina,0.76,0.78,-0.005999999999999937,0.008164965809277225,0,3,deteriorating,insufficient history,insufficient history,0.3349206349206349,0.8463949843260188,,0.57578125,,"Cluster modelling was not run because the currently available feature set lacks the requested community, SEIFA and workforce inputs.",funded_plan_context_only
2024Q2,2024 Q2,2023-12-31,ndia_service_area,Rockhampton,,,,,1,1,insufficient history,insufficient history,insufficient history,0.6349206349206349,0.1206896551724138,0.1625,0.2671875,,"Cluster modelling was not run because the currently available feature set lacks the requested community, SEIFA and workforce inputs.",insufficient_history
2024Q3,2024 Q3,2024-03-31,ndia_service_area,Rockhampton,0.71,,,0.0,2,2,stable,insufficient history,insufficient history,0.6619047619047619,0.15517241379310345,,0.2671875,,"Cluster modelling was not run because the currently available feature set lacks the requested community, SEIFA and workforce inputs.",derived_from_local_curated_source
2024Q4,2024 Q4,2024-06-30,ndia_service_area,Rockhampton,0.71,,-1.0559111937082386e-17,0.0,3,3,stable,insufficient history,insufficient history,0.6873015873015873,0.16614420062695925,,0.2671875,,"Cluster modelling was not run because the currently available feature set lacks the requested community, SEIFA and workforce inputs.",derived_from_local_curated_source
2025Q1,2025 Q1,2024-09-30,ndia_service_area,Rockhampton,0.7075,0.7075,-0.0029999999999999953,0.005000000000000023,4,4,persistently low,insufficient history,insufficient history,0.746031746031746,0.15987460815047022,,0.20625,,"Cluster modelling was not run because the currently available feature set lacks the requested community, SEIFA and workforce inputs.",derived_from_local_curated_source
2025Q2,2025 Q2,2024-12-31,ndia_service_area,Rockhampton,0.7024999999999999,0.704,-0.006999999999999985,0.009574271077563428,5,5,persistently low,insufficient history,insufficient history,0.7888888888888889,0.13479623824451412,,0.16015625,,"Cluster modelling was not run because the currently available feature set lacks the requested community, SEIFA and workforce inputs.",derived_from_local_curated_source
2025Q3,2025 Q3,2025-03-31,ndia_service_area,Rockhampton,0.695,0.7000000000000001,-0.009999999999999887,0.012909944487358114,6,6,persistently low,insufficient history,insufficient history,0.8126984126984127,0.13949843260188088,,0.12890625,,"Cluster modelling was not run because the currently available feature set lacks the requested community, SEIFA and workforce inputs.",funded_plan_context_only
2025Q4,2025 Q4,2025-06-30,ndia_service_area,Rockhampton,0.6875,0.6971428571428572,-0.006999999999999919,0.009574271077563508,7,7,persistently low,insufficient history,insufficient history,0.8396825396825397,0.17084639498432602,,0.12890625,,"Cluster modelling was not run because the currently available feature set lacks the requested community, SEIFA and workforce inputs.",funded_plan_context_only
2026Q1,2026 Q1,2025-09-30,ndia_service_area,Rockhampton,0.6799999999999999,0.69375,-0.005999999999999941,0.008164965809277436,8,8,persistently low,insufficient history,insufficient history,0.8587301587301587,0.17398119122257052,,0.10546875,,"Cluster modelling was not run because the currently available feature set lacks the requested community, SEIFA and workforce inputs.",funded_plan_context_only
2024Q2,2024 Q2,2023-12-31,ndia_service_area,South East Metro,,,,,1,1,insufficient history,insufficient history,insufficient history,0.09047619047619047,0.9169278996865203,0.875,0.66484375,,"Cluster modelling was not run because the currently available feature set lacks the requested community, SEIFA and workforce inputs.",insufficient_history
2024Q3,2024 Q3,2024-03-31,ndia_service_area,South East Metro,0.765,,,0.007071067811865481,2,2,stable,insufficient history,insufficient history,0.10793650793650794,0.9420062695924765,,0.740625,,"Cluster modelling was not run because the currently available feature set lacks the requested community, SEIFA and workforce inputs.",derived_from_local_curated_source
2024Q4,2024 Q4,2024-06-30,ndia_service_area,South East Metro,0.7666666666666666,,0.00500000000000001,0.0057735026918962545,3,3,recovering,insufficient history,insufficient history,0.11904761904761904,0.9529780564263323,,0.740625,,"Cluster modelling was not run because the currently available feature set lacks the requested community, SEIFA and workforce inputs.",derived_from_local_curated_source
2025Q1,2025 Q1,2024-09-30,ndia_service_area,South East Metro,0.765,0.765,-6.924009910210287e-17,0.005773502691896263,4,4,persistently low,insufficient history,insufficient history,0.14603174603174604,0.9545454545454546,,0.66484375,,"Cluster modelling was not run because the currently available feature set lacks the requested community, SEIFA and workforce inputs.",derived_from_local_curated_source
2025Q2,2025 Q2,2024-12-31,ndia_service_area,South East Metro,0.7649999999999999,0.764,-0.004000000000000017,0.005773502691896263,0,5,stable,insufficient history,insufficient history,0.16984126984126985,0.9498432601880877,,0.66484375,,"Cluster modelling was not run because the currently available feature set lacks the requested community, SEIFA and workforce inputs.",derived_from_local_curated_source
2025Q3,2025 Q3,2025-03-31,ndia_service_area,South East Metro,0.7625000000000001,0.7633333333333333,-0.0030000000000000387,0.004999999999999989,0,6,stable,insufficient history,insufficient history,0.18412698412698414,0.9592476489028213,,0.66484375,,"Cluster modelling was not run because the currently available feature set lacks the requested community, SEIFA and workforce inputs.",funded_plan_context_only
2025Q4,2025 Q4,2025-06-30,ndia_service_area,South East Metro,0.76,0.7628571428571428,3.270626751671016e-17,0.0,0,7,stable,insufficient history,insufficient history,0.19206349206349208,0.9608150470219435,,0.66484375,,"Cluster modelling was not run because the currently available feature set lacks the requested community, SEIFA and workforce inputs.",funded_plan_context_only
2026Q1,2026 Q1,2025-09-30,ndia_service_area,South East Metro,0.7575000000000001,0.76125,-0.002999999999999954,0.005000000000000023,0,8,stable,insufficient history,insufficient history,0.20793650793650795,0.9623824451410659,,0.57578125,,"Cluster modelling was not run because the currently available feature set lacks the requested community, SEIFA and workforce inputs.",funded_plan_context_only
2024Q2,2024 Q2,2023-12-31,ndia_service_area,South Eastern Sydney,,,,,0,0,insufficient history,insufficient history,insufficient history,0.026984126984126985,0.8479623824451411,0.7625,0.95859375,,"Cluster modelling was not run because the currently available feature set lacks the requested community, SEIFA and workforce inputs.",insufficient_history
2024Q3,2024 Q3,2024-03-31,ndia_service_area,South Eastern Sydney,0.815,,,0.007071067811865442,0,0,consistently high,insufficient history,insufficient history,0.031746031746031744,0.8526645768025078,,0.98046875,,"Cluster modelling was not run because the currently available feature set lacks the requested community, SEIFA and workforce inputs.",derived_from_local_curated_source
2024Q4,2024 Q4,2024-06-30,ndia_service_area,South Eastern Sydney,0.8133333333333334,,-2.175176438767245e-17,0.005773502691896215,0,0,consistently high,insufficient history,insufficient history,0.0380952380952381,0.8510971786833855,,0.95859375,,"Cluster modelling was not run because the currently available feature set lacks the requested community, SEIFA and workforce inputs.",derived_from_local_curated_source
2025Q1,2025 Q1,2024-09-30,ndia_service_area,South Eastern Sydney,0.8075,0.8075,-0.006999999999999977,0.012583057392117887,0,0,deteriorating,insufficient history,insufficient history,0.044444444444444446,0.8401253918495298,,0.89375,,"Cluster modelling was not run because the currently available feature set lacks the requested community, SEIFA and workforce inputs.",derived_from_local_curated_source
2025Q2,2025 Q2,2024-12-31,ndia_service_area,South Eastern Sydney,0.8,0.8019999999999999,-0.013999999999999856,0.01825741858350551,0,0,deteriorating,insufficient history,insufficient history,0.05396825396825397,0.8213166144200627,,0.81640625,,"Cluster modelling was not run because the currently available feature set lacks the requested community, SEIFA and workforce inputs.",derived_from_local_curated_source
2025Q3,2025 Q3,2025-03-31,ndia_service_area,South Eastern Sydney,0.7925000000000001,0.7999999999999999,-0.007000000000000037,0.012583057392117956,0,0,deteriorating,insufficient history,insufficient history,0.05714285714285714,0.8385579937304075,,0.89375,,"Cluster modelling was not run because the currently available feature set lacks the requested community, SEIFA and workforce inputs.",funded_plan_context_only
2025Q4,2025 Q4,2025-06-30,ndia_service_area,South Eastern Sydney,0.7875000000000001,0.7985714285714286,0.0010000000000000206,0.0050000000000001345,0,0,consistently high,insufficient history,insufficient history,0.06507936507936508,0.8652037617554859,,0.89375,,"Cluster modelling was not run because the currently available feature set lacks the requested community, SEIFA and workforce inputs.",funded_plan_context_only
2026Q1,2026 Q1,2025-09-30,ndia_service_area,South Eastern Sydney,0.7825000000000001,0.795,-0.003000000000000033,0.009574271077563486,0,0,consistently high,insufficient history,insufficient history,0.06984126984126984,0.8761755485893417,,0.740625,,"Cluster modelling was not run because the currently available feature set lacks the requested community, SEIFA and workforce inputs.",funded_plan_context_only
2024Q2,2024 Q2,2023-12-31,ndia_service_area,South Metro,,,,,1,1,insufficient history,insufficient history,insufficient history,0.15873015873015872,0.29310344827586204,0.6125,0.57578125,,"Cluster modelling was not run because the currently available feature set lacks the requested community, SEIFA and workforce inputs.",insufficient_history
2024Q3,2024 Q3,2024-03-31,ndia_service_area,South Metro,0.75,,,0.0,2,2,stable,insufficient history,insufficient history,0.19523809523809524,0.30407523510971785,,0.57578125,,"Cluster modelling was not run because the currently available feature set lacks the requested community, SEIFA and workforce inputs.",derived_from_local_curated_source
2024Q4,2024 Q4,2024-06-30,ndia_service_area,South Metro,0.7533333333333333,,0.005000000000000076,0.005773502691896279,3,3,recovering,insufficient history,insufficient history,0.22380952380952382,0.32445141065830724,,0.66484375,,"Cluster modelling was not run because the currently available feature set lacks the requested community, SEIFA and workforce inputs.",derived_from_local_curated_source
2025Q1,2025 Q1,2024-09-30,ndia_service_area,South Metro,0.75,0.75,-0.0019999999999999675,0.008164965809277268,4,4,persistently low,insufficient history,insufficient history,0.26666666666666666,0.30094043887147337,,0.47890625,,"Cluster modelling was not run because the currently available feature set lacks the requested community, SEIFA and workforce inputs.",derived_from_local_curated_source
2025Q2,2025 Q2,2024-12-31,ndia_service_area,South Metro,0.745,0.746,-0.008,0.012909944487358068,5,5,persistently low,insufficient history,insufficient history,0.31746031746031744,0.30250783699059564,,0.39296875,,"Cluster modelling was not run because the currently available feature set lacks the requested community, SEIFA and workforce inputs.",derived_from_local_curated_source
2025Q3,2025 Q3,2025-03-31,ndia_service_area,South Metro,0.7424999999999999,0.745,-0.006999999999999933,0.012583057392117921,6,0,persistently low,insufficient history,insufficient history,0.35873015873015873,0.335423197492163,,0.47890625,,"Cluster modelling was not run because the currently available feature set lacks the requested community, SEIFA and workforce inputs.",funded_plan_context_only
2025Q4,2025 Q4,2025-06-30,ndia_service_area,South Metro,0.7350000000000001,0.7428571428571429,-0.001999999999999981,0.005773502691896142,7,1,persistently low,insufficient history,insufficient history,0.39365079365079364,0.4012539184952978,,0.39296875,,"Cluster modelling was not run because the currently available feature set lacks the requested community, SEIFA and workforce inputs.",funded_plan_context_only
2026Q1,2026 Q1,2025-09-30,ndia_service_area,South Metro,0.7324999999999999,0.74125,-0.0009999999999999727,0.004999999999999798,8,0,persistently low,insufficient history,insufficient history,0.4365079365079365,0.4200626959247649,,0.39296875,,"Cluster modelling was not run because the currently available feature set lacks the requested community, SEIFA and workforce inputs.",funded_plan_context_only
2024Q2,2024 Q2,2023-12-31,ndia_service_area,South West,,,,,1,1,insufficient history,insufficient history,insufficient history,0.19365079365079366,0.2006269592476489,0.3125,0.32734375,,"Cluster modelling was not run because the currently available feature set lacks the requested community, SEIFA and workforce inputs.",insufficient_history
2024Q3,2024 Q3,2024-03-31,ndia_service_area,South West,0.715,,,0.007071067811865481,2,2,stable,insufficient history,insufficient history,0.2253968253968254,0.20532915360501566,,0.2671875,,"Cluster modelling was not run because the currently available feature set lacks the requested community, SEIFA and workforce inputs.",funded_plan_context_only
2024Q4,2024 Q4,2024-06-30,ndia_service_area,South West,0.7133333333333333,,-0.005000000000000055,0.0057735026918962545,3,3,deteriorating,insufficient history,insufficient history,0.2365079365079365,0.22413793103448276,,0.2671875,,"Cluster modelling was not run because the currently available feature set lacks the requested community, SEIFA and workforce inputs.",funded_plan_context_only
2025Q1,2025 Q1,2024-09-30,ndia_service_area,South West,0.705,0.705,-0.011999999999999967,0.017320508075688718,4,4,persistently low,insufficient history,insufficient history,0.2714285714285714,0.22570532915360503,,0.12890625,,"Cluster modelling was not run because the currently available feature set lacks the requested community, SEIFA and workforce inputs.",funded_plan_context_only
2025Q2,2025 Q2,2024-12-31,ndia_service_area,South West,0.695,0.7,-0.01199999999999994,0.01732050807568868,5,5,persistently low,insufficient history,insufficient history,0.30952380952380953,0.22884012539184953,,0.12890625,,"Cluster modelling was not run because the currently available feature set lacks the requested community, SEIFA and workforce inputs.",funded_plan_context_only
2025Q3,2025 Q3,2025-03-31,ndia_service_area,South West,0.6925000000000001,0.7000000000000001,-0.0030000000000000256,0.014999999999999892,6,6,persistently low,insufficient history,insufficient history,0.353968253968254,0.23824451410658307,,0.20625,,"Cluster modelling was not run because the currently available feature set lacks the requested community, SEIFA and workforce inputs.",funded_plan_context_only
2025Q4,2025 Q4,2025-06-30,ndia_service_area,South West,0.6900000000000001,0.7000000000000001,0.007999999999999955,0.01154700538379234,7,7,persistently low,insufficient history,insufficient history,0.37777777777777777,0.2836990595611285,,0.20625,,"Cluster modelling was not run because the currently available feature set lacks the requested community, SEIFA and workforce inputs.",funded_plan_context_only
2026Q1,2026 Q1,2025-09-30,ndia_service_area,South West,0.6925,0.69875,0.002999999999999961,0.009574271077563213,8,8,persistently low,insufficient history,insufficient history,0.4111111111111111,0.28213166144200624,,0.16015625,,"Cluster modelling was not run because the currently available feature set lacks the requested community, SEIFA and workforce inputs.",funded_plan_context_only
2024Q2,2024 Q2,2023-12-31,ndia_service_area,South Western Sydney,,,,,0,0,insufficient history,insufficient history,insufficient history,0.2634920634920635,0.7633228840125392,0.4875,0.99921875,,"Cluster modelling was not run because the currently available feature set lacks the requested community, SEIFA and workforce inputs.",insufficient_history
2024Q3,2024 Q3,2024-03-31,ndia_service_area,South Western Sydney,0.85,,,0.0,0,0,consistently high,insufficient history,insufficient history,0.2904761904761905,0.774294670846395,,0.99921875,,"Cluster modelling was not run because the currently available feature set lacks the requested community, SEIFA and workforce inputs.",derived_from_local_curated_source
2024Q4,2024 Q4,2024-06-30,ndia_service_area,South Western Sydney,0.8466666666666667,,-0.005000000000000115,0.005773502691896279,0,0,deteriorating,insufficient history,insufficient history,0.319047619047619,0.8009404388714734,,0.9953125,,"Cluster modelling was not run because the currently available feature set lacks the requested community, SEIFA and workforce inputs.",derived_from_local_curated_source
2025Q1,2025 Q1,2024-09-30,ndia_service_area,South Western Sydney,0.84,0.84,-0.009999999999999986,0.014142135623730975,0,0,deteriorating,insufficient history,insufficient history,0.37936507936507935,0.768025078369906,,0.98046875,,"Cluster modelling was not run because the currently available feature set lacks the requested community, SEIFA and workforce inputs.",derived_from_local_curated_source
2025Q2,2025 Q2,2024-12-31,ndia_service_area,South Western Sydney,0.8324999999999999,0.836,-0.011000000000000003,0.015000000000000045,0,0,deteriorating,insufficient history,insufficient history,0.43174603174603177,0.7398119122257053,,0.98046875,,"Cluster modelling was not run because the currently available feature set lacks the requested community, SEIFA and workforce inputs.",derived_from_local_curated_source
2025Q3,2025 Q3,2025-03-31,ndia_service_area,South Western Sydney,0.8274999999999999,0.835,-0.003000000000000023,0.009574271077563468,0,0,consistently high,insufficient history,insufficient history,0.4523809523809524,0.7915360501567398,,0.98984375,,"Cluster modelling was not run because the currently available feature set lacks the requested community, SEIFA and workforce inputs.",funded_plan_context_only
2025Q4,2025 Q4,2025-06-30,ndia_service_area,South Western Sydney,0.825,0.8342857142857143,0.004000000000000056,0.005773502691896436,0,0,consistently high,insufficient history,insufficient history,0.46984126984126984,0.841692789968652,,0.98984375,,"Cluster modelling was not run because the currently available feature set lacks the requested community, SEIFA and workforce inputs.",funded_plan_context_only
2026Q1,2026 Q1,2025-09-30,ndia_service_area,South Western Sydney,0.825,0.8325,-2.811935247793059e-17,0.005773502691896436,0,0,consistently high,insufficient history,insufficient history,0.49047619047619045,0.8620689655172413,,0.98046875,,"Cluster modelling was not run because the currently available feature set lacks the requested community, SEIFA and workforce inputs.",funded_plan_context_only
2024Q2,2024 Q2,2023-12-31,ndia_service_area,Southern Adelaide,,,,,0,1,insufficient history,insufficient history,insufficient history,0.638095238095238,0.7037617554858934,0.0375,0.81640625,,"Cluster modelling was not run because the currently available feature set lacks the requested community, SEIFA and workforce inputs.",insufficient_history
2024Q3,2024 Q3,2024-03-31,ndia_service_area,Southern Adelaide,0.78,,,0.0,0,2,stable,insufficient history,insufficient history,0.6761904761904762,0.7507836990595611,,0.81640625,,"Cluster modelling was not run because the currently available feature set lacks the requested community, SEIFA and workforce inputs.",derived_from_local_curated_source
2024Q4,2024 Q4,2024-06-30,ndia_service_area,Southern Adelaide,0.7833333333333333,,0.004999999999999993,0.005773502691896279,0,3,stable,insufficient history,insufficient history,0.7031746031746032,0.7978056426332288,,0.89375,,"Cluster modelling was not run because the currently available feature set lacks the requested community, SEIFA and workforce inputs.",derived_from_local_curated_source
2025Q1,2025 Q1,2024-09-30,ndia_service_area,Southern Adelaide,0.78,0.78,-0.0019999999999999706,0.008164965809277268,0,4,stable,insufficient history,insufficient history,0.7634920634920634,0.7727272727272727,,0.740625,,"Cluster modelling was not run because the currently available feature set lacks the requested community, SEIFA and workforce inputs.",derived_from_local_curated_source
2025Q2,2025 Q2,2024-12-31,ndia_service_area,Southern Adelaide,0.7725,0.774,-0.011000000000000062,0.01707825127659933,0,5,deteriorating,insufficient history,insufficient history,0.8285714285714286,0.7178683385579937,,0.57578125,,"Cluster modelling was not run because the currently available feature set lacks the requested community, SEIFA and workforce inputs.",derived_from_local_curated_source
2025Q3,2025 Q3,2025-03-31,ndia_service_area,Southern Adelaide,0.765,0.77,-0.013999999999999981,0.01914854215512672,1,6,deteriorating,insufficient history,insufficient history,0.8666666666666667,0.7335423197492164,,0.57578125,,"Cluster modelling was not run because the currently available feature set lacks the requested community, SEIFA and workforce inputs.",funded_plan_context_only
2025Q4,2025 Q4,2025-06-30,ndia_service_area,Southern Adelaide,0.755,0.7671428571428571,-0.005999999999999976,0.009999999999999728,2,7,deteriorating,insufficient history,insufficient history,0.8857142857142857,0.7648902821316614,,0.57578125,,"Cluster modelling was not run because the currently available feature set lacks the requested community, SEIFA and workforce inputs.",funded_plan_context_only
2026Q1,2026 Q1,2025-09-30,ndia_service_area,Southern Adelaide,0.7475,0.76375,-0.0029999999999998617,0.005000000000000023,0,8,stable,insufficient history,insufficient history,0.9095238095238095,0.786833855799373,,0.47890625,,"Cluster modelling was not run because the currently available feature set lacks the requested community, SEIFA and workforce inputs.",funded_plan_context_only
2024Q2,2024 Q2,2023-12-31,ndia_service_area,Southern Melbourne,,,,,0,0,insufficient history,insufficient history,insufficient history,0.28888888888888886,0.49686520376175547,0.25,0.95859375,,"Cluster modelling was not run because the currently available feature set lacks the requested community, SEIFA and workforce inputs.",insufficient_history
2024Q3,2024 Q3,2024-03-31,ndia_service_area,Southern Melbourne,0.81,,,0.0,0,0,consistently high,insufficient history,insufficient history,0.33174603174603173,0.5141065830721003,,0.95859375,,"Cluster modelling was not run because the currently available feature set lacks the requested community, SEIFA and workforce inputs.",derived_from_local_curated_source
2024Q4,2024 Q4,2024-06-30,ndia_service_area,Southern Melbourne,0.8066666666666666,,-0.00499999999999992,0.005773502691896279,0,0,consistently high,insufficient history,insufficient history,0.3603174603174603,0.5391849529780565,,0.9375,,"Cluster modelling was not run because the currently available feature set lacks the requested community, SEIFA and workforce inputs.",derived_from_local_curated_source
2025Q1,2025 Q1,2024-09-30,ndia_service_area,Southern Melbourne,0.8025,0.8025,-0.0069999999999999455,0.00957427107756342,0,0,deteriorating,insufficient history,insufficient history,0.4158730158730159,0.5517241379310345,,0.89375,,"Cluster modelling was not run because the currently available feature set lacks the requested community, SEIFA and workforce inputs.",derived_from_local_curated_source
2025Q2,2025 Q2,2024-12-31,ndia_service_area,Southern Melbourne,0.795,0.798,-0.00999999999999999,0.012909944487358159,0,0,deteriorating,insufficient history,insufficient history,0.4634920634920635,0.5705329153605015,,0.81640625,,"Cluster modelling was not run because the currently available feature set lacks the requested community, SEIFA and workforce inputs.",derived_from_local_curated_source
2025Q3,2025 Q3,2025-03-31,ndia_service_area,Southern Melbourne,0.79,0.7966666666666667,-0.003999999999999936,0.00816496580927749,0,0,consistently high,insufficient history,insufficient history,0.47619047619047616,0.64576802507837,,0.89375,,"Cluster modelling was not run because the currently available feature set lacks the requested community, SEIFA and workforce inputs.",funded_plan_context_only
2025Q4,2025 Q4,2025-06-30,ndia_service_area,Southern Melbourne,0.7875000000000001,0.7957142857142857,0.0010000000000000206,0.0050000000000004485,0,0,consistently high,insufficient history,insufficient history,0.4936507936507937,0.7053291536050157,,0.89375,,"Cluster modelling was not run because the currently available feature set lacks the requested community, SEIFA and workforce inputs.",funded_plan_context_only
2026Q1,2026 Q1,2025-09-30,ndia_service_area,Southern Melbourne,0.7850000000000001,0.7937500000000001,2.528900667667612e-17,0.005773502691896661,0,0,consistently high,insufficient history,insufficient history,0.5222222222222223,0.7288401253918495,,0.81640625,,"Cluster modelling was not run because the currently available feature set lacks the requested community, SEIFA and workforce inputs.",funded_plan_context_only
2024Q2,2024 Q2,2023-12-31,ndia_service_area,Southern NSW,,,,,1,1,insufficient history,insufficient history,insufficient history,0.26825396825396824,0.12225705329153605,0.475,0.32734375,,"Cluster modelling was not run because the currently available feature set lacks the requested community, SEIFA and workforce inputs.",insufficient_history
2024Q3,2024 Q3,2024-03-31,ndia_service_area,Southern NSW,0.72,,,0.0,2,2,stable,insufficient history,insufficient history,0.30793650793650795,0.11442006269592477,,0.32734375,,"Cluster modelling was not run because the currently available feature set lacks the requested community, SEIFA and workforce inputs.",derived_from_local_curated_source
2024Q4,2024 Q4,2024-06-30,ndia_service_area,Southern NSW,0.72,,-2.7905799837696896e-17,0.0,3,3,stable,insufficient history,insufficient history,0.34444444444444444,0.11755485893416928,,0.32734375,,"Cluster modelling was not run because the currently available feature set lacks the requested community, SEIFA and workforce inputs.",derived_from_local_curated_source
2025Q1,2025 Q1,2024-09-30,ndia_service_area,Southern NSW,0.715,0.715,-0.005999999999999994,0.010000000000000009,4,4,persistently low,insufficient history,insufficient history,0.36984126984126986,0.11912225705329153,,0.20625,,"Cluster modelling was not run because the currently available feature set lacks the requested community, SEIFA and workforce inputs.",derived_from_local_curated_source
2025Q2,2025 Q2,2024-12-31,ndia_service_area,Southern NSW,0.7074999999999999,0.71,-0.010999999999999947,0.014999999999999989,5,5,persistently low,insufficient history,insufficient history,0.40634920634920635,0.10658307210031348,,0.16015625,,"Cluster modelling was not run because the currently available feature set lacks the requested community, SEIFA and workforce inputs.",derived_from_local_curated_source
2025Q3,2025 Q3,2025-03-31,ndia_service_area,Southern NSW,0.7,0.7066666666666667,-0.009999999999999922,0.014142135623730916,6,6,persistently low,insufficient history,insufficient history,0.4380952380952381,0.11285266457680251,,0.16015625,,"Cluster modelling was not run because the currently available feature set lacks the requested community, SEIFA and workforce inputs.",funded_plan_context_only
2025Q4,2025 Q4,2025-06-30,ndia_service_area,Southern NSW,0.6950000000000001,0.7057142857142856,-3.0246849456378803e-17,0.005773502691896134,7,7,persistently low,insufficient history,insufficient history,0.4587301587301587,0.15830721003134796,,0.20625,,"Cluster modelling was not run because the currently available feature set lacks the requested community, SEIFA and workforce inputs.",funded_plan_context_only
2026Q1,2026 Q1,2025-09-30,ndia_service_area,Southern NSW,0.69,0.7025,-0.0019999999999998986,0.008164965809277112,8,8,persistently low,insufficient history,insufficient history,0.4793650793650794,0.1426332288401254,,0.12890625,,"Cluster modelling was not run because the currently available feature set lacks the requested community, SEIFA and workforce inputs.",funded_plan_context_only
2024Q2,2024 Q2,2023-12-31,ndia_service_area,Sydney,,,,,0,1,insufficient history,insufficient history,insufficient history,0.0015873015873015873,0.7272727272727273,0.9625,0.81640625,,"Cluster modelling was not run because the currently available feature set lacks the requested community, SEIFA and workforce inputs.",insufficient_history
2024Q3,2024 Q3,2024-03-31,ndia_service_area,Sydney,0.775,,,0.007071067811865481,1,2,stable,insufficient history,insufficient history,0.0031746031746031746,0.7774294670846394,,0.740625,,"Cluster modelling was not run because the currently available feature set lacks the requested community, SEIFA and workforce inputs.",derived_from_local_curated_source
2024Q4,2024 Q4,2024-06-30,ndia_service_area,Sydney,0.7766666666666667,,-1.2517020506248578e-16,0.0057735026918962545,0,3,stable,insufficient history,insufficient history,0.004761904761904762,0.8040752351097179,,0.81640625,,"Cluster modelling was not run because the currently available feature set lacks the requested community, SEIFA and workforce inputs.",derived_from_local_curated_source
2025Q1,2025 Q1,2024-09-30,ndia_service_area,Sydney,0.775,0.775,-0.002000000000000017,0.005773502691896263,0,4,stable,insufficient history,insufficient history,0.006349206349206349,0.85423197492163,,0.740625,,"Cluster modelling was not run because the currently available feature set lacks the requested community, SEIFA and workforce inputs.",derived_from_local_curated_source
2025Q2,2025 Q2,2024-12-31,ndia_service_area,Sydney,0.77,0.772,-0.004000000000000055,0.008164965809277256,0,5,stable,insufficient history,insufficient history,0.007936507936507936,0.8322884012539185,,0.66484375,,"Cluster modelling was not run because the currently available feature set lacks the requested community, SEIFA and workforce inputs.",derived_from_local_curated_source
2025Q3,2025 Q3,2025-03-31,ndia_service_area,Sydney,0.77,0.7716666666666666,-0.0040000000000000304,0.008164965809277256,0,6,stable,insufficient history,insufficient history,0.009523809523809525,0.8573667711598746,,0.740625,,"Cluster modelling was not run because the currently available feature set lacks the requested community, SEIFA and workforce inputs.",funded_plan_context_only
2025Q4,2025 Q4,2025-06-30,ndia_service_area,Sydney,0.7675000000000001,0.7714285714285715,0.0010000000000000325,0.00499999999999999,0,7,stable,insufficient history,insufficient history,0.011111111111111112,0.8934169278996865,,0.740625,,"Cluster modelling was not run because the currently available feature set lacks the requested community, SEIFA and workforce inputs.",funded_plan_context_only
2026Q1,2026 Q1,2025-09-30,ndia_service_area,Sydney,0.765,0.77,-6.924009910210287e-17,0.005773502691896263,0,0,consistently high,insufficient history,insufficient history,0.012698412698412698,0.896551724137931,,0.66484375,,"Cluster modelling was not run because the currently available feature set lacks the requested community, SEIFA and workforce inputs.",funded_plan_context_only
2024Q2,2024 Q2,2023-12-31,ndia_service_area,TAS North,,,,,1,1,insufficient history,insufficient history,insufficient history,0.4095238095238095,0.7225705329153606,0.225,0.39296875,,"Cluster modelling was not run because the currently available feature set lacks the requested community, SEIFA and workforce inputs.",insufficient_history
2024Q3,2024 Q3,2024-03-31,ndia_service_area,TAS North,0.735,,,0.007071067811865481,2,2,stable,insufficient history,insufficient history,0.44126984126984126,0.7586206896551724,,0.47890625,,"Cluster modelling was not run because the currently available feature set lacks the requested community, SEIFA and workforce inputs.",derived_from_local_curated_source
2024Q4,2024 Q4,2024-06-30,ndia_service_area,TAS North,0.7366666666666667,,0.004999999999999994,0.0057735026918962545,3,3,stable,insufficient history,insufficient history,0.4650793650793651,0.8197492163009404,,0.47890625,,"Cluster modelling was not run because the currently available feature set lacks the requested community, SEIFA and workforce inputs.",derived_from_local_curated_source
2025Q1,2025 Q1,2024-09-30,ndia_service_area,TAS North,0.735,0.735,2.2742097527042462e-17,0.005773502691896263,4,4,persistently low,insufficient history,insufficient history,0.5,0.7601880877742947,,0.39296875,,"Cluster modelling was not run because the currently available feature set lacks the requested community, SEIFA and workforce inputs.",derived_from_local_curated_source
2025Q2,2025 Q2,2024-12-31,ndia_service_area,TAS North,0.7324999999999999,0.732,-0.007000000000000031,0.009574271077563411,5,5,persistently low,insufficient history,insufficient history,0.5317460317460317,0.725705329153605,,0.32734375,,"Cluster modelling was not run because the currently available feature set lacks the requested community, SEIFA and workforce inputs.",derived_from_local_curated_source
2025Q3,2025 Q3,2025-03-31,ndia_service_area,TAS North,0.7274999999999999,0.73,-0.006999999999999976,0.00957427107756346,6,6,persistently low,insufficient history,insufficient history,0.5682539682539682,0.700626959247649,,0.32734375,,"Cluster modelling was not run because the currently available feature set lacks the requested community, SEIFA and workforce inputs.",funded_plan_context_only
2025Q4,2025 Q4,2025-06-30,ndia_service_area,TAS North,0.7224999999999999,0.7285714285714285,-0.00300000000000002,0.005000000000000213,7,7,persistently low,insufficient history,insufficient history,0.5793650793650794,0.7084639498432602,,0.32734375,,"Cluster modelling was not run because the currently available feature set lacks the requested community, SEIFA and workforce inputs.",funded_plan_context_only
2026Q1,2026 Q1,2025-09-30,ndia_service_area,TAS North,0.7175,0.72625,-0.0029999999999999775,0.005000000000000023,8,8,persistently low,insufficient history,insufficient history,0.6031746031746031,0.7445141065830722,,0.2671875,,"Cluster modelling was not run because the currently available feature set lacks the requested community, SEIFA and workforce inputs.",funded_plan_context_only
2024Q2,2024 Q2,2023-12-31,ndia_service_area,TAS North West,,,,,1,0,insufficient history,insufficient history,insufficient history,0.4,0.9404388714733543,0.45,0.66484375,,"Cluster modelling was not run because the currently available feature set lacks the requested community, SEIFA and workforce inputs.",insufficient_history
2024Q3,2024 Q3,2024-03-31,ndia_service_area,TAS North West,0.765,,,0.007071067811865481,2,0,stable,insufficient history,insufficient history,,,,0.740625,,"Cluster modelling was not run because the currently available feature set lacks the requested community, SEIFA and workforce inputs.",derived_from_local_curated_source
2024Q4,2024 Q4,2024-06-30,ndia_service_area,TAS North West,0.77,,0.010000000000000063,0.010000000000000009,0,0,recovering,insufficient history,insufficient history,0.45396825396825397,0.9561128526645768,,0.81640625,,"Cluster modelling was not run because the currently available feature set lacks the requested community, SEIFA and workforce inputs.",funded_plan_context_only
2025Q1,2025 Q1,2024-09-30,ndia_service_area,TAS North West,0.77,0.77,0.004000000000000019,0.008164965809277268,0,0,stable,insufficient history,insufficient history,0.49206349206349204,0.9467084639498433,,0.740625,,"Cluster modelling was not run because the currently available feature set lacks the requested community, SEIFA and workforce inputs.",derived_from_local_curated_source
2025Q2,2025 Q2,2024-12-31,ndia_service_area,TAS North West,0.77,0.768,-0.004000000000000055,0.008164965809277268,0,0,stable,insufficient history,insufficient history,0.5380952380952381,0.9122257053291536,,0.66484375,,"Cluster modelling was not run because the currently available feature set lacks the requested community, SEIFA and workforce inputs.",derived_from_local_curated_source
2025Q3,2025 Q3,2025-03-31,ndia_service_area,TAS North West,0.7649999999999999,0.765,-0.009999999999999898,0.012909944487358068,1,0,deteriorating,insufficient history,insufficient history,0.5650793650793651,0.8949843260188087,,0.57578125,,"Cluster modelling was not run because the currently available feature set lacks the requested community, SEIFA and workforce inputs.",funded_plan_context_only
2025Q4,2025 Q4,2025-06-30,ndia_service_area,TAS North West,0.7525,0.76,-0.012999999999999982,0.01707825127659933,2,1,deteriorating,insufficient history,insufficient history,0.5936507936507937,0.9137931034482759,,0.39296875,,"Cluster modelling was not run because the currently available feature set lacks the requested community, SEIFA and workforce inputs.",funded_plan_context_only
2026Q1,2026 Q1,2025-09-30,ndia_service_area,TAS North West,0.7375,0.75375,-0.01699999999999996,0.02217355782608341,3,2,deteriorating,insufficient history,insufficient history,0.6158730158730159,0.9059561128526645,,0.2671875,,"Cluster modelling was not run because the currently available feature set lacks the requested community, SEIFA and workforce inputs.",funded_plan_context_only
2024Q2,2024 Q2,2023-12-31,ndia_service_area,TAS South East,,,,,1,1,insufficient history,insufficient history,insufficient history,0.3111111111111111,0.4043887147335423,0.525,0.32734375,,"Cluster modelling was not run because the currently available feature set lacks the requested community, SEIFA and workforce inputs.",insufficient_history
2024Q3,2024 Q3,2024-03-31,ndia_service_area,TAS South East,0.725,,,0.007071067811865481,2,0,stable,insufficient history,insufficient history,0.35714285714285715,0.445141065830721,,0.39296875,,"Cluster modelling was not run because the currently available feature set lacks the requested community, SEIFA and workforce inputs.",derived_from_local_curated_source
2024Q4,2024 Q4,2024-06-30,ndia_service_area,TAS South East,0.7233333333333333,,-7.731507427543715e-17,0.0057735026918962545,3,1,stable,insufficient history,insufficient history,0.3746031746031746,0.4608150470219436,,0.32734375,,"Cluster modelling was not run because the currently available feature set lacks the requested community, SEIFA and workforce inputs.",derived_from_local_curated_source
2025Q1,2025 Q1,2024-09-30,ndia_service_area,TAS South East,0.72,0.72,-0.003999999999999986,0.008164965809277256,4,0,persistently low,insufficient history,insufficient history,0.4396825396825397,0.4373040752351097,,0.2671875,,"Cluster modelling was not run because the currently available feature set lacks the requested community, SEIFA and workforce inputs.",derived_from_local_curated_source
2025Q2,2025 Q2,2024-12-31,ndia_service_area,TAS South East,0.7175,0.718,-0.007000000000000062,0.00957427107756339,5,0,persistently low,insufficient history,insufficient history,0.4746031746031746,0.3871473354231975,,0.2671875,,"Cluster modelling was not run because the currently available feature set lacks the requested community, SEIFA and workforce inputs.",derived_from_local_curated_source
2025Q3,2025 Q3,2025-03-31,ndia_service_area,TAS South East,0.7124999999999999,0.7166666666666667,-0.0030000000000000113,0.005000000000000079,6,0,persistently low,insufficient history,insufficient history,0.5063492063492063,0.4153605015673981,,0.2671875,,"Cluster modelling was not run because the currently available feature set lacks the requested community, SEIFA and workforce inputs.",funded_plan_context_only
2025Q4,2025 Q4,2025-06-30,ndia_service_area,TAS South East,0.7075,0.7142857142857143,-0.0029999999999999953,0.005000000000000023,7,1,persistently low,insufficient history,insufficient history,0.5238095238095238,0.44670846394984326,,0.20625,,"Cluster modelling was not run because the currently available feature set lacks the requested community, SEIFA and workforce inputs.",funded_plan_context_only
2026Q1,2026 Q1,2025-09-30,ndia_service_area,TAS South East,0.7024999999999999,0.7112499999999999,-0.006999999999999985,0.009574271077563428,8,2,persistently low,insufficient history,insufficient history,0.5555555555555556,0.4827586206896552,,0.16015625,,"Cluster modelling was not run because the currently available feature set lacks the requested community, SEIFA and workforce inputs.",funded_plan_context_only
2024Q2,2024 Q2,2023-12-31,ndia_service_area,TAS South West,,,,,1,1,insufficient history,insufficient history,insufficient history,0.22698412698412698,0.9106583072100314,0.5125,0.39296875,,"Cluster modelling was not run because the currently available feature set lacks the requested community, SEIFA and workforce inputs.",insufficient_history
2024Q3,2024 Q3,2024-03-31,ndia_service_area,TAS South West,0.735,,,0.007071067811865481,2,2,stable,insufficient history,insufficient history,0.24761904761904763,0.9357366771159875,,0.47890625,,"Cluster modelling was not run because the currently available feature set lacks the requested community, SEIFA and workforce inputs.",derived_from_local_curated_source
2024Q4,2024 Q4,2024-06-30,ndia_service_area,TAS South West,0.7433333333333333,,0.015000000000000053,0.015275252316519494,3,3,recovering,insufficient history,insufficient history,0.2746031746031746,0.957680250783699,,0.66484375,,"Cluster modelling was not run because the currently available feature set lacks the requested community, SEIFA and workforce inputs.",derived_from_local_curated_source
2025Q1,2025 Q1,2024-09-30,ndia_service_area,TAS South West,0.745,0.745,0.00800000000000007,0.01290994448735808,4,0,persistently low,insufficient history,insufficient history,0.3238095238095238,0.95141065830721,,0.57578125,,"Cluster modelling was not run because the currently available feature set lacks the requested community, SEIFA and workforce inputs.",derived_from_local_curated_source
2025Q2,2025 Q2,2024-12-31,ndia_service_area,TAS South West,0.7475,0.744,-0.0009999999999999471,0.009574271077563418,5,0,persistently low,insufficient history,insufficient history,0.3682539682539683,0.9373040752351097,,0.47890625,,"Cluster modelling was not run because the currently available feature set lacks the requested community, SEIFA and workforce inputs.",derived_from_local_curated_source
2025Q3,2025 Q3,2025-03-31,ndia_service_area,TAS South West,0.7474999999999999,0.7433333333333333,-0.006999999999999976,0.009574271077563418,6,0,persistently low,insufficient history,insufficient history,0.4031746031746032,0.9310344827586207,,0.47890625,,"Cluster modelling was not run because the currently available feature set lacks the requested community, SEIFA and workforce inputs.",funded_plan_context_only
2025Q4,2025 Q4,2025-06-30,ndia_service_area,TAS South West,0.745,0.7442857142857143,9.098789343768984e-17,0.005773502691896332,7,0,persistently low,insufficient history,insufficient history,0.4222222222222222,0.945141065830721,,0.57578125,,"Cluster modelling was not run because the currently available feature set lacks the requested community, SEIFA and workforce inputs.",funded_plan_context_only
2026Q1,2026 Q1,2025-09-30,ndia_service_area,TAS South West,0.745,0.745,0.0040000000000000565,0.005773502691896332,0,0,stable,insufficient history,insufficient history,0.4444444444444444,0.9482758620689655,,0.57578125,,"Cluster modelling was not run because the currently available feature set lacks the requested community, SEIFA and workforce inputs.",funded_plan_context_only
2024Q2,2024 Q2,2023-12-31,ndia_service_area,Toowoomba,,,,,1,0,insufficient history,insufficient history,insufficient history,0.5365079365079365,0.6974921630094044,0.375,0.66484375,,"Cluster modelling was not run because the currently available feature set lacks the requested community, SEIFA and workforce inputs.",insufficient_history
2024Q3,2024 Q3,2024-03-31,ndia_service_area,Toowoomba,0.76,,,0.0,2,0,stable,insufficient history,insufficient history,0.5666666666666667,0.7554858934169278,,0.66484375,,"Cluster modelling was not run because the currently available feature set lacks the requested community, SEIFA and workforce inputs.",derived_from_local_curated_source
2024Q4,2024 Q4,2024-06-30,ndia_service_area,Toowoomba,0.76,,-5.865565135133625e-17,0.0,3,0,stable,insufficient history,insufficient history,0.5857142857142857,0.8338557993730408,,0.66484375,,"Cluster modelling was not run because the currently available feature set lacks the requested community, SEIFA and workforce inputs.",derived_from_local_curated_source
2025Q1,2025 Q1,2024-09-30,ndia_service_area,Toowoomba,0.755,0.755,-0.0060000000000000305,0.010000000000000009,4,0,persistently low,insufficient history,insufficient history,0.6301587301587301,0.8166144200626959,,0.47890625,,"Cluster modelling was not run because the currently available feature set lacks the requested community, SEIFA and workforce inputs.",derived_from_local_curated_source
2025Q2,2025 Q2,2024-12-31,ndia_service_area,Toowoomba,0.7449999999999999,0.748,-0.013999999999999953,0.01914854215512677,5,0,persistently low,insufficient history,insufficient history,0.6777777777777778,0.8087774294670846,,0.32734375,,"Cluster modelling was not run because the currently available feature set lacks the requested community, SEIFA and workforce inputs.",derived_from_local_curated_source
2025Q3,2025 Q3,2025-03-31,ndia_service_area,Toowoomba,0.7375,0.745,-0.010999999999999932,0.01707825127659934,6,0,persistently low,insufficient history,insufficient history,0.692063492063492,0.835423197492163,,0.39296875,,"Cluster modelling was not run because the currently available feature set lacks the requested community, SEIFA and workforce inputs.",funded_plan_context_only
2025Q4,2025 Q4,2025-06-30,ndia_service_area,Toowoomba,0.7325,0.7442857142857143,0.0009999999999999421,0.009574271077563428,7,0,persistently low,insufficient history,insufficient history,0.6952380952380952,0.877742946708464,,0.47890625,,"Cluster modelling was not run because the currently available feature set lacks the requested community, SEIFA and workforce inputs.",funded_plan_context_only
2026Q1,2026 Q1,2025-09-30,ndia_service_area,Toowoomba,0.7275,0.74125,0.0010000000000000093,0.009574271077563477,8,0,persistently low,insufficient history,insufficient history,0.7126984126984127,0.8918495297805643,,0.32734375,,"Cluster modelling was not run because the currently available feature set lacks the requested community, SEIFA and workforce inputs.",funded_plan_context_only
2024Q2,2024 Q2,2023-12-31,ndia_service_area,Townsville,,,,,1,0,insufficient history,insufficient history,insufficient history,0.526984126984127,0.6112852664576802,0.2625,0.57578125,,"Cluster modelling was not run because the currently available feature set lacks the requested community, SEIFA and workforce inputs.",insufficient_history
2024Q3,2024 Q3,2024-03-31,ndia_service_area,Townsville,0.745,,,0.007071067811865481,2,0,stable,insufficient history,insufficient history,0.5587301587301587,0.6363636363636364,,0.47890625,,"Cluster modelling was not run because the currently available feature set lacks the requested community, SEIFA and workforce inputs.",derived_from_local_curated_source
2024Q4,2024 Q4,2024-06-30,ndia_service_area,Townsville,0.7433333333333333,,-0.004999999999999996,0.0057735026918962545,3,0,stable,insufficient history,insufficient history,0.5904761904761905,0.6394984326018809,,0.47890625,,"Cluster modelling was not run because the currently available feature set lacks the requested community, SEIFA and workforce inputs.",derived_from_local_curated_source
2025Q1,2025 Q1,2024-09-30,ndia_service_area,Townsville,0.74,0.74,-0.006000000000000031,0.008164965809277256,4,0,persistently low,insufficient history,insufficient history,0.6492063492063492,0.6128526645768025,,0.39296875,,"Cluster modelling was not run because the currently available feature set lacks the requested community, SEIFA and workforce inputs.",derived_from_local_curated_source
2025Q2,2025 Q2,2024-12-31,ndia_service_area,Townsville,0.73,0.734,-0.009999999999999988,0.01414213562373097,5,0,persistently low,insufficient history,insufficient history,0.6936507936507936,0.5501567398119123,,0.2671875,,"Cluster modelling was not run because the currently available feature set lacks the requested community, SEIFA and workforce inputs.",derived_from_local_curated_source
2025Q3,2025 Q3,2025-03-31,ndia_service_area,Townsville,0.72,0.7283333333333334,-0.01399999999999998,0.01825741858350557,6,0,persistently low,insufficient history,insufficient history,0.7095238095238096,0.6065830721003135,,0.20625,,"Cluster modelling was not run because the currently available feature set lacks the requested community, SEIFA and workforce inputs.",funded_plan_context_only
2025Q4,2025 Q4,2025-06-30,ndia_service_area,Townsville,0.7124999999999999,0.7257142857142858,-0.006999999999999948,0.012583057392117937,7,0,persistently low,insufficient history,insufficient history,0.7222222222222222,0.6661442006269592,,0.2671875,,"Cluster modelling was not run because the currently available feature set lacks the requested community, SEIFA and workforce inputs.",funded_plan_context_only
2026Q1,2026 Q1,2025-09-30,ndia_service_area,Townsville,0.7075,0.72375,0.0010000000000000087,0.004999999999999954,8,0,persistently low,insufficient history,insufficient history,0.7396825396825397,0.664576802507837,,0.2671875,,"Cluster modelling was not run because the currently available feature set lacks the requested community, SEIFA and workforce inputs.",funded_plan_context_only
2024Q2,2024 Q2,2023-12-31,ndia_service_area,Western Adelaide,,,,,0,1,insufficient history,insufficient history,insufficient history,0.3523809523809524,0.6786833855799373,0.7375,0.81640625,,"Cluster modelling was not run because the currently available feature set lacks the requested community, SEIFA and workforce inputs.",insufficient_history
2024Q3,2024 Q3,2024-03-31,ndia_service_area,Western Adelaide,0.78,,,0.0,0,2,stable,insufficient history,insufficient history,0.3761904761904762,0.6865203761755486,,0.81640625,,"Cluster modelling was not run because the currently available feature set lacks the requested community, SEIFA and workforce inputs.",derived_from_local_curated_source
2024Q4,2024 Q4,2024-06-30,ndia_service_area,Western Adelaide,0.7833333333333333,,0.004999999999999993,0.005773502691896279,0,3,stable,insufficient history,insufficient history,0.38412698412698415,0.7492163009404389,,0.89375,,"Cluster modelling was not run because the currently available feature set lacks the requested community, SEIFA and workforce inputs.",derived_from_local_curated_source
2025Q1,2025 Q1,2024-09-30,ndia_service_area,Western Adelaide,0.78,0.78,-0.0019999999999999706,0.008164965809277268,0,4,stable,insufficient history,insufficient history,0.42857142857142855,0.7382445141065831,,0.740625,,"Cluster modelling was not run because the currently available feature set lacks the requested community, SEIFA and workforce inputs.",derived_from_local_curated_source
2025Q2,2025 Q2,2024-12-31,ndia_service_area,Western Adelaide,0.7725,0.774,-0.011000000000000062,0.01707825127659933,0,5,deteriorating,insufficient history,insufficient history,0.46190476190476193,0.677115987460815,,0.57578125,,"Cluster modelling was not run because the currently available feature set lacks the requested community, SEIFA and workforce inputs.",derived_from_local_curated_source
2025Q3,2025 Q3,2025-03-31,ndia_service_area,Western Adelaide,0.765,0.77,-0.013999999999999981,0.01914854215512672,1,6,deteriorating,insufficient history,insufficient history,0.4888888888888889,0.6943573667711599,,0.57578125,,"Cluster modelling was not run because the currently available feature set lacks the requested community, SEIFA and workforce inputs.",funded_plan_context_only
2025Q4,2025 Q4,2025-06-30,ndia_service_area,Western Adelaide,0.755,0.7671428571428571,-0.005999999999999976,0.009999999999999728,2,7,deteriorating,insufficient history,insufficient history,0.5047619047619047,0.713166144200627,,0.57578125,,"Cluster modelling was not run because the currently available feature set lacks the requested community, SEIFA and workforce inputs.",funded_plan_context_only
2026Q1,2026 Q1,2025-09-30,ndia_service_area,Western Adelaide,0.745,0.7625,-0.005999999999999997,0.010000000000000009,3,8,deteriorating,insufficient history,insufficient history,0.5142857142857142,0.7413793103448276,,0.39296875,,"Cluster modelling was not run because the currently available feature set lacks the requested community, SEIFA and workforce inputs.",funded_plan_context_only
2024Q2,2024 Q2,2023-12-31,ndia_service_area,Western District,,,,,1,1,insufficient history,insufficient history,insufficient history,0.6126984126984127,0.1974921630094044,0.1875,0.2671875,,"Cluster modelling was not run because the currently available feature set lacks the requested community, SEIFA and workforce inputs.",insufficient_history
2024Q3,2024 Q3,2024-03-31,ndia_service_area,Western District,0.71,,,0.0,2,2,stable,insufficient history,insufficient history,0.6507936507936508,0.21786833855799373,,0.2671875,,"Cluster modelling was not run because the currently available feature set lacks the requested community, SEIFA and workforce inputs.",derived_from_local_curated_source
2024Q4,2024 Q4,2024-06-30,ndia_service_area,Western District,0.7133333333333333,,0.0049999999999998735,0.005773502691896279,3,3,stable,insufficient history,insufficient history,0.6682539682539682,0.2507836990595611,,0.32734375,,"Cluster modelling was not run because the currently available feature set lacks the requested community, SEIFA and workforce inputs.",derived_from_local_curated_source
2025Q1,2025 Q1,2024-09-30,ndia_service_area,Western District,0.7124999999999999,0.7124999999999999,0.000999999999999996,0.005000000000000008,4,4,persistently low,insufficient history,insufficient history,0.7333333333333333,0.2601880877742947,,0.2671875,,"Cluster modelling was not run because the currently available feature set lacks the requested community, SEIFA and workforce inputs.",derived_from_local_curated_source
2025Q2,2025 Q2,2024-12-31,ndia_service_area,Western District,0.71,0.71,-0.004000000000000054,0.008164965809277268,5,5,persistently low,insufficient history,insufficient history,0.7761904761904762,0.2225705329153605,,0.20625,,"Cluster modelling was not run because the currently available feature set lacks the requested community, SEIFA and workforce inputs.",derived_from_local_curated_source
2025Q3,2025 Q3,2025-03-31,ndia_service_area,Western District,0.7075,0.7083333333333334,-0.00700000000000005,0.009574271077563399,6,6,persistently low,insufficient history,insufficient history,0.7952380952380952,0.2413793103448276,,0.20625,,"Cluster modelling was not run because the currently available feature set lacks the requested community, SEIFA and workforce inputs.",funded_plan_context_only
2025Q4,2025 Q4,2025-06-30,ndia_service_area,Western District,0.7025,0.7071428571428571,-0.002999999999999991,0.005000000000000097,7,7,persistently low,insufficient history,insufficient history,0.8095238095238095,0.2774294670846395,,0.20625,,"Cluster modelling was not run because the currently available feature set lacks the requested community, SEIFA and workforce inputs.",funded_plan_context_only
2026Q1,2026 Q1,2025-09-30,ndia_service_area,Western District,0.6974999999999999,0.705,-0.002999999999999983,0.005000000000000023,8,8,persistently low,insufficient history,insufficient history,0.834920634920635,0.28056426332288403,,0.16015625,,"Cluster modelling was not run because the currently available feature set lacks the requested community, SEIFA and workforce inputs.",funded_plan_context_only
2024Q2,2024 Q2,2023-12-31,ndia_service_area,Western Melbourne,,,,,0,1,insufficient history,insufficient history,insufficient history,0.1365079365079365,0.34169278996865204,0.3875,0.81640625,,"Cluster modelling was not run because the currently available feature set lacks the requested community, SEIFA and workforce inputs.",insufficient_history
2024Q3,2024 Q3,2024-03-31,ndia_service_area,Western Melbourne,0.78,,,0.0,0,2,stable,insufficient history,insufficient history,0.1634920634920635,0.36363636363636365,,0.81640625,,"Cluster modelling was not run because the currently available feature set lacks the requested community, SEIFA and workforce inputs.",derived_from_local_curated_source
2024Q4,2024 Q4,2024-06-30,ndia_service_area,Western Melbourne,0.78,,-3.165106823279971e-17,0.0,0,3,stable,insufficient history,insufficient history,0.173015873015873,0.36990595611285265,,0.81640625,,"Cluster modelling was not run because the currently available feature set lacks the requested community, SEIFA and workforce inputs.",derived_from_local_curated_source
2025Q1,2025 Q1,2024-09-30,ndia_service_area,Western Melbourne,0.7725,0.7725,-0.008999999999999956,0.014999999999999994,1,4,deteriorating,insufficient history,insufficient history,0.21587301587301588,0.3385579937304075,,0.57578125,,"Cluster modelling was not run because the currently available feature set lacks the requested community, SEIFA and workforce inputs.",derived_from_local_curated_source
2025Q2,2025 Q2,2024-12-31,ndia_service_area,Western Melbourne,0.7649999999999999,0.768,-0.01199999999999995,0.01732050807568872,0,5,deteriorating,insufficient history,insufficient history,0.2571428571428571,0.29153605015673983,,0.57578125,,"Cluster modelling was not run because the currently available feature set lacks the requested community, SEIFA and workforce inputs.",derived_from_local_curated_source
2025Q3,2025 Q3,2025-03-31,ndia_service_area,Western Melbourne,0.7575000000000001,0.765,-0.00900000000000007,0.014999999999999878,1,6,deteriorating,insufficient history,insufficient history,0.2650793650793651,0.3166144200626959,,0.57578125,,"Cluster modelling was not run because the currently available feature set lacks the requested community, SEIFA and workforce inputs.",funded_plan_context_only
2025Q4,2025 Q4,2025-06-30,ndia_service_area,Western Melbourne,0.7525,0.7642857142857142,0.002999999999999993,0.005000000000000023,0,7,stable,insufficient history,insufficient history,0.2761904761904762,0.3996865203761755,,0.66484375,,"Cluster modelling was not run because the currently available feature set lacks the requested community, SEIFA and workforce inputs.",funded_plan_context_only
2026Q1,2026 Q1,2025-09-30,ndia_service_area,Western Melbourne,0.7525,0.7625,0.0009999999999999773,0.005000000000000023,0,8,stable,insufficient history,insufficient history,0.3047619047619048,0.41379310344827586,,0.57578125,,"Cluster modelling was not run because the currently available feature set lacks the requested community, SEIFA and workforce inputs.",funded_plan_context_only
2024Q2,2024 Q2,2023-12-31,ndia_service_area,Western NSW,,,,,1,1,insufficient history,insufficient history,insufficient history,0.5031746031746032,0.49843260188087773,0.35,0.20625,,"Cluster modelling was not run because the currently available feature set lacks the requested community, SEIFA and workforce inputs.",insufficient_history
2024Q3,2024 Q3,2024-03-31,ndia_service_area,Western NSW,0.705,,,0.007071067811865481,2,2,stable,insufficient history,insufficient history,0.5333333333333333,0.5203761755485894,,0.2671875,,"Cluster modelling was not run because the currently available feature set lacks the requested community, SEIFA and workforce inputs.",derived_from_local_curated_source
2024Q4,2024 Q4,2024-06-30,ndia_service_area,Western NSW,0.71,,0.010000000000000018,0.010000000000000009,3,3,recovering,insufficient history,insufficient history,0.5444444444444444,0.5768025078369906,,0.32734375,,"Cluster modelling was not run because the currently available feature set lacks the requested community, SEIFA and workforce inputs.",derived_from_local_curated_source
2025Q1,2025 Q1,2024-09-30,ndia_service_area,Western NSW,0.71,0.71,0.004000000000000008,0.008164965809277268,4,4,persistently low,insufficient history,insufficient history,0.5777777777777777,0.5799373040752351,,0.2671875,,"Cluster modelling was not run because the currently available feature set lacks the requested community, SEIFA and workforce inputs.",derived_from_local_curated_source
2025Q2,2025 Q2,2024-12-31,ndia_service_area,Western NSW,0.7074999999999999,0.706,-0.0070000000000000106,0.012583057392117908,5,5,persistently low,insufficient history,insufficient history,0.6063492063492063,0.5642633228840125,,0.16015625,,"Cluster modelling was not run because the currently available feature set lacks the requested community, SEIFA and workforce inputs.",derived_from_local_curated_source
2025Q3,2025 Q3,2025-03-31,ndia_service_area,Western NSW,0.7050000000000001,0.705,-0.007999999999999995,0.012909944487358029,6,6,persistently low,insufficient history,insufficient history,0.6190476190476191,0.6269592476489029,,0.20625,,"Cluster modelling was not run because the currently available feature set lacks the requested community, SEIFA and workforce inputs.",funded_plan_context_only
2025Q4,2025 Q4,2025-06-30,ndia_service_area,Western NSW,0.7,0.7042857142857143,-0.001999999999999991,0.008164965809277126,7,7,persistently low,insufficient history,insufficient history,0.6460317460317461,0.6692789968652038,,0.20625,,"Cluster modelling was not run because the currently available feature set lacks the requested community, SEIFA and workforce inputs.",funded_plan_context_only
2026Q1,2026 Q1,2025-09-30,ndia_service_area,Western NSW,0.6925,0.7012499999999999,-0.00299999999999989,0.009574271077563099,8,8,persistently low,insufficient history,insufficient history,0.6666666666666666,0.6724137931034483,,0.12890625,,"Cluster modelling was not run because the currently available feature set lacks the requested community, SEIFA and workforce inputs.",funded_plan_context_only
2024Q2,2024 Q2,2023-12-31,ndia_service_area,Western Sydney,,,,,0,0,insufficient history,insufficient history,insufficient history,0.12222222222222222,0.7758620689655172,0.6875,0.98984375,,"Cluster modelling was not run because the currently available feature set lacks the requested community, SEIFA and workforce inputs.",insufficient_history
2024Q3,2024 Q3,2024-03-31,ndia_service_area,Western Sydney,0.835,,,0.007071067811865481,0,0,consistently high,insufficient history,insufficient history,0.14285714285714285,0.7899686520376176,,0.9953125,,"Cluster modelling was not run because the currently available feature set lacks the requested community, SEIFA and workforce inputs.",derived_from_local_curated_source
2024Q4,2024 Q4,2024-06-30,ndia_service_area,Western Sydney,0.8366666666666666,,0.004999999999999995,0.0057735026918962545,0,0,consistently high,insufficient history,insufficient history,0.15555555555555556,0.8307210031347962,,0.9953125,,"Cluster modelling was not run because the currently available feature set lacks the requested community, SEIFA and workforce inputs.",derived_from_local_curated_source
2025Q1,2025 Q1,2024-09-30,ndia_service_area,Western Sydney,0.8325,0.8325,-0.00300000000000006,0.009574271077563411,0,0,consistently high,insufficient history,insufficient history,0.17936507936507937,0.8103448275862069,,0.98046875,,"Cluster modelling was not run because the currently available feature set lacks the requested community, SEIFA and workforce inputs.",derived_from_local_curated_source
2025Q2,2025 Q2,2024-12-31,ndia_service_area,Western Sydney,0.8274999999999999,0.828,-0.010999999999999906,0.015000000000000001,0,0,deteriorating,insufficient history,insufficient history,0.20634920634920634,0.8244514106583072,,0.95859375,,"Cluster modelling was not run because the currently available feature set lacks the requested community, SEIFA and workforce inputs.",derived_from_local_curated_source
2025Q3,2025 Q3,2025-03-31,ndia_service_area,Western Sydney,0.8225,0.8266666666666667,-0.006999999999999992,0.012583057392117942,0,0,deteriorating,insufficient history,insufficient history,0.22063492063492063,0.8495297805642633,,0.98046875,,"Cluster modelling was not run because the currently available feature set lacks the requested community, SEIFA and workforce inputs.",funded_plan_context_only
2025Q4,2025 Q4,2025-06-30,ndia_service_area,Western Sydney,0.8175,0.8257142857142856,0.0010000000000000649,0.005000000000000095,0,0,consistently high,insufficient history,insufficient history,0.23809523809523808,0.8746081504702194,,0.98046875,,"Cluster modelling was not run because the currently available feature set lacks the requested community, SEIFA and workforce inputs.",funded_plan_context_only
2026Q1,2026 Q1,2025-09-30,ndia_service_area,Western Sydney,0.8125,0.8225,-0.002999999999999935,0.00957427107756341,0,0,consistently high,insufficient history,insufficient history,0.25873015873015875,0.890282131661442,,0.9375,,"Cluster modelling was not run because the currently available feature set lacks the requested community, SEIFA and workforce inputs.",funded_plan_context_only
2024Q2,2024 Q2,2023-12-31,ndia_service_area,Wheat Belt,,,,,1,1,insufficient history,insufficient history,insufficient history,0.04126984126984127,0.012539184952978056,0.95,0.0296875,,"Cluster modelling was not run because the currently available feature set lacks the requested community, SEIFA and workforce inputs.",insufficient_history
2024Q3,2024 Q3,2024-03-31,ndia_service_area,Wheat Belt,0.61,,,0.014142135623730963,2,2,stable,insufficient history,insufficient history,0.05238095238095238,0.0109717868338558,,0.04375,,"Cluster modelling was not run because the currently available feature set lacks the requested community, SEIFA and workforce inputs.",derived_from_local_curated_source
2024Q4,2024 Q4,2024-06-30,ndia_service_area,Wheat Belt,0.61,,0.005000000000000013,0.010000000000000009,3,3,recovering,insufficient history,insufficient history,0.06349206349206349,0.006269592476489028,,0.03671875,,"Cluster modelling was not run because the currently available feature set lacks the requested community, SEIFA and workforce inputs.",derived_from_local_curated_source
2025Q1,2025 Q1,2024-09-30,ndia_service_area,Wheat Belt,0.605,0.605,-0.003999999999999962,0.012909944487358068,4,4,persistently low,insufficient history,insufficient history,0.07142857142857142,0.007836990595611285,,0.021875,,"Cluster modelling was not run because the currently available feature set lacks the requested community, SEIFA and workforce inputs.",derived_from_local_curated_source
2025Q2,2025 Q2,2024-12-31,ndia_service_area,Wheat Belt,0.6024999999999999,0.602,-0.010999999999999996,0.015000000000000027,5,5,persistently low,insufficient history,insufficient history,0.08571428571428572,0.003134796238244514,,0.021875,,"Cluster modelling was not run because the currently available feature set lacks the requested community, SEIFA and workforce inputs.",derived_from_local_curated_source
2025Q3,2025 Q3,2025-03-31,ndia_service_area,Wheat Belt,0.59,0.5966666666666667,-0.012000000000000005,0.016329931618554575,6,6,persistently low,insufficient history,insufficient history,0.09365079365079365,0.001567398119122257,,0.01640625,,"Cluster modelling was not run because the currently available feature set lacks the requested community, SEIFA and workforce inputs.",funded_plan_context_only
2025Q4,2025 Q4,2025-06-30,ndia_service_area,Wheat Belt,0.5775,0.5914285714285714,-0.010999999999999946,0.014999999999999977,7,7,persistently low,insufficient history,insufficient history,0.1111111111111111,0.009404388714733543,,0.01171875,,"Cluster modelling was not run because the currently available feature set lacks the requested community, SEIFA and workforce inputs.",funded_plan_context_only
2026Q1,2026 Q1,2025-09-30,ndia_service_area,Wheat Belt,0.5700000000000001,0.5875,-0.009999999999999908,0.014142135623730873,8,8,persistently low,insufficient history,insufficient history,0.13015873015873017,0.004702194357366771,,0.01171875,,"Cluster modelling was not run because the currently available feature set lacks the requested community, SEIFA and workforce inputs.",funded_plan_context_only
2024Q2,2024 Q2,2023-12-31,ndia_service_area,Yorke and Mid North,,,,,1,1,insufficient history,insufficient history,insufficient history,0.4507936507936508,0.0438871473354232,0.5875,0.12890625,,"Cluster modelling was not run because the currently available feature set lacks the requested community, SEIFA and workforce inputs.",insufficient_history
2024Q3,2024 Q3,2024-03-31,ndia_service_area,Yorke and Mid North,0.685,,,0.0070710678118653635,2,2,stable,insufficient history,insufficient history,0.46825396825396826,0.06269592476489028,,0.16015625,,"Cluster modelling was not run because the currently available feature set lacks the requested community, SEIFA and workforce inputs.",derived_from_local_curated_source
2024Q4,2024 Q4,2024-06-30,ndia_service_area,Yorke and Mid North,0.6933333333333334,,0.014999999999999911,0.015275252316519392,3,3,recovering,insufficient history,insufficient history,0.4777777777777778,0.07836990595611286,,0.2671875,,"Cluster modelling was not run because the currently available feature set lacks the requested community, SEIFA and workforce inputs.",derived_from_local_curated_source
2025Q1,2025 Q1,2024-09-30,ndia_service_area,Yorke and Mid North,0.69,0.69,0.0020000000000000287,0.014142135623730895,4,4,persistently low,insufficient history,insufficient history,0.5126984126984127,0.09561128526645768,,0.12890625,,"Cluster modelling was not run because the currently available feature set lacks the requested community, SEIFA and workforce inputs.",derived_from_local_curated_source
2025Q2,2025 Q2,2024-12-31,ndia_service_area,Yorke and Mid North,0.6799999999999999,0.6799999999999999,-0.01800000000000002,0.029439202887759475,5,5,persistently low,insufficient history,insufficient history,0.5428571428571428,0.07366771159874608,,0.0578125,,"Cluster modelling was not run because the currently available feature set lacks the requested community, SEIFA and workforce inputs.",derived_from_local_curated_source
2025Q3,2025 Q3,2025-03-31,ndia_service_area,Yorke and Mid North,0.6725,0.6766666666666667,-0.019,0.029860788111948207,6,6,persistently low,insufficient history,insufficient history,0.5698412698412698,0.06896551724137931,,0.0875,,"Cluster modelling was not run because the currently available feature set lacks the requested community, SEIFA and workforce inputs.",funded_plan_context_only
2025Q4,2025 Q4,2025-06-30,ndia_service_area,Yorke and Mid North,0.6625,0.6757142857142858,-0.0010000000000000365,0.017078251276599468,7,7,persistently low,insufficient history,insufficient history,0.5825396825396826,0.09404388714733543,,0.10546875,,"Cluster modelling was not run because the currently available feature set lacks the requested community, SEIFA and workforce inputs.",funded_plan_context_only
2026Q1,2026 Q1,2025-09-30,ndia_service_area,Yorke and Mid North,0.6575,0.6737500000000001,0.006999999999999937,0.012583057392118116,8,8,persistently low,insufficient history,insufficient history,0.6206349206349207,0.0768025078369906,,0.0875,,"Cluster modelling was not run because the currently available feature set lacks the requested community, SEIFA and workforce inputs.",funded_plan_context_only
