quarter,quarter_label,quarter_end_date,geography_type,geography_code,geography_name,state,remoteness,population_count,participant_count,funded_plan_count,participants_per_1000,funded_plans_per_1000,participant_growth_rate,funded_plan_growth_rate,mean_plan_funding,median_plan_funding,committed_supports,payment_amount,payments_per_funded_plan,payments_per_participant,payments_per_1000_population,funding_conversion_rate,unspent_committed_funding,unspent_funding_per_funded_plan,mean_plan_utilisation,benchmark_national_funded_plans_per_1000,benchmark_national_mean_plan_utilisation,benchmark_national_mean_plan_funding,benchmark_national_payments_per_funded_plan,benchmark_remoteness_funded_plans_per_1000,benchmark_remoteness_mean_plan_utilisation,benchmark_remoteness_mean_plan_funding,benchmark_remoteness_payments_per_funded_plan,funded_plans_per_1000_gap_from_national,mean_plan_utilisation_gap_from_national,mean_plan_funding_gap_from_national,payments_per_funded_plan_gap_from_national,funded_plans_per_1000_gap_from_remoteness,mean_plan_utilisation_gap_from_remoteness,mean_plan_funding_gap_from_remoteness,payments_per_funded_plan_gap_from_remoteness,active_provider_count,registered_provider_count,funded_plans_per_active_provider,participants_per_active_provider,active_providers_per_1000_funded_plans,provider_growth_rate,payment_growth_rate,plan_value_growth_rate,supply_response_gap,funding_conversion_gap,funded_plan_volume_score,funded_plan_density_score,payment_intensity_score,unspent_funding_score,utilisation_gap_score,funded_plan_coverage_gap_score,mean_plan_funding_gap_score,payment_intensity_gap_score,provider_load_score,growth_pressure_score,funding_conversion_gap_score,underfunded_advocacy_score,utilisation_barrier_score,underserviced_provider_score,business_opportunity_score,advocacy_opportunity_score,combined_opportunity_score,opportunity_rank,opportunity_segment,opportunity_reading_note,market_density_indicator_note,population_reference_year,population_method,reliability_flag
2024Q2,2024 Q2,2023-12-31,ndia_service_area,ACT,ACT,ACT,Inner Regional Australia,484630.0,,10927.0,,22.547097785939787,,,72000.0,,786744000.0,587257000.0,53743.66248741649,,1211763.6134783237,0.7464397567696734,199487000.0,18256.33751258351,0.76,24.12050932082575,0.774810548394224,79559.82881407744,60116.50993792392,26.8899974718611,0.7630061336695022,76355.8163924701,56667.37290379991,1.5734115348859632,0.014810548394223987,7559.828814077438,6372.847450507426,4.342899685921314,0.003006133669502162,4355.816392470093,2923.7104163834156,494.0,1923.0,22.119433198380566,,45.20911503614899,,,,,0.25356024323032655,0.6875,0.35443037974683544,0.35,0.2125,0.4,0.775,0.6875,0.575,0.9625,0.50625,0.4125,0.6791666666666666,0.3416666666666666,0.6229166666666667,0.4429166666666666,0.5479166666666666,0.4954166666666666,41.0,advocacy: funding or access gap,"Proxy score from public NDIA service-area data. It combines benchmark gaps, utilisation friction, unspent committed funding and provider-activity indicators; it is a triage signal, not proof of unmet need.",supply_response_gap is participant growth minus provider growth; it is not a provider caseload measure.,2025,static 2025 ERP denominator from local processed file; quarterly interpolation unavailable without annual series,funded_plan_context_only
2024Q3,2024 Q3,2024-03-31,ndia_service_area,ACT,ACT,ACT,Inner Regional Australia,484630.0,,11143.0,,22.992798629882596,,0.019767548274915336,74000.0,,824582000.0,604124000.0,54215.5613389572,,1246567.4844726904,0.7326427207967188,220458000.0,19784.43866104281,0.76,24.68676284471637,0.7773084731227313,81027.36890354347,60498.99233345409,27.71623599286424,0.7648604023741618,77994.1725121406,56947.80441429636,1.6939642148337732,0.01730847312273127,7027.368903543465,6283.4309944968845,4.723437362981645,0.004860402374161766,3994.1725121406052,2732.24307533916,,,,,,,0.028721667004395046,0.02777777777777768,,0.26735727920328123,0.6794871794871795,0.33766233766233766,0.34615384615384615,0.3,0.44375,0.8,0.7125,0.575,,0.50625,0.4875,0.6958333333333334,0.41041666666666665,0.475,0.4422115384615384,0.5270833333333335,0.4846474358974359,45.0,advocacy: funding or access gap,"Proxy score from public NDIA service-area data. It combines benchmark gaps, utilisation friction, unspent committed funding and provider-activity indicators; it is a triage signal, not proof of unmet need.",supply_response_gap is participant growth minus provider growth; it is not a provider caseload measure.,2025,static 2025 ERP denominator from local processed file; quarterly interpolation unavailable without annual series,funded_plan_context_only
2024Q4,2024 Q4,2024-06-30,ndia_service_area,ACT,ACT,ACT,Inner Regional Australia,484630.0,,11303.0,,23.322947403173558,,0.014358790271919553,75000.0,,847725000.0,616110000.0,54508.53755640095,,1271299.7544518497,0.7267805007520127,231615000.0,20491.462443599044,0.77,25.27144981343164,0.7784608418203379,82439.3926044259,61164.480098449734,28.31985586047522,0.7685814728943384,79139.48388848934,57480.02092208034,1.948502410258083,0.00846084182033792,7439.392604425899,6655.942542048782,4.996908457301664,-0.001418527105661553,4139.48388848934,2971.4833656793853,,,,,,,0.019840297687229835,0.013513513513513598,,0.2732194992479873,0.6875,0.34177215189873417,0.3375,0.2625,0.2125,0.8,0.7,0.5625,,0.50625,0.4875,0.6875,0.3208333333333333,0.359375,0.3935416666666666,0.45590277777777777,0.4247222222222222,60.0,advocacy: funding or access gap,"Proxy score from public NDIA service-area data. It combines benchmark gaps, utilisation friction, unspent committed funding and provider-activity indicators; it is a triage signal, not proof of unmet need.",supply_response_gap is participant growth minus provider growth; it is not a provider caseload measure.,2025,static 2025 ERP denominator from local processed file; quarterly interpolation unavailable without annual series,funded_plan_context_only
2025Q1,2025 Q1,2024-09-30,ndia_service_area,ACT,ACT,ACT,Inner Regional Australia,484630.0,,11700.0,,24.14212904690176,,0.035123418561443964,74000.0,,865800000.0,631384000.0,53964.444444444445,,1302816.5817221387,0.7292492492492493,234416000.0,20035.555555555555,0.76,26.153554026565185,0.7601002932313932,82459.7494204458,60716.14056683959,29.378540729741957,0.749585874550338,79082.76206451863,56908.5598208139,2.011424979663428,0.000100293231393209,8459.749420445805,6751.696122395144,5.236411682840195,-0.010414125449662066,5082.762064518625,2944.115376369453,,,,,,,0.024791027576244407,-0.013333333333333308,,0.2707507507507507,0.6875,0.34177215189873417,0.325,0.2,0.21875,0.8125,0.725,0.55,,0.50625,0.4125,0.6958333333333334,0.27708333333333335,0.3625,0.37041666666666667,0.4451388888888889,0.4077777777777778,63.0,advocacy: funding or access gap,"Proxy score from public NDIA service-area data. It combines benchmark gaps, utilisation friction, unspent committed funding and provider-activity indicators; it is a triage signal, not proof of unmet need.",supply_response_gap is participant growth minus provider growth; it is not a provider caseload measure.,2025,static 2025 ERP denominator from local processed file; quarterly interpolation unavailable without annual series,funded_plan_context_only
2025Q2,2025 Q2,2024-12-31,ndia_service_area,ACT,ACT,ACT,Inner Regional Australia,484630.0,,12034.0,,24.83131461114665,,0.028547008547008534,74000.0,,890516000.0,641871000.0,53338.125311617085,,1324455.7703815282,0.7207854771840146,248645000.0,20661.874688382915,0.74,26.957763247112997,0.7465297732931997,82492.94748629373,60067.7940397898,30.345785307596167,0.7338446519006651,79096.43428753808,56188.57394969421,2.1264486359663444,0.006529773293199668,8492.947486293735,6729.668728172714,5.514470696449518,-0.00615534809933493,5096.434287538083,2850.448638077127,,,,,,,0.016609543479087163,0.0,,0.27921452281598536,0.6875,0.34177215189873417,0.325,0.175,0.19375,0.8125,0.725,0.6,,0.50625,0.4,0.7125,0.25625000000000003,0.35,0.35875,0.4395833333333334,0.39916666666666667,67.0,advocacy: funding or access gap,"Proxy score from public NDIA service-area data. It combines benchmark gaps, utilisation friction, unspent committed funding and provider-activity indicators; it is a triage signal, not proof of unmet need.",supply_response_gap is participant growth minus provider growth; it is not a provider caseload measure.,2025,static 2025 ERP denominator from local processed file; quarterly interpolation unavailable without annual series,funded_plan_context_only
2025Q3,2025 Q3,2025-03-31,ndia_service_area,ACT,ACT,ACT,Inner Regional Australia,484630.0,,12259.0,,25.295586323587067,,0.01869702509556248,76000.0,,931684000.0,656295000.0,53535.76963863284,,1354218.6822937084,0.7044180215609585,275389000.0,22464.230361367157,0.74,27.40732028960876,0.7506086859240299,84432.45028614352,60802.47507148593,30.943280669707555,0.735953040708486,80949.4227901239,56650.43820079907,2.111733966021696,0.010608685924029828,8432.450286143518,7266.705432853094,5.647694346120488,-0.004046959291514014,4949.422790123906,3114.6685621662327,,,,,,,0.0224718050823296,0.027027027027026973,,0.29558197843904155,0.6875,0.34177215189873417,0.325,0.25,0.2125,0.8125,0.725,0.6,,0.50625,0.475,0.7125,0.3125,0.359375,0.38687499999999997,0.4614583333333333,0.42416666666666664,62.0,advocacy: funding or access gap,"Proxy score from public NDIA service-area data. It combines benchmark gaps, utilisation friction, unspent committed funding and provider-activity indicators; it is a triage signal, not proof of unmet need.",supply_response_gap is participant growth minus provider growth; it is not a provider caseload measure.,2025,static 2025 ERP denominator from local processed file; quarterly interpolation unavailable without annual series,funded_plan_context_only
2025Q4,2025 Q4,2025-06-30,ndia_service_area,ACT,ACT,ACT,Inner Regional Australia,484630.0,,12430.0,,25.648432825041784,,0.013948935475976754,76000.0,,944680000.0,679035000.0,54628.72083668544,,1401141.076697687,0.71879895837744,265645000.0,21371.27916331456,0.74,27.77839830958376,0.7514285432706143,85151.38506175322,62192.49868267691,31.40646420190928,0.7357142727569568,81348.30207161774,57871.566955701484,2.129965484541973,0.011428543270614284,9151.385061753215,7563.77784599147,5.758031376867493,-0.004285727243043169,5348.302071617742,3242.846119016045,,,,,,,0.03464905263639073,0.0,,0.28120104162256,0.6875,0.31645569620253167,0.3125,0.2,0.1875,0.8375,0.725,0.6125,,0.50625,0.45,0.725,0.2791666666666667,0.346875,0.36520833333333336,0.45034722222222223,0.4077777777777778,66.0,advocacy: funding or access gap,"Proxy score from public NDIA service-area data. It combines benchmark gaps, utilisation friction, unspent committed funding and provider-activity indicators; it is a triage signal, not proof of unmet need.",supply_response_gap is participant growth minus provider growth; it is not a provider caseload measure.,2025,static 2025 ERP denominator from local processed file; quarterly interpolation unavailable without annual series,funded_plan_context_only
2026Q1,2026 Q1,2025-09-30,ndia_service_area,ACT,ACT,ACT,Inner Regional Australia,484630.0,,12596.0,,25.99096217733116,,0.01335478680611435,76000.0,,957296000.0,692690000.0,54992.85487456335,,1429317.2110682377,0.7235901957179388,264606000.0,21007.145125436648,0.72,28.253214646769933,0.7386029448813405,85151.81887829916,62709.42778038322,32.03344264863498,0.7233427743146025,81102.38055009648,58210.68357447111,2.2622524694387742,0.01860294488134045,9151.818878299164,7716.57290581987,6.042480471303822,0.003342774314602508,5102.380550096481,3217.828699907761,,,,,,,0.020109419985715027,0.0,,0.2764098042820612,0.6875,0.3037974683544304,0.2875,0.1875,0.43125,0.85,0.725,0.625,,0.50625,0.475,0.7333333333333334,0.3645833333333333,0.46875,0.39916666666666667,0.5222222222222223,0.46069444444444446,57.0,advocacy: funding or access gap,"Proxy score from public NDIA service-area data. It combines benchmark gaps, utilisation friction, unspent committed funding and provider-activity indicators; it is a triage signal, not proof of unmet need.",supply_response_gap is participant growth minus provider growth; it is not a provider caseload measure.,2025,static 2025 ERP denominator from local processed file; quarterly interpolation unavailable without annual series,funded_plan_context_only
2024Q2,2024 Q2,2023-12-31,ndia_service_area,Adelaide Hills,Adelaide Hills,SA,Inner Regional Australia,87986.0,2303.0,2303.0,26.17461868933694,26.17461868933694,,,61000.0,23400.0,140483000.0,102470000.0,44494.13808076422,44494.13808076422,1164617.0981747096,0.7294120996846594,38013000.0,16505.86191923578,0.75,24.12050932082575,0.774810548394224,79559.82881407744,60116.50993792392,26.8899974718611,0.7630061336695022,76355.8163924701,56667.37290379991,-2.054109368511188,0.024810548394223985,18559.82881407744,15622.371857159698,0.7153787825241622,0.013006133669502162,15355.816392470093,12173.234823035687,182.0,731.0,12.653846153846153,12.653846153846153,79.0273556231003,,,,,0.27058790031534063,0.225,0.5316455696202531,0.0875,0.0875,0.49375,0.525,0.975,0.8625,0.3625,0.50625,0.525,0.7875,0.3687500000000001,0.4541666666666666,0.24458333333333332,0.5368055555555555,0.39069444444444446,70.0,advocacy: funding or access gap,"Proxy score from public NDIA service-area data. It combines benchmark gaps, utilisation friction, unspent committed funding and provider-activity indicators; it is a triage signal, not proof of unmet need.",supply_response_gap is participant growth minus provider growth; it is not a provider caseload measure.,2025,static 2025 ERP denominator from local processed file; quarterly interpolation unavailable without annual series,derived_from_local_curated_source
2024Q3,2024 Q3,2024-03-31,ndia_service_area,Adelaide Hills,Adelaide Hills,SA,Inner Regional Australia,87986.0,2376.0,2376.0,27.00429613802196,27.00429613802196,0.03169778549717761,0.03169778549717761,62000.0,23400.0,147312000.0,105587000.0,44438.97306397306,44438.97306397306,1200043.1886891096,0.7167576300640817,41725000.0,17561.026936026938,0.76,24.68676284471637,0.7773084731227313,81027.36890354347,60498.99233345409,27.71623599286424,0.7648604023741618,77994.1725121406,56947.80441429636,-2.317533293305594,0.01730847312273127,19027.368903543465,16060.019269481025,0.711939854842278,0.004860402374161766,15994.172512140605,12508.8313503233,,,,,,,0.030418659119742397,0.016393442622950838,,0.28324236993591834,0.20512820512820512,0.5324675324675324,0.05128205128205128,0.1375,0.44375,0.575,0.975,0.8875,,0.50625,0.6,0.8125,0.39375,0.475,0.25253205128205125,0.5604166666666667,0.40647435897435896,62.0,advocacy: funding or access gap,"Proxy score from public NDIA service-area data. It combines benchmark gaps, utilisation friction, unspent committed funding and provider-activity indicators; it is a triage signal, not proof of unmet need.",supply_response_gap is participant growth minus provider growth; it is not a provider caseload measure.,2025,static 2025 ERP denominator from local processed file; quarterly interpolation unavailable without annual series,derived_from_local_curated_source
2024Q4,2024 Q4,2024-06-30,ndia_service_area,Adelaide Hills,Adelaide Hills,SA,Inner Regional Australia,87986.0,2409.0,2409.0,27.379355806605595,27.379355806605595,0.01388888888888884,0.01388888888888884,64000.0,24000.0,154176000.0,110063000.0,45688.25238688252,45688.25238688252,1250914.918282454,0.7138789435450394,44113000.0,18311.747613117477,0.77,25.27144981343164,0.7784608418203379,82439.3926044259,61164.480098449734,28.31985586047522,0.7685814728943384,79139.48388848934,57480.02092208034,-2.107905993173958,0.00846084182033792,18439.3926044259,15476.227711567211,0.9405000538696237,-0.001418527105661553,15139.48388848934,11791.768535197814,,,,,,,0.04239158229706308,0.032258064516129004,,0.28612105645496055,0.2125,0.5316455696202531,0.075,0.1,0.2125,0.525,0.9625,0.875,,0.50625,0.575,0.7875,0.29583333333333334,0.359375,0.20854166666666668,0.48090277777777773,0.3447222222222222,78.0,advocacy: funding or access gap,"Proxy score from public NDIA service-area data. It combines benchmark gaps, utilisation friction, unspent committed funding and provider-activity indicators; it is a triage signal, not proof of unmet need.",supply_response_gap is participant growth minus provider growth; it is not a provider caseload measure.,2025,static 2025 ERP denominator from local processed file; quarterly interpolation unavailable without annual series,derived_from_local_curated_source
2025Q1,2025 Q1,2024-09-30,ndia_service_area,Adelaide Hills,Adelaide Hills,SA,Inner Regional Australia,87986.0,2523.0,2523.0,28.675016479894527,28.675016479894527,0.04732254047322537,0.04732254047322537,65000.0,24000.0,163995000.0,112489000.0,44585.414189457,44585.414189457,1278487.4866456029,0.6859294490685691,51506000.0,20414.585810543005,0.75,26.153554026565185,0.7601002932313932,82459.7494204458,60716.14056683959,29.378540729741957,0.749585874550338,79082.76206451863,56908.5598208139,-2.5214624533293417,0.01010029323139321,17459.749420445805,16130.72637738259,0.7035242498474261,-0.00041412544966206604,14082.762064518625,12323.1456313569,,,,,,,0.02204192144499051,0.015625,,0.3140705509314309,0.225,0.5569620253164557,0.05,0.225,0.21875,0.525,0.9625,0.9,,0.50625,0.7,0.7958333333333334,0.3812499999999999,0.3625,0.24875000000000003,0.5131944444444444,0.3809722222222222,71.0,advocacy: funding or access gap,"Proxy score from public NDIA service-area data. It combines benchmark gaps, utilisation friction, unspent committed funding and provider-activity indicators; it is a triage signal, not proof of unmet need.",supply_response_gap is participant growth minus provider growth; it is not a provider caseload measure.,2025,static 2025 ERP denominator from local processed file; quarterly interpolation unavailable without annual series,derived_from_local_curated_source
2025Q2,2025 Q2,2024-12-31,ndia_service_area,Adelaide Hills,Adelaide Hills,SA,Inner Regional Australia,87986.0,2632.0,2632.0,29.91384993067079,29.91384993067079,0.04320253666270313,0.04320253666270313,64000.0,24000.0,168448000.0,114442000.0,43481.00303951368,43481.00303951368,1300684.1997590526,0.6793906724924013,54006000.0,20518.99696048632,0.73,26.957763247112997,0.7465297732931997,82492.94748629373,60067.7940397898,30.345785307596167,0.7338446519006651,79096.43428753808,56188.57394969421,-2.956086683557796,0.016529773293199667,18492.947486293735,16586.79100027612,0.4319353769253773,0.0038446519006650696,15096.434287538083,12707.570910180533,,,,,,,0.017361697588208713,-0.01538461538461533,,0.32060932750759874,0.225,0.5569620253164557,0.05,0.1375,0.41875,0.525,0.9625,0.8875,,0.50625,0.675,0.7916666666666666,0.4104166666666667,0.4625,0.25708333333333333,0.5548611111111111,0.40597222222222223,63.0,advocacy: funding or access gap,"Proxy score from public NDIA service-area data. It combines benchmark gaps, utilisation friction, unspent committed funding and provider-activity indicators; it is a triage signal, not proof of unmet need.",supply_response_gap is participant growth minus provider growth; it is not a provider caseload measure.,2025,static 2025 ERP denominator from local processed file; quarterly interpolation unavailable without annual series,derived_from_local_curated_source
2025Q3,2025 Q3,2025-03-31,ndia_service_area,Adelaide Hills,Adelaide Hills,SA,Inner Regional Australia,87986.0,,2711.0,,30.81172004637101,,0.030015197568389107,65000.0,,176215000.0,117724000.0,43424.566580597566,,1337985.5886163707,0.6680702550861164,58491000.0,21575.433419402434,0.73,27.40732028960876,0.7506086859240299,84432.45028614352,60802.47507148593,30.943280669707555,0.735953040708486,80949.4227901239,56650.43820079907,-3.404399756762249,0.020608685924029826,19432.450286143518,17377.908490888367,0.1315606233365436,0.005953040708485986,15949.422790123906,13225.871620201506,,,,,,,0.028678282448751258,0.015625,,0.3319297449138836,0.225,0.569620253164557,0.05,0.1625,0.5,0.5125,0.9625,0.9,,0.50625,0.7,0.7916666666666666,0.4541666666666666,0.503125,0.27895833333333336,0.5829861111111111,0.4309722222222222,60.0,advocacy: funding or access gap,"Proxy score from public NDIA service-area data. It combines benchmark gaps, utilisation friction, unspent committed funding and provider-activity indicators; it is a triage signal, not proof of unmet need.",supply_response_gap is participant growth minus provider growth; it is not a provider caseload measure.,2025,static 2025 ERP denominator from local processed file; quarterly interpolation unavailable without annual series,funded_plan_context_only
2025Q4,2025 Q4,2025-06-30,ndia_service_area,Adelaide Hills,Adelaide Hills,SA,Inner Regional Australia,87986.0,,2773.0,,31.516377605528152,,0.02286978974548126,66000.0,,183018000.0,121486000.0,43810.31373963217,,1380742.3908349057,0.6637926324186691,61532000.0,22189.68626036783,0.72,27.77839830958376,0.7514285432706143,85151.38506175322,62192.49868267691,31.40646420190928,0.7357142727569568,81348.30207161774,57871.566955701484,-3.7379792959443954,0.031428543270614284,19151.385061753215,18382.18494304474,-0.1099134036188758,0.015714272756956832,15348.302071617742,14061.253216069315,,,,,,,0.03195610071013566,0.01538461538461533,,0.33620736758133085,0.225,0.5822784810126582,0.0625,0.275,0.575,0.26875,0.9625,0.9125,,0.50625,0.7625,0.7145833333333332,0.5375,0.5406249999999999,0.328125,0.5975694444444444,0.4628472222222222,54.0,advocacy: funding or access gap,"Proxy score from public NDIA service-area data. It combines benchmark gaps, utilisation friction, unspent committed funding and provider-activity indicators; it is a triage signal, not proof of unmet need.",supply_response_gap is participant growth minus provider growth; it is not a provider caseload measure.,2025,static 2025 ERP denominator from local processed file; quarterly interpolation unavailable without annual series,funded_plan_context_only
2026Q1,2026 Q1,2025-09-30,ndia_service_area,Adelaide Hills,Adelaide Hills,SA,Inner Regional Australia,87986.0,,2847.0,,32.357420498715705,,0.026685899747565855,66000.0,,187902000.0,123247000.0,43290.12996136284,,1400756.9386038687,0.655911060020649,64655000.0,22709.87003863716,0.7,28.253214646769933,0.7386029448813405,85151.81887829916,62709.42778038322,32.03344264863498,0.7233427743146025,81102.38055009648,58210.68357447111,-4.104205851945771,0.038602944881340445,19151.818878299164,19419.29781902038,-0.3239778500807233,0.023342774314602507,15102.38055009648,14920.55361310827,,,,,,,0.014495497423571369,0.0,,0.34408893997935097,0.225,0.5949367088607594,0.0625,0.3625,0.65625,0.26875,0.9625,0.9125,,0.50625,0.8125,0.7145833333333332,0.6104166666666667,0.58125,0.36833333333333335,0.6354166666666666,0.501875,39.0,advocacy: funding or access gap,"Proxy score from public NDIA service-area data. It combines benchmark gaps, utilisation friction, unspent committed funding and provider-activity indicators; it is a triage signal, not proof of unmet need.",supply_response_gap is participant growth minus provider growth; it is not a provider caseload measure.,2025,static 2025 ERP denominator from local processed file; quarterly interpolation unavailable without annual series,funded_plan_context_only
2024Q2,2024 Q2,2023-12-31,ndia_service_area,Barkly,Barkly,NT,Very Remote Australia,7448.0,146.0,148.0,19.602577873254564,19.87110633727175,,,128000.0,47700.0,18944000.0,5827000.0,39371.62162162162,39910.95890410959,782357.6799140709,0.3075907939189189,13117000.0,88628.37837837837,0.66,24.12050932082575,0.774810548394224,79559.82881407744,60116.50993792392,26.179182279595977,0.7299395777967206,87236.47395075967,60770.62127062127,4.249402983553999,0.114810548394224,-48440.17118592256,20744.8883163023,6.308075942324226,0.06993957779672058,-40763.52604924033,21398.99964899965,48.0,127.0,3.0833333333333335,3.0416666666666665,324.3243243243243,,,,,0.6924092060810811,0.0125,0.17721518987341772,0.05,1.0,0.9375,0.8875,0.25625,0.975,0.0125,0.50625,1.0,0.7062499999999999,0.9791666666666666,0.4854166666666666,0.5054166666666666,0.7236111111111111,0.6145138888888888,12.0,advocacy: funding or access gap,"Proxy score from public NDIA service-area data. It combines benchmark gaps, utilisation friction, unspent committed funding and provider-activity indicators; it is a triage signal, not proof of unmet need.",supply_response_gap is participant growth minus provider growth; it is not a provider caseload measure.,2025,static 2025 ERP denominator from local processed file; quarterly interpolation unavailable without annual series,derived_from_local_curated_source
2024Q3,2024 Q3,2024-03-31,ndia_service_area,Barkly,Barkly,NT,Very Remote Australia,7448.0,148.0,,19.87110633727175,,0.013698630136986356,,124000.0,44300.0,,6773000.0,,45763.51351351351,909371.6433941998,,,,0.74,24.68676284471637,0.7773084731227313,81027.36890354347,60498.99233345409,26.741674362372237,0.7287384335959551,89029.82107355865,61786.02459318165,,0.03730847312273127,-42972.631096456535,,,-0.011261566404044885,-34970.17892644135,,,,,,,,0.16234769177964647,-0.03125,,,,,,0.01875,0.20625,0.26875,0.2625,0.23125,,0.50625,0.01875,0.25416666666666665,0.08124999999999999,0.35624999999999996,0.15208333333333332,0.23055555555555554,0.19131944444444443,79.0,monitor,"Proxy score from public NDIA service-area data. It combines benchmark gaps, utilisation friction, unspent committed funding and provider-activity indicators; it is a triage signal, not proof of unmet need.",supply_response_gap is participant growth minus provider growth; it is not a provider caseload measure.,2025,static 2025 ERP denominator from local processed file; quarterly interpolation unavailable without annual series,derived_from_local_curated_source
2024Q4,2024 Q4,2024-06-30,ndia_service_area,Barkly,Barkly,NT,Very Remote Australia,7448.0,150.0,153.0,20.13963480128894,20.54242749731472,0.013513513513513598,,132000.0,49000.0,20196000.0,8870000.0,57973.856209150326,59133.333333333336,1190923.737916219,0.43919588037235097,11326000.0,74026.14379084967,0.78,25.27144981343164,0.7784608418203379,82439.3926044259,61164.480098449734,27.315980747937253,0.7307607285309241,91044.45191984238,62759.91157672161,4.729022316116922,-0.0015391581796620809,-49560.6073955741,3190.623889299408,6.7735532506225375,-0.049239271469075876,-40955.54808015762,4786.055367571287,,,,,,,0.30961169348885287,0.06451612903225801,,0.560804119627649,0.0125,0.17721518987341772,0.475,1.0,0.2125,0.8875,0.25625,0.6625,,0.50625,0.9875,0.6020833333333333,0.7333333333333334,0.359375,0.5160416666666666,0.5649305555555556,0.5404861111111111,32.0,monitor,"Proxy score from public NDIA service-area data. It combines benchmark gaps, utilisation friction, unspent committed funding and provider-activity indicators; it is a triage signal, not proof of unmet need.",supply_response_gap is participant growth minus provider growth; it is not a provider caseload measure.,2025,static 2025 ERP denominator from local processed file; quarterly interpolation unavailable without annual series,derived_from_local_curated_source
2025Q1,2025 Q1,2024-09-30,ndia_service_area,Barkly,Barkly,NT,Very Remote Australia,7448.0,152.0,155.0,20.408163265306122,20.810955961331903,0.01333333333333342,0.013071895424836555,128000.0,44600.0,19840000.0,9567000.0,61722.58064516129,62940.78947368421,1284505.9076262084,0.48220766129032255,10273000.0,66277.41935483871,0.79,26.153554026565185,0.7601002932313932,82459.7494204458,60716.14056683959,28.08981758060144,0.7175297333925275,91778.55924480688,62539.22003878777,5.3425980652332825,-0.02989970676860679,-45540.250579554195,-1006.4400783216988,7.278861619269538,-0.07247026660747252,-36221.44075519312,816.6393936264794,,,,,,,0.07857948139797077,-0.030303030303030276,,0.5177923387096774,0.0125,0.17721518987341772,0.675,0.9875,0.21875,0.8875,0.25,0.4625,,0.50625,0.975,0.5333333333333333,0.7270833333333333,0.3625,0.5529166666666667,0.5409722222222222,0.5469444444444445,31.0,monitor,"Proxy score from public NDIA service-area data. It combines benchmark gaps, utilisation friction, unspent committed funding and provider-activity indicators; it is a triage signal, not proof of unmet need.",supply_response_gap is participant growth minus provider growth; it is not a provider caseload measure.,2025,static 2025 ERP denominator from local processed file; quarterly interpolation unavailable without annual series,derived_from_local_curated_source
2025Q2,2025 Q2,2024-12-31,ndia_service_area,Barkly,Barkly,NT,Very Remote Australia,7448.0,150.0,150.0,20.13963480128894,20.13963480128894,-0.013157894736842146,-0.032258064516129004,137000.0,46300.0,20550000.0,9032000.0,60213.333333333336,60213.333333333336,1212674.543501611,0.43951338199513384,11518000.0,76786.66666666667,0.81,26.957763247112997,0.7465297732931997,82492.94748629373,60067.7940397898,28.799988448237272,0.6997169488821533,91472.6178809909,62312.67804644591,6.818128445824055,-0.06347022670680033,-54507.052513706265,-145.5392935435375,8.660353646948334,-0.11028305111784675,-45527.3821190091,2099.344713112572,,,,,,,-0.0559213964670221,0.0703125,,0.5604866180048662,0.0125,0.12658227848101267,0.5875,1.0,0.19375,0.9125,0.24375,0.5375,,0.50625,0.975,0.5645833333333333,0.7229166666666668,0.35,0.5345833333333333,0.5458333333333334,0.5402083333333334,30.0,monitor,"Proxy score from public NDIA service-area data. It combines benchmark gaps, utilisation friction, unspent committed funding and provider-activity indicators; it is a triage signal, not proof of unmet need.",supply_response_gap is participant growth minus provider growth; it is not a provider caseload measure.,2025,static 2025 ERP denominator from local processed file; quarterly interpolation unavailable without annual series,derived_from_local_curated_source
2025Q3,2025 Q3,2025-03-31,ndia_service_area,Barkly,Barkly,NT,Very Remote Australia,7448.0,,165.0,,22.15359828141783,,0.10000000000000009,128000.0,,21120000.0,8622000.0,52254.545454545456,,1157626.208378088,0.4082386363636364,12498000.0,75745.45454545454,0.77,27.40732028960876,0.7506086859240299,84432.45028614352,60802.47507148593,29.255495455759704,0.6998867027124044,93888.60969645302,63068.60655553811,5.253722008190934,-0.019391314075970167,-43567.54971385648,8547.929616940477,7.101897174341875,-0.07011329728759563,-34111.390303546985,10814.06110099265,,,,,,,-0.04539415411868908,-0.06569343065693434,,0.5917613636363637,0.0125,0.17721518987341772,0.275,0.9875,0.2125,0.875,0.25625,0.825,,0.50625,0.9875,0.6520833333333333,0.7291666666666666,0.359375,0.4727083333333333,0.5802083333333333,0.5264583333333333,30.0,monitor,"Proxy score from public NDIA service-area data. It combines benchmark gaps, utilisation friction, unspent committed funding and provider-activity indicators; it is a triage signal, not proof of unmet need.",supply_response_gap is participant growth minus provider growth; it is not a provider caseload measure.,2025,static 2025 ERP denominator from local processed file; quarterly interpolation unavailable without annual series,funded_plan_context_only
2025Q4,2025 Q4,2025-06-30,ndia_service_area,Barkly,Barkly,NT,Very Remote Australia,7448.0,,182.0,,24.43609022556391,,0.10303030303030303,134000.0,,24388000.0,7752000.0,42593.4065934066,,1040816.3265306123,0.3178612432343776,16636000.0,91406.59340659341,0.68,27.77839830958376,0.7514285432706143,85151.38506175322,62192.49868267691,29.615831690817068,0.7017884845529896,94950.29032401046,64775.29808075883,3.342308084019848,0.07142854327061428,-48848.614938246785,19599.092089270307,5.179741465253159,0.02178848455298961,-39049.709675989536,22181.89148735223,,,,,,,-0.10090466249130137,0.046875,,0.6821387567656224,0.0125,0.24050632911392406,0.05,1.0,0.61875,0.8,0.25,0.975,,0.50625,1.0,0.6749999999999999,0.8729166666666667,0.5625,0.4995833333333334,0.7034722222222222,0.6015277777777778,17.0,advocacy: funding or access gap,"Proxy score from public NDIA service-area data. It combines benchmark gaps, utilisation friction, unspent committed funding and provider-activity indicators; it is a triage signal, not proof of unmet need.",supply_response_gap is participant growth minus provider growth; it is not a provider caseload measure.,2025,static 2025 ERP denominator from local processed file; quarterly interpolation unavailable without annual series,funded_plan_context_only
2026Q1,2026 Q1,2025-09-30,ndia_service_area,Barkly,Barkly,NT,Very Remote Australia,7448.0,,191.0,,25.644468313641244,,0.0494505494505495,132000.0,,25212000.0,8040000.0,42094.240837696336,,1079484.425349087,0.3188957639219419,17172000.0,89905.75916230367,0.69,28.253214646769933,0.7386029448813405,85151.81887829916,62709.42778038322,29.935474216268688,0.6915735929312197,94840.2069766932,65463.76811594203,2.608746333128689,0.04860294488134045,-46848.181121700836,20615.186942686887,4.291005902627443,0.001573592931219707,-37159.793023306804,23369.527278245696,,,,,,,0.037151702786377694,-0.014925373134328401,,0.6811042360780581,0.0125,0.27848101265822783,0.05,1.0,0.4125,0.775,0.24375,0.975,,0.50625,1.0,0.6645833333333333,0.8041666666666667,0.459375,0.46520833333333333,0.6427083333333333,0.5539583333333333,23.0,monitor,"Proxy score from public NDIA service-area data. It combines benchmark gaps, utilisation friction, unspent committed funding and provider-activity indicators; it is a triage signal, not proof of unmet need.",supply_response_gap is participant growth minus provider growth; it is not a provider caseload measure.,2025,static 2025 ERP denominator from local processed file; quarterly interpolation unavailable without annual series,funded_plan_context_only
2024Q2,2024 Q2,2023-12-31,ndia_service_area,"Barossa, Light and Lower North","Barossa, Light and Lower North",SA,Inner Regional Australia,83434.0,2891.0,2891.0,34.650142627705726,34.650142627705726,,,58000.0,23100.0,167678000.0,113338000.0,39203.73573158077,39203.73573158077,1358415.034638157,0.675926478130703,54340000.0,18796.264268419232,0.75,24.12050932082575,0.774810548394224,79559.82881407744,60116.50993792392,26.8899974718611,0.7630061336695022,76355.8163924701,56667.37290379991,-10.529633306879976,0.024810548394223985,21559.82881407744,20912.77420634315,-7.760145155844626,0.013006133669502162,18355.816392470093,17463.63717221914,246.0,865.0,11.752032520325203,11.752032520325203,85.09166378415773,,,,,0.32407352186929705,0.25,0.9493670886075949,0.0375,0.275,0.49375,0.24375,1.0,0.9625,0.2625,0.50625,0.8,0.7354166666666666,0.5229166666666667,0.4208333333333334,0.30125,0.5597222222222222,0.4304861111111111,62.0,advocacy: funding or access gap,"Proxy score from public NDIA service-area data. It combines benchmark gaps, utilisation friction, unspent committed funding and provider-activity indicators; it is a triage signal, not proof of unmet need.",supply_response_gap is participant growth minus provider growth; it is not a provider caseload measure.,2025,static 2025 ERP denominator from local processed file; quarterly interpolation unavailable without annual series,derived_from_local_curated_source
2024Q3,2024 Q3,2024-03-31,ndia_service_area,"Barossa, Light and Lower North","Barossa, Light and Lower North",SA,Inner Regional Australia,83434.0,2986.0,2986.0,35.788767169259536,35.788767169259536,0.03286060186786588,0.03286060186786588,60000.0,23400.0,179160000.0,120948000.0,40505.02344273275,40505.02344273275,1449624.8531773617,0.6750837240455458,58212000.0,19494.976557267248,0.77,24.68676284471637,0.7773084731227313,81027.36890354347,60498.99233345409,27.71623599286424,0.7648604023741618,77994.1725121406,56947.80441429636,-11.10200432454317,0.0073084731227312716,21027.368903543465,19993.968890721335,-8.072531176395298,-0.005139597625838235,17994.172512140605,16442.78097156361,,,,,,,0.06714429405847988,0.034482758620689724,,0.32491627595445416,0.24358974358974358,0.948051948051948,0.038461538461538464,0.25,0.20625,0.26875,0.9875,0.975,,0.50625,0.7875,0.74375,0.4145833333333333,0.35624999999999996,0.2605769230769231,0.5048611111111111,0.3827190170940171,68.0,advocacy: funding or access gap,"Proxy score from public NDIA service-area data. It combines benchmark gaps, utilisation friction, unspent committed funding and provider-activity indicators; it is a triage signal, not proof of unmet need.",supply_response_gap is participant growth minus provider growth; it is not a provider caseload measure.,2025,static 2025 ERP denominator from local processed file; quarterly interpolation unavailable without annual series,derived_from_local_curated_source
2024Q4,2024 Q4,2024-06-30,ndia_service_area,"Barossa, Light and Lower North","Barossa, Light and Lower North",SA,Inner Regional Australia,83434.0,3052.0,3052.0,36.57981158760218,36.57981158760218,0.022103148024112507,0.022103148024112507,60000.0,23600.0,183120000.0,123523000.0,40472.804718217565,40472.804718217565,1480487.5710142148,0.674546745303626,59597000.0,19527.19528178244,0.78,25.27144981343164,0.7784608418203379,82439.3926044259,61164.480098449734,28.31985586047522,0.7685814728943384,79139.48388848934,57480.02092208034,-11.308361774170542,-0.0015391581796620809,22439.3926044259,20691.67538023217,-8.259955727126961,-0.011418527105661552,19139.48388848934,17007.216203862772,,,,,,,0.021290141217713332,0.0,,0.325453254696374,0.25,0.9493670886075949,0.0375,0.15,0.2125,0.25625,0.9875,0.975,,0.50625,0.7625,0.7395833333333334,0.375,0.359375,0.234375,0.4913194444444445,0.3628472222222222,73.0,advocacy: funding or access gap,"Proxy score from public NDIA service-area data. It combines benchmark gaps, utilisation friction, unspent committed funding and provider-activity indicators; it is a triage signal, not proof of unmet need.",supply_response_gap is participant growth minus provider growth; it is not a provider caseload measure.,2025,static 2025 ERP denominator from local processed file; quarterly interpolation unavailable without annual series,derived_from_local_curated_source
2025Q1,2025 Q1,2024-09-30,ndia_service_area,"Barossa, Light and Lower North","Barossa, Light and Lower North",SA,Inner Regional Australia,83434.0,3133.0,3133.0,37.55063882829542,37.55063882829542,0.026539973787680138,0.026539973787680138,61000.0,23700.0,191113000.0,122873000.0,39218.95946377274,39218.95946377274,1472696.982045689,0.6429337617011925,68240000.0,21781.040536227258,0.74,26.153554026565185,0.7601002932313932,82459.7494204458,60716.14056683959,29.378540729741957,0.749585874550338,79082.76206451863,56908.5598208139,-11.397084801730234,0.02010029323139321,21459.749420445805,21497.181103066847,-8.172098098553466,0.009585874550337934,18082.762064518625,17689.600357041156,,,,,,,-0.005262177893995412,0.016666666666666607,,0.35706623829880746,0.25,0.9493670886075949,0.0375,0.375,0.58125,0.25625,0.9875,0.975,,0.50625,0.8375,0.7395833333333334,0.5979166666666668,0.54375,0.36083333333333334,0.6270833333333333,0.49395833333333333,39.0,advocacy: funding or access gap,"Proxy score from public NDIA service-area data. It combines benchmark gaps, utilisation friction, unspent committed funding and provider-activity indicators; it is a triage signal, not proof of unmet need.",supply_response_gap is participant growth minus provider growth; it is not a provider caseload measure.,2025,static 2025 ERP denominator from local processed file; quarterly interpolation unavailable without annual series,derived_from_local_curated_source
2025Q2,2025 Q2,2024-12-31,ndia_service_area,"Barossa, Light and Lower North","Barossa, Light and Lower North",SA,Inner Regional Australia,83434.0,3252.0,3252.0,38.97691588561018,38.97691588561018,0.03798276412384305,0.03798276412384305,61000.0,23700.0,198372000.0,125323000.0,38537.20787207872,38537.20787207872,1502061.5096962869,0.6317575060996512,73049000.0,22462.79212792128,0.71,26.957763247112997,0.7465297732931997,82492.94748629373,60067.7940397898,30.345785307596167,0.7338446519006651,79096.43428753808,56188.57394969421,-12.01915263849719,0.036529773293199674,21492.947486293735,21530.58616771108,-8.631130578014016,0.02384465190066507,18096.434287538083,17651.366077615494,,,,,,,0.019939286905992448,0.0,,0.3682424939003488,0.25,0.9620253164556962,0.025,0.3625,0.7,0.25625,0.9875,0.975,,0.50625,0.85,0.7395833333333334,0.6375000000000001,0.6031249999999999,0.375625,0.6600694444444445,0.5178472222222222,33.0,advocacy: funding or access gap,"Proxy score from public NDIA service-area data. It combines benchmark gaps, utilisation friction, unspent committed funding and provider-activity indicators; it is a triage signal, not proof of unmet need.",supply_response_gap is participant growth minus provider growth; it is not a provider caseload measure.,2025,static 2025 ERP denominator from local processed file; quarterly interpolation unavailable without annual series,derived_from_local_curated_source
2025Q3,2025 Q3,2025-03-31,ndia_service_area,"Barossa, Light and Lower North","Barossa, Light and Lower North",SA,Inner Regional Australia,83434.0,,3323.0,,39.82788791140303,,0.021832718327183365,61000.0,,202703000.0,126399000.0,38037.61661149564,,1514957.93081957,0.6235674854343547,76304000.0,22962.383388504364,0.69,27.40732028960876,0.7506086859240299,84432.45028614352,60802.47507148593,30.943280669707555,0.735953040708486,80949.4227901239,56650.43820079907,-12.420567621794262,0.06060868592402983,23432.450286143518,22764.85845999029,-8.88460724169547,0.045953040708485986,19949.422790123906,18612.82158930343,,,,,,,0.008585814255962498,0.0,,0.3764325145656453,0.25,0.9620253164556962,0.025,0.2875,0.8625,0.25625,0.9875,0.975,,0.50625,0.85,0.7395833333333334,0.6666666666666666,0.684375,0.3827083333333333,0.696875,0.5397916666666667,28.0,under-funded and under-serviced,"Proxy score from public NDIA service-area data. It combines benchmark gaps, utilisation friction, unspent committed funding and provider-activity indicators; it is a triage signal, not proof of unmet need.",supply_response_gap is participant growth minus provider growth; it is not a provider caseload measure.,2025,static 2025 ERP denominator from local processed file; quarterly interpolation unavailable without annual series,funded_plan_context_only
2025Q4,2025 Q4,2025-06-30,ndia_service_area,"Barossa, Light and Lower North","Barossa, Light and Lower North",SA,Inner Regional Australia,83434.0,,3366.0,,40.34326533547475,,0.012940114354498933,61000.0,,205326000.0,129495000.0,38471.47950089126,,1552065.105352734,0.6306799918178896,75831000.0,22528.520499108734,0.7,27.77839830958376,0.7514285432706143,85151.38506175322,62192.49868267691,31.40646420190928,0.7357142727569568,81348.30207161774,57871.566955701484,-12.56486702589099,0.05142854327061428,24151.385061753215,23721.019181785647,-8.93680113356547,0.03571427275695683,20348.30207161774,19400.087454810222,,,,,,,0.024493864666650822,0.0,,0.3693200081821104,0.25,0.9620253164556962,0.025,0.325,0.8125,0.26875,0.9875,0.9625,,0.50625,0.8375,0.7395833333333334,0.6583333333333333,0.659375,0.38354166666666667,0.685763888888889,0.5346527777777779,29.0,advocacy: funding or access gap,"Proxy score from public NDIA service-area data. It combines benchmark gaps, utilisation friction, unspent committed funding and provider-activity indicators; it is a triage signal, not proof of unmet need.",supply_response_gap is participant growth minus provider growth; it is not a provider caseload measure.,2025,static 2025 ERP denominator from local processed file; quarterly interpolation unavailable without annual series,funded_plan_context_only
2026Q1,2026 Q1,2025-09-30,ndia_service_area,"Barossa, Light and Lower North","Barossa, Light and Lower North",SA,Inner Regional Australia,83434.0,,3458.0,,41.44593331255843,,0.027332144979203887,60000.0,,207480000.0,131105000.0,37913.53383458647,,1571361.7949516983,0.6318922305764411,76375000.0,22086.466165413534,0.68,28.253214646769933,0.7386029448813405,85151.81887829916,62709.42778038322,32.03344264863498,0.7233427743146025,81102.38055009648,58210.68357447111,-13.192718665788496,0.05860294488134045,25151.818878299164,24795.89394579675,-9.41249066392345,0.04334277431460251,21102.38055009648,20297.14973988464,,,,,,,0.01243291246766276,-0.016393442622950838,,0.36810776942355894,0.25,0.9620253164556962,0.025,0.3125,0.85625,0.26875,1.0,0.9625,,0.50625,0.85,0.74375,0.6729166666666666,0.6812499999999999,0.3883333333333333,0.6993055555555555,0.5438194444444444,26.0,under-funded and under-serviced,"Proxy score from public NDIA service-area data. It combines benchmark gaps, utilisation friction, unspent committed funding and provider-activity indicators; it is a triage signal, not proof of unmet need.",supply_response_gap is participant growth minus provider growth; it is not a provider caseload measure.,2025,static 2025 ERP denominator from local processed file; quarterly interpolation unavailable without annual series,funded_plan_context_only
2024Q2,2024 Q2,2023-12-31,ndia_service_area,Barwon,Barwon,VIC,Inner Regional Australia,360843.0,11911.0,11912.0,33.00881546822302,33.01158675656726,,,77000.0,35500.0,917224000.0,682032000.0,57255.8764271323,57260.683401897404,1890107.3319975724,0.743582810741978,235192000.0,19744.123572867695,0.74,24.12050932082575,0.774810548394224,79559.82881407744,60116.50993792392,26.8899974718611,0.7630061336695022,76355.8163924701,56667.37290379991,-8.891077435741511,0.034810548394223984,2559.8288140774384,2860.6335107916166,-6.121589284706161,0.023006133669502157,-644.183607529907,-588.5035233323943,567.0,2295.0,21.008818342151674,21.007054673721342,47.59905977165883,,,,,0.25641718925802204,0.75,0.9240506329113924,0.5,0.3875,0.65,0.24375,0.25625,0.225,0.925,0.50625,0.4625,0.24166666666666667,0.5,0.69375,0.56625,0.47847222222222224,0.5223611111111112,34.0,provider opportunity: under-serviced,"Proxy score from public NDIA service-area data. It combines benchmark gaps, utilisation friction, unspent committed funding and provider-activity indicators; it is a triage signal, not proof of unmet need.",supply_response_gap is participant growth minus provider growth; it is not a provider caseload measure.,2025,static 2025 ERP denominator from local processed file; quarterly interpolation unavailable without annual series,derived_from_local_curated_source
2024Q3,2024 Q3,2024-03-31,ndia_service_area,Barwon,Barwon,VIC,Inner Regional Australia,360843.0,12236.0,12236.0,33.909484180100485,33.909484180100485,0.027285702291999003,0.027199462726662293,78000.0,35700.0,954408000.0,700245000.0,57228.260869565216,57228.260869565216,1940580.8066111854,0.7336956521739131,254163000.0,20771.739130434784,0.75,24.68676284471637,0.7773084731227313,81027.36890354347,60498.99233345409,27.71623599286424,0.7648604023741618,77994.1725121406,56947.80441429636,-9.22272133538412,0.027308473122731273,3027.3689035434654,3270.731463888871,-6.193248187236247,0.014860402374161762,-5.827487859394751,-280.45645526885346,,,,,,,0.02670402561756635,0.01298701298701288,,0.2663043478260869,0.7564102564102564,0.922077922077922,0.5,0.4,0.55,0.26875,0.2625,0.23125,,0.50625,0.4625,0.25416666666666665,0.4708333333333334,0.528125,0.5310737179487179,0.41770833333333335,0.47439102564102564,48.0,monitor,"Proxy score from public NDIA service-area data. It combines benchmark gaps, utilisation friction, unspent committed funding and provider-activity indicators; it is a triage signal, not proof of unmet need.",supply_response_gap is participant growth minus provider growth; it is not a provider caseload measure.,2025,static 2025 ERP denominator from local processed file; quarterly interpolation unavailable without annual series,derived_from_local_curated_source
2024Q4,2024 Q4,2024-06-30,ndia_service_area,Barwon,Barwon,VIC,Inner Regional Australia,360843.0,12429.0,12429.0,34.44434283053849,34.44434283053849,0.015773128473357323,0.015773128473357323,80000.0,36500.0,994320000.0,723088000.0,58177.48813259313,58177.48813259313,2003885.3462586221,0.7272186016574141,271232000.0,21822.511867406873,0.76,25.27144981343164,0.7784608418203379,82439.3926044259,61164.480098449734,28.31985586047522,0.7685814728943384,79139.48388848934,57480.02092208034,-9.172893017106851,0.01846084182033792,2439.3926044258988,2986.991965856607,-6.12448697006327,0.008581472894338447,-860.5161115106603,-697.4672105127902,,,,,,,0.03262143963898345,0.02564102564102555,,0.27278139834258586,0.75,0.9240506329113924,0.4875,0.45,0.54375,0.25625,0.25625,0.225,,0.50625,0.475,0.24583333333333332,0.4895833333333333,0.5249999999999999,0.5404166666666667,0.42013888888888884,0.48027777777777775,43.0,monitor,"Proxy score from public NDIA service-area data. It combines benchmark gaps, utilisation friction, unspent committed funding and provider-activity indicators; it is a triage signal, not proof of unmet need.",supply_response_gap is participant growth minus provider growth; it is not a provider caseload measure.,2025,static 2025 ERP denominator from local processed file; quarterly interpolation unavailable without annual series,derived_from_local_curated_source
2025Q1,2025 Q1,2024-09-30,ndia_service_area,Barwon,Barwon,VIC,Inner Regional Australia,360843.0,12831.0,12831.0,35.55840074492231,35.55840074492231,0.032343712285783255,0.032343712285783255,79000.0,35600.0,1013649000.0,739022000.0,57596.6019795807,57596.6019795807,2048043.054735716,0.729070911133933,274627000.0,21403.398020419296,0.74,26.153554026565185,0.7601002932313932,82459.7494204458,60716.14056683959,29.378540729741957,0.749585874550338,79082.76206451863,56908.5598208139,-9.404846718357124,0.02010029323139321,3459.7494204458053,3119.5385872588886,-6.179860015180356,0.009585874550337934,82.76206451862527,-688.0421587668025,,,,,,,0.02203604540526194,-0.012499999999999956,,0.27092908886606704,0.7625,0.9240506329113924,0.475,0.3375,0.58125,0.25625,0.5,0.225,,0.50625,0.425,0.32708333333333334,0.4479166666666667,0.54375,0.5133333333333333,0.4395833333333334,0.4764583333333333,47.0,monitor,"Proxy score from public NDIA service-area data. It combines benchmark gaps, utilisation friction, unspent committed funding and provider-activity indicators; it is a triage signal, not proof of unmet need.",supply_response_gap is participant growth minus provider growth; it is not a provider caseload measure.,2025,static 2025 ERP denominator from local processed file; quarterly interpolation unavailable without annual series,derived_from_local_curated_source
2025Q2,2025 Q2,2024-12-31,ndia_service_area,Barwon,Barwon,VIC,Inner Regional Australia,360843.0,13177.0,13177.0,36.51726651202878,36.51726651202878,0.026965941859558917,0.026965941859558917,79000.0,35000.0,1040983000.0,748340000.0,56791.37891781134,56791.37891781134,2073865.919527329,0.7188782141495106,292643000.0,22208.621082188663,0.73,26.957763247112997,0.7465297732931997,82492.94748629373,60067.7940397898,30.345785307596167,0.7338446519006651,79096.43428753808,56188.57394969421,-9.55950326491579,0.016529773293199667,3492.947486293735,3276.4151219784617,-6.171481204432617,0.0038446519006650696,96.43428753808257,-602.8049681171251,,,,,,,0.01260855563163199,0.0,,0.2811217858504894,0.7625,0.9113924050632911,0.475,0.3375,0.41875,0.25625,0.49375,0.21875,,0.50625,0.4375,0.3229166666666667,0.3979166666666667,0.4625,0.48708333333333326,0.39444444444444454,0.4407638888888889,58.0,monitor,"Proxy score from public NDIA service-area data. It combines benchmark gaps, utilisation friction, unspent committed funding and provider-activity indicators; it is a triage signal, not proof of unmet need.",supply_response_gap is participant growth minus provider growth; it is not a provider caseload measure.,2025,static 2025 ERP denominator from local processed file; quarterly interpolation unavailable without annual series,derived_from_local_curated_source
2025Q3,2025 Q3,2025-03-31,ndia_service_area,Barwon,Barwon,VIC,Inner Regional Australia,360843.0,,13381.0,,37.0826093342534,,0.015481520831752249,81000.0,,1083861000.0,765189000.0,57184.73955608699,,2120559.356839401,0.705984438964037,318672000.0,23815.260443913012,0.72,27.40732028960876,0.7506086859240299,84432.45028614352,60802.47507148593,30.943280669707555,0.735953040708486,80949.4227901239,56650.43820079907,-9.675289044644636,0.03060868592402983,3432.4502861435176,3617.735515398941,-6.139328664545843,0.015953040708485987,-50.57720987609355,-534.3013552879202,,,,,,,0.0225151669027448,0.025316455696202445,,0.29401556103596305,0.7625,0.9113924050632911,0.4875,0.35,0.5875,0.25625,0.25625,0.225,,0.50625,0.4625,0.24583333333333332,0.4666666666666666,0.546875,0.5227083333333333,0.4197916666666666,0.47124999999999995,50.0,monitor,"Proxy score from public NDIA service-area data. It combines benchmark gaps, utilisation friction, unspent committed funding and provider-activity indicators; it is a triage signal, not proof of unmet need.",supply_response_gap is participant growth minus provider growth; it is not a provider caseload measure.,2025,static 2025 ERP denominator from local processed file; quarterly interpolation unavailable without annual series,funded_plan_context_only
2025Q4,2025 Q4,2025-06-30,ndia_service_area,Barwon,Barwon,VIC,Inner Regional Australia,360843.0,,13621.0,,37.7477185368706,,0.017935879231746554,81000.0,,1103301000.0,787640000.0,57825.41663607665,,2182777.5514558963,0.7138940325441562,315661000.0,23174.583363923353,0.72,27.77839830958376,0.7514285432706143,85151.38506175322,62192.49868267691,31.40646420190928,0.7357142727569568,81348.30207161774,57871.566955701484,-9.969320227286843,0.031428543270614284,4151.385061753215,4367.082046600262,-6.341254334961324,0.015714272756956832,348.3020716177416,46.15031962483772,,,,,,,0.02934046359788245,0.0,,0.2861059674558438,0.7625,0.9240506329113924,0.4375,0.3625,0.575,0.26875,0.5125,0.4375,,0.50625,0.5,0.40625,0.4791666666666667,0.5406249999999999,0.5164583333333332,0.4753472222222222,0.4959027777777777,42.0,monitor,"Proxy score from public NDIA service-area data. It combines benchmark gaps, utilisation friction, unspent committed funding and provider-activity indicators; it is a triage signal, not proof of unmet need.",supply_response_gap is participant growth minus provider growth; it is not a provider caseload measure.,2025,static 2025 ERP denominator from local processed file; quarterly interpolation unavailable without annual series,funded_plan_context_only
2026Q1,2026 Q1,2025-09-30,ndia_service_area,Barwon,Barwon,VIC,Inner Regional Australia,360843.0,,13930.0,,38.60404663524026,,0.022685559063211125,81000.0,,1128330000.0,801562000.0,57542.13926776741,,2221359.427784383,0.7103967810835482,326768000.0,23457.86073223259,0.71,28.253214646769933,0.7386029448813405,85151.81887829916,62709.42778038322,32.03344264863498,0.7233427743146025,81102.38055009648,58210.68357447111,-10.350831988470324,0.02860294488134045,4151.818878299164,5167.288512615814,-6.570603986605278,0.013342774314602507,102.38055009648087,668.5443067037049,,,,,,,0.017675587832004513,0.0,,0.2896032189164518,0.7625,0.9240506329113924,0.3875,0.4125,0.54375,0.26875,0.49375,0.475,,0.50625,0.55,0.4124999999999999,0.5020833333333333,0.5249999999999999,0.5179166666666666,0.47986111111111107,0.4988888888888888,42.0,monitor,"Proxy score from public NDIA service-area data. It combines benchmark gaps, utilisation friction, unspent committed funding and provider-activity indicators; it is a triage signal, not proof of unmet need.",supply_response_gap is participant growth minus provider growth; it is not a provider caseload measure.,2025,static 2025 ERP denominator from local processed file; quarterly interpolation unavailable without annual series,funded_plan_context_only
2024Q2,2024 Q2,2023-12-31,ndia_service_area,Bayside Peninsula,Bayside Peninsula,VIC,Major Cities of Australia,985059.0,21331.0,21331.0,21.654540489452916,21.65454048945292,,,80000.0,38400.0,1706480000.0,1301245000.0,61002.53152688575,61002.53152688575,1320981.7889080755,0.7625316440860719,405235000.0,18997.468473114248,0.77,24.12050932082575,0.774810548394224,79559.82881407744,60116.50993792392,21.54075115403415,0.7958582408716173,80400.51139569166,62712.29290901039,2.465968831372834,0.0048105483942239855,-440.17118592256156,-886.0215889618339,-0.1137893354187653,0.02585824087161725,400.51139569166116,1709.7613821246414,993.0,2670.0,21.481369587109768,21.481369587109768,46.55196662134921,,,,,0.23746835591392812,0.95,0.27848101265822783,0.6375,0.2875,0.6875,0.24375,0.51875,0.5125,0.95,0.50625,0.3375,0.425,0.4375,0.7145833333333332,0.6054166666666666,0.5256944444444445,0.5655555555555556,25.0,provider opportunity: under-serviced,"Proxy score from public NDIA service-area data. It combines benchmark gaps, utilisation friction, unspent committed funding and provider-activity indicators; it is a triage signal, not proof of unmet need.",supply_response_gap is participant growth minus provider growth; it is not a provider caseload measure.,2025,static 2025 ERP denominator from local processed file; quarterly interpolation unavailable without annual series,derived_from_local_curated_source
2024Q3,2024 Q3,2024-03-31,ndia_service_area,Bayside Peninsula,Bayside Peninsula,VIC,Major Cities of Australia,985059.0,22062.0,22062.0,22.396628019235397,22.3966280192354,0.034269373212695076,0.034269373212695076,81000.0,37500.0,1787022000.0,1337316000.0,60616.26325809083,60616.26325809083,1357599.9001075062,0.7483489291122325,449706000.0,20383.736741909164,0.77,24.68676284471637,0.7773084731227313,81027.36890354347,60498.99233345409,22.15635799622129,0.7987044245491112,81921.83021338335,63196.969696969696,2.290134825480969,0.0073084731227312716,27.36890354346542,-117.2709246367449,-0.240270023014105,0.028704424549111138,921.8302133833495,2580.706438878864,,,,,,,0.027720375486553372,0.012499999999999956,,0.2516510708877675,0.9487179487179487,0.2857142857142857,0.6282051282051282,0.35,0.73125,0.26875,0.54375,0.55,,0.50625,0.35,0.45416666666666666,0.4770833333333333,0.6187499999999999,0.6045512820512821,0.5166666666666666,0.5606089743589744,27.0,monitor,"Proxy score from public NDIA service-area data. It combines benchmark gaps, utilisation friction, unspent committed funding and provider-activity indicators; it is a triage signal, not proof of unmet need.",supply_response_gap is participant growth minus provider growth; it is not a provider caseload measure.,2025,static 2025 ERP denominator from local processed file; quarterly interpolation unavailable without annual series,derived_from_local_curated_source
2024Q4,2024 Q4,2024-06-30,ndia_service_area,Bayside Peninsula,Bayside Peninsula,VIC,Major Cities of Australia,985059.0,22497.0,22497.0,22.83822593367504,22.83822593367504,0.0197171607288551,0.0197171607288551,82000.0,37600.0,1844754000.0,1367550000.0,60788.10508067742,60788.10508067742,1388292.4779124905,0.7413183546424076,477204000.0,21211.894919322578,0.77,25.27144981343164,0.7784608418203379,82439.3926044259,61164.480098449734,22.563669931499856,0.7973695351274968,83207.46100966579,63732.73450666296,2.4332238797565964,0.00846084182033792,439.39260442589875,376.3750177723123,-0.2745560021751849,0.027369535127496788,1207.4610096657852,2944.629425985535,,,,,,,0.022607969993629018,0.012345679012345734,,0.2586816453575924,0.95,0.2911392405063291,0.6,0.375,0.73125,0.25625,0.575,0.55,,0.50625,0.35,0.4604166666666667,0.4854166666666666,0.6187499999999999,0.6058333333333332,0.5215277777777777,0.5636805555555555,28.0,monitor,"Proxy score from public NDIA service-area data. It combines benchmark gaps, utilisation friction, unspent committed funding and provider-activity indicators; it is a triage signal, not proof of unmet need.",supply_response_gap is participant growth minus provider growth; it is not a provider caseload measure.,2025,static 2025 ERP denominator from local processed file; quarterly interpolation unavailable without annual series,derived_from_local_curated_source
2025Q1,2025 Q1,2024-09-30,ndia_service_area,Bayside Peninsula,Bayside Peninsula,VIC,Major Cities of Australia,985059.0,23342.0,23342.0,23.696042572069288,23.696042572069288,0.03756056363070637,0.03756056363070637,81000.0,36400.0,1890702000.0,1403017000.0,60106.97455230914,60106.97455230914,1424297.4278698028,0.7420614142260388,487685000.0,20893.02544769086,0.76,26.153554026565185,0.7601002932313932,82459.7494204458,60716.14056683959,23.368427888963133,0.777901017449582,83196.99210700695,63287.15620185708,2.457511454495897,0.000100293231393209,1459.7494204458053,609.1660145304486,-0.3276146831061552,0.01790101744958193,2196.992107006954,3180.181649547936,,,,,,,0.025934700742203276,-0.012195121951219523,,0.2579385857739612,0.95,0.3037974683544304,0.55,0.2875,0.66875,0.25625,0.6125,0.6,,0.50625,0.3125,0.4895833333333333,0.4229166666666666,0.5874999999999999,0.5595833333333333,0.49999999999999994,0.5297916666666667,33.0,monitor,"Proxy score from public NDIA service-area data. It combines benchmark gaps, utilisation friction, unspent committed funding and provider-activity indicators; it is a triage signal, not proof of unmet need.",supply_response_gap is participant growth minus provider growth; it is not a provider caseload measure.,2025,static 2025 ERP denominator from local processed file; quarterly interpolation unavailable without annual series,derived_from_local_curated_source
2025Q2,2025 Q2,2024-12-31,ndia_service_area,Bayside Peninsula,Bayside Peninsula,VIC,Major Cities of Australia,985059.0,24198.0,24198.0,24.565026054276952,24.565026054276952,0.0366720932225173,0.0366720932225173,80000.0,35300.0,1935840000.0,1426963000.0,58970.28680056203,58970.28680056203,1448606.6316839906,0.7371285850070254,508877000.0,21029.71319943797,0.75,26.957763247112997,0.7465297732931997,82492.94748629373,60067.7940397898,24.112356938543137,0.7670216640247125,83199.73444972835,62621.1139562926,2.392737192836041,-0.0034702267068003317,2492.947486293735,1097.5072392277652,-0.4526691157338156,0.01702166402471249,3199.7344497283484,3650.8271557305634,,,,,,,0.017067505240492498,-0.012345679012345734,,0.2628714149929746,0.95,0.31645569620253167,0.525,0.2125,0.6375,0.25625,0.66875,0.6125,,0.50625,0.2375,0.5125000000000001,0.3625,0.5718749999999999,0.5243749999999999,0.4822916666666666,0.5033333333333333,35.0,monitor,"Proxy score from public NDIA service-area data. It combines benchmark gaps, utilisation friction, unspent committed funding and provider-activity indicators; it is a triage signal, not proof of unmet need.",supply_response_gap is participant growth minus provider growth; it is not a provider caseload measure.,2025,static 2025 ERP denominator from local processed file; quarterly interpolation unavailable without annual series,derived_from_local_curated_source
2025Q3,2025 Q3,2025-03-31,ndia_service_area,Bayside Peninsula,Bayside Peninsula,VIC,Major Cities of Australia,985059.0,,24622.0,,24.995457124903176,,0.017522109265228458,81000.0,,1994382000.0,1463740000.0,59448.46072617984,,1485941.4512227185,0.7339316139034548,530642000.0,21551.539273820163,0.75,27.40732028960876,0.7506086859240299,84432.45028614352,60802.47507148593,24.50313856910154,0.7729322500306646,85141.60084900781,63507.002181182106,2.4118631647055864,0.000608685924029828,3432.4502861435176,1354.0143453060955,-0.4923185558016349,0.022932250030664535,4141.600849007809,4058.541455002269,,,,,,,0.02577291772807011,0.012499999999999956,,0.26606838609654515,0.95,0.31645569620253167,0.5375,0.15,0.68125,0.25625,0.69375,0.625,,0.50625,0.2125,0.525,0.34791666666666665,0.59375,0.5158333333333333,0.48888888888888893,0.502361111111111,41.0,monitor,"Proxy score from public NDIA service-area data. It combines benchmark gaps, utilisation friction, unspent committed funding and provider-activity indicators; it is a triage signal, not proof of unmet need.",supply_response_gap is participant growth minus provider growth; it is not a provider caseload measure.,2025,static 2025 ERP denominator from local processed file; quarterly interpolation unavailable without annual series,funded_plan_context_only
2025Q4,2025 Q4,2025-06-30,ndia_service_area,Bayside Peninsula,Bayside Peninsula,VIC,Major Cities of Australia,985059.0,,24802.0,,25.178187296395443,,0.007310535293639786,82000.0,,2033764000.0,1499204000.0,60446.89944359326,,1521943.3556771725,0.7371573102877227,534560000.0,21553.10055640674,0.75,27.77839830958376,0.7514285432706143,85151.38506175322,62192.49868267691,24.83518208130649,0.7733698580403464,85996.54571858524,64997.01926820798,2.6002110131883143,0.001428543270614284,3151.3850617532153,1745.5992390836473,-0.3430052150889509,0.0233698580403464,3996.545718585243,4550.119824614718,,,,,,,0.024228346564280523,0.012345679012345734,,0.2628426897122773,0.95,0.27848101265822783,0.55,0.225,0.6625,0.26875,0.7125,0.65,,0.50625,0.25,0.5437500000000001,0.37916666666666665,0.584375,0.5377083333333333,0.5024305555555556,0.5200694444444445,33.0,monitor,"Proxy score from public NDIA service-area data. It combines benchmark gaps, utilisation friction, unspent committed funding and provider-activity indicators; it is a triage signal, not proof of unmet need.",supply_response_gap is participant growth minus provider growth; it is not a provider caseload measure.,2025,static 2025 ERP denominator from local processed file; quarterly interpolation unavailable without annual series,funded_plan_context_only
2026Q1,2026 Q1,2025-09-30,ndia_service_area,Bayside Peninsula,Bayside Peninsula,VIC,Major Cities of Australia,985059.0,,25181.0,,25.562935824148607,,0.015281025723731911,82000.0,,2064842000.0,1533008000.0,60879.55204320718,,1556260.08188342,0.7424335615025266,531834000.0,21120.44795679282,0.73,28.253214646769933,0.7386029448813405,85151.81887829916,62709.42778038322,25.249615768421013,0.7599765041363589,86109.56887160339,65613.772509322,2.690278822621327,0.008602944881340448,3151.8188782991638,1829.875737176044,-0.3133200557275941,0.029976504136358814,4109.568871603391,4734.220466114828,,,,,,,0.02254796545366733,0.0,,0.2575664384974734,0.95,0.26582278481012656,0.525,0.2125,0.7375,0.26875,0.6875,0.65,,0.50625,0.2625,0.5354166666666668,0.40416666666666673,0.621875,0.5427083333333333,0.5204861111111111,0.5315972222222223,32.0,monitor,"Proxy score from public NDIA service-area data. It combines benchmark gaps, utilisation friction, unspent committed funding and provider-activity indicators; it is a triage signal, not proof of unmet need.",supply_response_gap is participant growth minus provider growth; it is not a provider caseload measure.,2025,static 2025 ERP denominator from local processed file; quarterly interpolation unavailable without annual series,funded_plan_context_only
2024Q2,2024 Q2,2023-12-31,ndia_service_area,Beenleigh,Beenleigh,QLD,Major Cities of Australia,576346.0,16391.0,16391.0,28.439513764301307,28.439513764301307,,,77000.0,25300.0,1262107000.0,972354000.0,59322.433042523335,59322.433042523335,1687101.151044685,0.7704212083444589,289753000.0,17677.566957476665,0.79,24.12050932082575,0.774810548394224,79559.82881407744,60116.50993792392,21.54075115403415,0.7958582408716173,80400.51139569166,62712.29290901039,-4.319004443475556,-0.015189451605776014,2559.8288140774384,794.0768954005835,-6.898762610267156,0.005858240871617255,3400.511395691661,3389.8598664870588,1063.0,3184.0,15.419567262464723,15.419567262464723,64.85266304679398,,,,,0.22957879165554107,0.8875,0.6455696202531646,0.5875,0.15,0.44375,0.24375,0.6625,0.5875,0.6125,0.50625,0.175,0.4979166666666666,0.25625000000000003,0.5208333333333334,0.4804166666666667,0.425,0.4527083333333334,57.0,monitor,"Proxy score from public NDIA service-area data. It combines benchmark gaps, utilisation friction, unspent committed funding and provider-activity indicators; it is a triage signal, not proof of unmet need.",supply_response_gap is participant growth minus provider growth; it is not a provider caseload measure.,2025,static 2025 ERP denominator from local processed file; quarterly interpolation unavailable without annual series,derived_from_local_curated_source
2024Q3,2024 Q3,2024-03-31,ndia_service_area,Beenleigh,Beenleigh,QLD,Major Cities of Australia,576346.0,17075.0,17075.0,29.626300867881444,29.626300867881444,0.04173021780245256,0.04173021780245256,79000.0,25600.0,1348925000.0,1021562000.0,59827.93557833089,59827.93557833089,1772480.4197478597,0.7573156402320366,327363000.0,19172.064421669107,0.79,24.68676284471637,0.7773084731227313,81027.36890354347,60498.99233345409,22.15635799622129,0.7987044245491112,81921.83021338335,63196.969696969696,-4.939538023165078,-0.012691526877268728,2027.3689035434654,671.0567551231943,-7.469942871660152,0.008704424549111139,2921.8302133833495,3369.034118638803,,,,,,,0.05060708342846332,0.025974025974025983,,0.24268435976796343,0.8846153846153846,0.6623376623376623,0.5769230769230769,0.2,0.4875,0.26875,0.65,0.6125,,0.50625,0.25,0.5104166666666666,0.3125,0.49687499999999996,0.4941826923076923,0.43993055555555555,0.46705662393162395,51.0,monitor,"Proxy score from public NDIA service-area data. It combines benchmark gaps, utilisation friction, unspent committed funding and provider-activity indicators; it is a triage signal, not proof of unmet need.",supply_response_gap is participant growth minus provider growth; it is not a provider caseload measure.,2025,static 2025 ERP denominator from local processed file; quarterly interpolation unavailable without annual series,derived_from_local_curated_source
2024Q4,2024 Q4,2024-06-30,ndia_service_area,Beenleigh,Beenleigh,QLD,Major Cities of Australia,576346.0,17482.0,17482.0,30.332473895888928,30.332473895888928,0.02383601756954623,0.02383601756954623,81000.0,26400.0,1416042000.0,1062712000.0,60788.92575220227,60788.92575220227,1843878.5035378055,0.7504805648420033,353330000.0,20211.074247797736,0.79,25.27144981343164,0.7784608418203379,82439.3926044259,61164.480098449734,22.563669931499856,0.7973695351274968,83207.46100966579,63732.73450666296,-5.0610240824572905,-0.01153915817966208,1439.3926044258988,375.55434624746704,-7.768803964389072,0.007369535127496789,2207.4610096657852,2943.8087544606897,,,,,,,0.04028145134607586,0.025316455696202445,,0.24951943515799668,0.8875,0.6582278481012658,0.6125,0.25,0.475,0.25625,0.6125,0.5375,,0.50625,0.2875,0.46875,0.33749999999999997,0.490625,0.515625,0.4322916666666667,0.47395833333333337,48.0,monitor,"Proxy score from public NDIA service-area data. It combines benchmark gaps, utilisation friction, unspent committed funding and provider-activity indicators; it is a triage signal, not proof of unmet need.",supply_response_gap is participant growth minus provider growth; it is not a provider caseload measure.,2025,static 2025 ERP denominator from local processed file; quarterly interpolation unavailable without annual series,derived_from_local_curated_source
2025Q1,2025 Q1,2024-09-30,ndia_service_area,Beenleigh,Beenleigh,QLD,Major Cities of Australia,576346.0,18275.0,18275.0,31.708383505741345,31.708383505741345,0.04536094268390345,0.04536094268390345,81000.0,26400.0,1480275000.0,1098821000.0,60127.00410396717,60127.00410396717,1906530.1051798747,0.74230869264157,381454000.0,20872.995896032833,0.77,26.153554026565185,0.7601002932313932,82459.7494204458,60716.14056683959,23.368427888963133,0.777901017449582,83196.99210700695,63287.15620185708,-5.55482947917616,-0.009899706768606792,1459.7494204458053,589.1364628724186,-8.339955616778212,0.007901017449581929,2196.992107006954,3160.152097889906,,,,,,,0.033978161533886775,0.0,,0.25769130735843004,0.8875,0.6835443037974683,0.5625,0.275,0.49375,0.25625,0.6125,0.5875,,0.50625,0.2875,0.48541666666666666,0.3520833333333333,0.5,0.5154166666666666,0.4458333333333333,0.48062499999999997,45.0,monitor,"Proxy score from public NDIA service-area data. It combines benchmark gaps, utilisation friction, unspent committed funding and provider-activity indicators; it is a triage signal, not proof of unmet need.",supply_response_gap is participant growth minus provider growth; it is not a provider caseload measure.,2025,static 2025 ERP denominator from local processed file; quarterly interpolation unavailable without annual series,derived_from_local_curated_source
2025Q2,2025 Q2,2024-12-31,ndia_service_area,Beenleigh,Beenleigh,QLD,Major Cities of Australia,576346.0,18901.0,18901.0,32.79453661515826,32.79453661515826,0.03425444596443228,0.03425444596443228,81000.0,26600.0,1530981000.0,1130471000.0,59810.11586688535,59810.11586688535,1961445.0347534292,0.7383964921837698,400510000.0,21189.88413311465,0.75,26.957763247112997,0.7465297732931997,82492.94748629373,60067.7940397898,24.112356938543137,0.7670216640247125,83199.73444972835,62621.1139562926,-5.8367733680452645,-0.0034702267068003317,1492.947486293735,257.6781729044451,-8.682179676615121,0.01702166402471249,2199.7344497283484,2810.9980894072432,,,,,,,0.02880359949436717,0.0,,0.2616035078162302,0.8875,0.6835443037974683,0.5625,0.225,0.6375,0.25625,0.6125,0.5875,,0.50625,0.225,0.48541666666666666,0.3625,0.5718749999999999,0.521875,0.4732638888888889,0.4975694444444444,40.0,monitor,"Proxy score from public NDIA service-area data. It combines benchmark gaps, utilisation friction, unspent committed funding and provider-activity indicators; it is a triage signal, not proof of unmet need.",supply_response_gap is participant growth minus provider growth; it is not a provider caseload measure.,2025,static 2025 ERP denominator from local processed file; quarterly interpolation unavailable without annual series,derived_from_local_curated_source
2025Q3,2025 Q3,2025-03-31,ndia_service_area,Beenleigh,Beenleigh,QLD,Major Cities of Australia,576346.0,,19244.0,,33.38966523581321,,0.0181471879794719,83000.0,,1597252000.0,1174998000.0,61057.88817293702,,2038702.4461000857,0.7356372069028556,422254000.0,21942.11182706298,0.75,27.40732028960876,0.7506086859240299,84432.45028614352,60802.47507148593,24.50313856910154,0.7729322500306646,85141.60084900781,63507.002181182106,-5.982344946204449,0.000608685924029828,1432.4502861435176,-255.41310145108582,-8.88652666671167,0.022932250030664535,2141.6008490078093,2449.1140082450875,,,,,,,0.03938800729961223,0.024691358024691468,,0.2643627930971444,0.8875,0.6835443037974683,0.575,0.2,0.68125,0.25625,0.625,0.575,,0.50625,0.2,0.4854166666666666,0.36041666666666666,0.59375,0.5233333333333333,0.47986111111111107,0.5015972222222222,43.0,monitor,"Proxy score from public NDIA service-area data. It combines benchmark gaps, utilisation friction, unspent committed funding and provider-activity indicators; it is a triage signal, not proof of unmet need.",supply_response_gap is participant growth minus provider growth; it is not a provider caseload measure.,2025,static 2025 ERP denominator from local processed file; quarterly interpolation unavailable without annual series,funded_plan_context_only
2025Q4,2025 Q4,2025-06-30,ndia_service_area,Beenleigh,Beenleigh,QLD,Major Cities of Australia,576346.0,,19527.0,,33.88068972457517,,0.014705882352941124,84000.0,,1640268000.0,1221120000.0,62534.95160546935,,2118727.2922862307,0.7444637095889208,419148000.0,21465.04839453065,0.75,27.77839830958376,0.7514285432706143,85151.38506175322,62192.49868267691,24.83518208130649,0.7733698580403464,85996.54571858524,64997.01926820798,-6.102291414991413,0.001428543270614284,1151.3850617532153,-342.45292279244313,-9.045507643268678,0.0233698580403464,1996.5457185852429,2462.0676627386274,,,,,,,0.03925283277077929,0.012048192771084265,,0.25553629041107917,0.8875,0.6835443037974683,0.575,0.2125,0.6625,0.26875,0.6,0.575,,0.50625,0.1875,0.48124999999999996,0.3541666666666667,0.584375,0.5227083333333333,0.47326388888888893,0.49798611111111113,41.0,monitor,"Proxy score from public NDIA service-area data. It combines benchmark gaps, utilisation friction, unspent committed funding and provider-activity indicators; it is a triage signal, not proof of unmet need.",supply_response_gap is participant growth minus provider growth; it is not a provider caseload measure.,2025,static 2025 ERP denominator from local processed file; quarterly interpolation unavailable without annual series,funded_plan_context_only
2026Q1,2026 Q1,2025-09-30,ndia_service_area,Beenleigh,Beenleigh,QLD,Major Cities of Australia,576346.0,,19990.0,,34.684026609016115,,0.023710759461258668,83000.0,,1659170000.0,1250993000.0,62580.94047023512,,2170559.004486888,0.753987234581146,408177000.0,20419.059529764883,0.74,28.253214646769933,0.7386029448813405,85151.81887829916,62709.42778038322,25.249615768421013,0.7599765041363589,86109.56887160339,65613.772509322,-6.430811962246182,-0.0013970551186595508,2151.8188782991638,128.4873101481062,-9.434410840595104,0.019976504136358812,3109.568871603391,3032.8320390868903,,,,,,,0.0244636071802935,-0.011904761904761862,,0.24601276541885397,0.9,0.7215189873417721,0.575,0.15,0.5875,0.26875,0.65,0.6,,0.50625,0.1625,0.50625,0.3,0.546875,0.49437500000000006,0.4510416666666666,0.47270833333333334,52.0,monitor,"Proxy score from public NDIA service-area data. It combines benchmark gaps, utilisation friction, unspent committed funding and provider-activity indicators; it is a triage signal, not proof of unmet need.",supply_response_gap is participant growth minus provider growth; it is not a provider caseload measure.,2025,static 2025 ERP denominator from local processed file; quarterly interpolation unavailable without annual series,funded_plan_context_only
2024Q2,2024 Q2,2023-12-31,ndia_service_area,Brimbank Melton,Brimbank Melton,VIC,Major Cities of Australia,429748.0,12178.0,12178.0,28.337537347468746,28.337537347468743,,,70000.0,25500.0,852460000.0,667334000.0,54798.32484808671,54798.32484808671,1552849.576961382,0.7828332121155245,185126000.0,15201.675151913287,0.79,24.12050932082575,0.774810548394224,79559.82881407744,60116.50993792392,21.54075115403415,0.7958582408716173,80400.51139569166,62712.29290901039,-4.217028026642996,-0.015189451605776014,9559.828814077438,5318.185089837207,-6.7967861934345954,0.005858240871617255,10400.511395691661,7913.968060923682,893.0,2395.0,13.637178051511759,13.637178051511759,73.32895385120709,,,,,0.21716678788447552,0.775,0.6329113924050633,0.4,0.0625,0.44375,0.24375,0.875,0.7375,0.4625,0.50625,0.1125,0.61875,0.20625000000000002,0.4708333333333334,0.3829166666666667,0.43194444444444446,0.4074305555555556,68.0,monitor,"Proxy score from public NDIA service-area data. It combines benchmark gaps, utilisation friction, unspent committed funding and provider-activity indicators; it is a triage signal, not proof of unmet need.",supply_response_gap is participant growth minus provider growth; it is not a provider caseload measure.,2025,static 2025 ERP denominator from local processed file; quarterly interpolation unavailable without annual series,derived_from_local_curated_source
2024Q3,2024 Q3,2024-03-31,ndia_service_area,Brimbank Melton,Brimbank Melton,VIC,Major Cities of Australia,429748.0,12563.0,12563.0,29.233411208429125,29.233411208429125,0.031614386598784794,0.031614386598784794,70000.0,25500.0,879410000.0,686153000.0,54616.97046883706,54616.97046883706,1596640.356674144,0.7802424352691009,193257000.0,15383.029531162938,0.8,24.68676284471637,0.7773084731227313,81027.36890354347,60498.99233345409,22.15635799622129,0.7987044245491112,81921.83021338335,63196.969696969696,-4.546648363712759,-0.02269152687726873,11027.368903543465,5882.021864617025,-7.077053212207833,-0.001295575450888861,11921.83021338335,8579.999228132634,,,,,,,0.02820027152820037,0.0,,0.21975756473089914,0.782051282051282,0.6103896103896104,0.3717948717948718,0.0625,0.20625,0.26875,0.925,0.775,,0.50625,0.1375,0.65625,0.13541666666666666,0.35624999999999996,0.34160256410256407,0.3826388888888889,0.36212072649572646,75.0,monitor,"Proxy score from public NDIA service-area data. It combines benchmark gaps, utilisation friction, unspent committed funding and provider-activity indicators; it is a triage signal, not proof of unmet need.",supply_response_gap is participant growth minus provider growth; it is not a provider caseload measure.,2025,static 2025 ERP denominator from local processed file; quarterly interpolation unavailable without annual series,derived_from_local_curated_source
2024Q4,2024 Q4,2024-06-30,ndia_service_area,Brimbank Melton,Brimbank Melton,VIC,Major Cities of Australia,429748.0,12788.0,12788.0,29.75697385444493,29.75697385444493,0.01790973493592296,0.01790973493592296,72000.0,25800.0,920736000.0,708975000.0,55440.64748201439,55440.647482014385,1649745.8975958005,0.7700089928057554,211761000.0,16559.35251798561,0.79,25.27144981343164,0.7784608418203379,82439.3926044259,61164.480098449734,22.563669931499856,0.7973695351274968,83207.46100966579,63732.73450666296,-4.485524041013292,-0.01153915817966208,10439.392604425899,5723.832616435342,-7.1933039229450735,0.007369535127496789,11207.461009665785,8292.087024648565,,,,,,,0.033260803348524215,0.02857142857142847,,0.2299910071942446,0.7875,0.620253164556962,0.3875,0.0375,0.475,0.25625,0.9125,0.7625,,0.50625,0.1375,0.6437499999999999,0.21666666666666665,0.490625,0.38395833333333335,0.45034722222222223,0.4171527777777778,62.0,monitor,"Proxy score from public NDIA service-area data. It combines benchmark gaps, utilisation friction, unspent committed funding and provider-activity indicators; it is a triage signal, not proof of unmet need.",supply_response_gap is participant growth minus provider growth; it is not a provider caseload measure.,2025,static 2025 ERP denominator from local processed file; quarterly interpolation unavailable without annual series,derived_from_local_curated_source
2025Q1,2025 Q1,2024-09-30,ndia_service_area,Brimbank Melton,Brimbank Melton,VIC,Major Cities of Australia,429748.0,13290.0,13290.0,30.92510029133353,30.92510029133353,0.03925555208007503,0.03925555208007503,72000.0,25700.0,956880000.0,728882000.0,54844.3942814146,54844.3942814146,1696068.3935701852,0.7617276983529805,227998000.0,17155.605718585404,0.77,26.153554026565185,0.7601002932313932,82459.7494204458,60716.14056683959,23.368427888963133,0.777901017449582,83196.99210700695,63287.15620185708,-4.771546264768343,-0.009899706768606792,10459.749420445805,5871.74628542499,-7.5566724023703955,0.007901017449581929,11196.992107006954,8442.761920442477,,,,,,,0.028078564124263794,0.0,,0.2382723016470195,0.7875,0.6329113924050633,0.3625,0.05,0.49375,0.25625,0.91875,0.775,,0.50625,0.1375,0.6499999999999999,0.2270833333333334,0.5,0.38541666666666663,0.45902777777777776,0.42222222222222217,59.0,monitor,"Proxy score from public NDIA service-area data. It combines benchmark gaps, utilisation friction, unspent committed funding and provider-activity indicators; it is a triage signal, not proof of unmet need.",supply_response_gap is participant growth minus provider growth; it is not a provider caseload measure.,2025,static 2025 ERP denominator from local processed file; quarterly interpolation unavailable without annual series,derived_from_local_curated_source
2025Q2,2025 Q2,2024-12-31,ndia_service_area,Brimbank Melton,Brimbank Melton,VIC,Major Cities of Australia,429748.0,13845.0,13845.0,32.21655481817251,32.21655481817251,0.04176072234762973,0.04176072234762973,73000.0,25700.0,1010685000.0,752961000.0,54385.04875406284,54385.04875406284,1752098.90447425,0.7450006678638745,257724000.0,18614.95124593716,0.76,26.957763247112997,0.7465297732931997,82492.94748629373,60067.7940397898,24.112356938543137,0.7670216640247125,83199.73444972835,62621.1139562926,-5.258791571059518,-0.013470226706800332,9492.947486293735,5682.74528572696,-8.104197879629375,0.007021664024712493,10199.734449728348,8236.065202229758,,,,,,,0.03303552564063872,0.01388888888888884,,0.25499933213612547,0.8,0.6582278481012658,0.375,0.0625,0.5,0.25625,0.875,0.775,,0.50625,0.1875,0.6354166666666666,0.25,0.503125,0.398125,0.46284722222222224,0.4304861111111111,59.0,monitor,"Proxy score from public NDIA service-area data. It combines benchmark gaps, utilisation friction, unspent committed funding and provider-activity indicators; it is a triage signal, not proof of unmet need.",supply_response_gap is participant growth minus provider growth; it is not a provider caseload measure.,2025,static 2025 ERP denominator from local processed file; quarterly interpolation unavailable without annual series,derived_from_local_curated_source
2025Q3,2025 Q3,2025-03-31,ndia_service_area,Brimbank Melton,Brimbank Melton,VIC,Major Cities of Australia,429748.0,,14125.0,,32.86809944432551,,0.020223907547851194,75000.0,,1059375000.0,782820000.0,55420.88495575221,,1821579.1580181874,0.7389451327433628,276555000.0,19579.11504424779,0.77,27.40732028960876,0.7506086859240299,84432.45028614352,60802.47507148593,24.50313856910154,0.7729322500306646,85141.60084900781,63507.002181182106,-5.460779154716747,-0.019391314075970167,9432.450286143518,5381.590115733721,-8.364960875223968,0.002932250030664534,10141.60084900781,8086.1172254298945,,,,,,,0.03965544032161028,0.027397260273972712,,0.2610548672566372,0.8,0.6582278481012658,0.4125,0.0625,0.44375,0.25625,0.875,0.75,,0.50625,0.1625,0.6270833333333333,0.22291666666666665,0.475,0.3945833333333333,0.44166666666666665,0.41812499999999997,63.0,monitor,"Proxy score from public NDIA service-area data. It combines benchmark gaps, utilisation friction, unspent committed funding and provider-activity indicators; it is a triage signal, not proof of unmet need.",supply_response_gap is participant growth minus provider growth; it is not a provider caseload measure.,2025,static 2025 ERP denominator from local processed file; quarterly interpolation unavailable without annual series,funded_plan_context_only
2025Q4,2025 Q4,2025-06-30,ndia_service_area,Brimbank Melton,Brimbank Melton,VIC,Major Cities of Australia,429748.0,,14219.0,,33.086832283105444,,0.006654867256637109,77000.0,,1094863000.0,823091000.0,57886.70089317111,,1915287.5638746428,0.7517753362749495,271772000.0,19113.29910682889,0.77,27.77839830958376,0.7514285432706143,85151.38506175322,62192.49868267691,24.83518208130649,0.7733698580403464,85996.54571858524,64997.01926820798,-5.308433973521687,-0.01857145672938572,8151.385061753215,4305.797789505799,-8.251650201798952,0.0033698580403464,8996.545718585243,7110.31837503687,,,,,,,0.05144349914411994,0.026666666666666616,,0.24822466372505048,0.7875,0.6582278481012658,0.45,0.0625,0.4125,0.26875,0.84375,0.725,,0.50625,0.1375,0.6124999999999999,0.2041666666666667,0.459375,0.3927083333333333,0.42534722222222215,0.40902777777777777,63.0,monitor,"Proxy score from public NDIA service-area data. It combines benchmark gaps, utilisation friction, unspent committed funding and provider-activity indicators; it is a triage signal, not proof of unmet need.",supply_response_gap is participant growth minus provider growth; it is not a provider caseload measure.,2025,static 2025 ERP denominator from local processed file; quarterly interpolation unavailable without annual series,funded_plan_context_only
2026Q1,2026 Q1,2025-09-30,ndia_service_area,Brimbank Melton,Brimbank Melton,VIC,Major Cities of Australia,429748.0,,14435.0,,33.58945242328062,,0.0151909416977285,78000.0,,1125930000.0,843777000.0,58453.55039833737,,1963422.7500767892,0.7494044922863766,282153000.0,19546.449601662625,0.76,28.253214646769933,0.7386029448813405,85151.81887829916,62709.42778038322,25.249615768421013,0.7599765041363589,86109.56887160339,65613.772509322,-5.336237776510686,-0.021397055118659553,7151.818878299164,4255.877382045852,-8.339836654859607,-2.3495863641187e-05,8109.568871603391,7160.222110984636,,,,,,,0.02513209353522261,0.01298701298701288,,0.2505955077136234,0.775,0.6582278481012658,0.425,0.1,0.2,0.26875,0.8125,0.725,,0.50625,0.2,0.6020833333333333,0.16666666666666666,0.353125,0.36395833333333333,0.37395833333333334,0.36895833333333333,73.0,monitor,"Proxy score from public NDIA service-area data. It combines benchmark gaps, utilisation friction, unspent committed funding and provider-activity indicators; it is a triage signal, not proof of unmet need.",supply_response_gap is participant growth minus provider growth; it is not a provider caseload measure.,2025,static 2025 ERP denominator from local processed file; quarterly interpolation unavailable without annual series,funded_plan_context_only
2024Q2,2024 Q2,2023-12-31,ndia_service_area,Brisbane,Brisbane,QLD,Major Cities of Australia,1375301.0,26273.0,26273.0,19.10345444379085,19.10345444379085,,,83000.0,34100.0,2180659000.0,1639185000.0,62390.47691546455,62390.47691546455,1191873.6334809617,0.7516924929574041,541474000.0,20609.523084535456,0.78,24.12050932082575,0.774810548394224,79559.82881407744,60116.50993792392,21.54075115403415,0.7958582408716173,80400.51139569166,62712.29290901039,5.0170548770349015,-0.005189451605776014,-3440.1711859225616,-2273.966977540629,2.4372967102433023,0.015858240871617257,-2599.488604308339,321.81599354584614,1368.0,3982.0,19.205409356725145,19.205409356725145,52.06866364709017,,,,,0.24830750704259585,0.975,0.1518987341772152,0.7,0.4875,0.55,0.6625,0.25625,0.475,0.8,0.50625,0.3875,0.4645833333333333,0.47500000000000003,0.61875,0.6512499999999999,0.5194444444444445,0.5853472222222222,22.0,monitor,"Proxy score from public NDIA service-area data. It combines benchmark gaps, utilisation friction, unspent committed funding and provider-activity indicators; it is a triage signal, not proof of unmet need.",supply_response_gap is participant growth minus provider growth; it is not a provider caseload measure.,2025,static 2025 ERP denominator from local processed file; quarterly interpolation unavailable without annual series,derived_from_local_curated_source
2024Q3,2024 Q3,2024-03-31,ndia_service_area,Brisbane,Brisbane,QLD,Major Cities of Australia,1375301.0,27001.0,27001.0,19.632793112198712,19.632793112198712,0.02770905492330522,0.02770905492330522,85000.0,34100.0,2295085000.0,1691715000.0,62653.79060034813,62653.79060034813,1230068.9085516552,0.7371034188276251,603370000.0,22346.209399651863,0.78,24.68676284471637,0.7773084731227313,81027.36890354347,60498.99233345409,22.15635799622129,0.7987044245491112,81921.83021338335,63196.969696969696,5.053969732517654,-0.002691526877268728,-3972.6310964565346,-2154.798266894046,2.52356488402258,0.018704424549111136,-3078.1697866166505,543.1790966215631,,,,,,,0.032046413309053,0.024096385542168752,,0.2628965811723749,0.9743589743589743,0.16883116883116883,0.7051282051282052,0.525,0.6,0.7,0.2625,0.475,,0.50625,0.4375,0.4791666666666667,0.5208333333333334,0.553125,0.6556891025641025,0.5177083333333333,0.586698717948718,22.0,monitor,"Proxy score from public NDIA service-area data. It combines benchmark gaps, utilisation friction, unspent committed funding and provider-activity indicators; it is a triage signal, not proof of unmet need.",supply_response_gap is participant growth minus provider growth; it is not a provider caseload measure.,2025,static 2025 ERP denominator from local processed file; quarterly interpolation unavailable without annual series,derived_from_local_curated_source
2024Q4,2024 Q4,2024-06-30,ndia_service_area,Brisbane,Brisbane,QLD,Major Cities of Australia,1375301.0,27393.0,27393.0,19.91782162595679,19.91782162595679,0.014517980815525355,0.014517980815525355,86000.0,34600.0,2355798000.0,1736746000.0,63401.08786916365,63401.08786916365,1262811.5590696146,0.7372219519670192,619052000.0,22598.912130836346,0.78,25.27144981343164,0.7784608418203379,82439.3926044259,61164.480098449734,22.563669931499856,0.7973695351274968,83207.46100966579,63732.73450666296,5.353628187474847,-0.0015391581796620809,-3560.6073955741012,-2236.6077707139193,2.645848305543065,0.01736953512749679,-2792.5389903342148,331.6466374993033,,,,,,,0.026618549814832804,0.0117647058823529,,0.26277804803298077,0.975,0.16455696202531644,0.6875,0.475,0.61875,0.65,0.25625,0.45,,0.50625,0.375,0.45208333333333334,0.4895833333333333,0.5625,0.6379166666666667,0.5013888888888889,0.5696527777777778,24.0,monitor,"Proxy score from public NDIA service-area data. It combines benchmark gaps, utilisation friction, unspent committed funding and provider-activity indicators; it is a triage signal, not proof of unmet need.",supply_response_gap is participant growth minus provider growth; it is not a provider caseload measure.,2025,static 2025 ERP denominator from local processed file; quarterly interpolation unavailable without annual series,derived_from_local_curated_source
2025Q1,2025 Q1,2024-09-30,ndia_service_area,Brisbane,Brisbane,QLD,Major Cities of Australia,1375301.0,28455.0,28455.0,20.690016221903424,20.690016221903424,0.03876902858394482,0.03876902858394482,86000.0,33500.0,2447130000.0,1770961000.0,62237.25180108944,62237.25180108944,1287689.7493712285,0.7236889744312726,676169000.0,23762.74819891056,0.75,26.153554026565185,0.7601002932313932,82459.7494204458,60716.14056683959,23.368427888963133,0.777901017449582,83196.99210700695,63287.15620185708,5.463537804661762,0.01010029323139321,-3540.2505795541947,-1521.1112342498527,2.6784116670597093,0.027901017449581927,-2803.007892993046,1049.9044007676348,,,,,,,0.019700635556379575,0.0,,0.27631102556872744,0.975,0.1518987341772152,0.6875,0.5625,0.70625,0.65,0.25,0.475,,0.50625,0.475,0.4583333333333333,0.5812499999999999,0.60625,0.6824999999999999,0.548611111111111,0.6155555555555554,15.0,business opportunity: high demand friction,"Proxy score from public NDIA service-area data. It combines benchmark gaps, utilisation friction, unspent committed funding and provider-activity indicators; it is a triage signal, not proof of unmet need.",supply_response_gap is participant growth minus provider growth; it is not a provider caseload measure.,2025,static 2025 ERP denominator from local processed file; quarterly interpolation unavailable without annual series,derived_from_local_curated_source
2025Q2,2025 Q2,2024-12-31,ndia_service_area,Brisbane,Brisbane,QLD,Major Cities of Australia,1375301.0,29123.0,29123.0,21.175728076980967,21.175728076980967,0.023475663328061946,0.023475663328061946,86000.0,33200.0,2504578000.0,1791267000.0,61506.953267177145,61506.953267177145,1302454.5172293193,0.7151971310136878,713311000.0,24493.046732822855,0.73,26.957763247112997,0.7465297732931997,82492.94748629373,60067.7940397898,24.112356938543137,0.7670216640247125,83199.73444972835,62621.1139562926,5.782035170132026,0.016529773293199667,-3507.052513706265,-1439.1592273873466,2.93662886156217,0.03702166402471249,-2800.2655502716516,1114.1606891154515,,,,,,,0.011466091009344703,0.0,,0.28480286898631224,0.975,0.1518987341772152,0.675,0.5625,0.825,0.65,0.24375,0.4875,,0.50625,0.5125,0.4604166666666667,0.6333333333333333,0.6656249999999999,0.7022916666666666,0.5864583333333333,0.6443749999999999,11.0,business opportunity: high demand friction,"Proxy score from public NDIA service-area data. It combines benchmark gaps, utilisation friction, unspent committed funding and provider-activity indicators; it is a triage signal, not proof of unmet need.",supply_response_gap is participant growth minus provider growth; it is not a provider caseload measure.,2025,static 2025 ERP denominator from local processed file; quarterly interpolation unavailable without annual series,derived_from_local_curated_source
2025Q3,2025 Q3,2025-03-31,ndia_service_area,Brisbane,Brisbane,QLD,Major Cities of Australia,1375301.0,,29490.0,,21.44257875185141,,0.012601723723517422,88000.0,,2595120000.0,1838044000.0,62327.70430654459,,1336466.7080151907,0.7082693671198249,757076000.0,25672.29569345541,0.74,27.40732028960876,0.7506086859240299,84432.45028614352,60802.47507148593,24.50313856910154,0.7729322500306646,85141.60084900781,63507.002181182106,5.964741537757352,0.010608685924029828,-3567.5497138564824,-1525.2292350586577,3.0605598172501303,0.03293225003066454,-2858.3991509921907,1179.2978746375156,,,,,,,0.026113918248926504,0.023255813953488413,,0.2917306328801751,0.975,0.13924050632911392,0.675,0.525,0.78125,0.675,0.25625,0.4875,,0.50625,0.4375,0.47291666666666665,0.5812499999999999,0.64375,0.6799999999999999,0.5659722222222222,0.622986111111111,15.0,business opportunity: high demand friction,"Proxy score from public NDIA service-area data. It combines benchmark gaps, utilisation friction, unspent committed funding and provider-activity indicators; it is a triage signal, not proof of unmet need.",supply_response_gap is participant growth minus provider growth; it is not a provider caseload measure.,2025,static 2025 ERP denominator from local processed file; quarterly interpolation unavailable without annual series,funded_plan_context_only
2025Q4,2025 Q4,2025-06-30,ndia_service_area,Brisbane,Brisbane,QLD,Major Cities of Australia,1375301.0,,29711.0,,21.603270847618084,,0.007494065785011772,88000.0,,2614568000.0,1896356000.0,63826.73084042947,,1378866.1536638162,0.7253037595503349,718212000.0,24173.26915957053,0.74,27.77839830958376,0.7514285432706143,85151.38506175322,62192.49868267691,24.83518208130649,0.7733698580403464,85996.54571858524,64997.01926820798,6.175127461965673,0.011428543270614284,-2848.6149382467847,-1634.2321577525581,3.2319112336884075,0.0333698580403464,-2003.4542814147571,1170.2884277785124,,,,,,,0.031725029433463,0.0,,0.2746962404496651,0.975,0.13924050632911392,0.65,0.425,0.76875,0.7,0.25,0.5,,0.50625,0.3625,0.48333333333333334,0.51875,0.6375,0.64125,0.5465277777777778,0.5938888888888889,18.0,monitor,"Proxy score from public NDIA service-area data. It combines benchmark gaps, utilisation friction, unspent committed funding and provider-activity indicators; it is a triage signal, not proof of unmet need.",supply_response_gap is participant growth minus provider growth; it is not a provider caseload measure.,2025,static 2025 ERP denominator from local processed file; quarterly interpolation unavailable without annual series,funded_plan_context_only
2026Q1,2026 Q1,2025-09-30,ndia_service_area,Brisbane,Brisbane,QLD,Major Cities of Australia,1375301.0,,30156.0,,21.926836379817946,,0.014977617717343739,89000.0,,2683884000.0,1955428000.0,64843.74585488792,,1421818.2056146255,0.7285814140998642,728456000.0,24156.254145112085,0.73,28.253214646769933,0.7386029448813405,85151.81887829916,62709.42778038322,25.249615768421013,0.7599765041363589,86109.56887160339,65613.772509322,6.326378266951988,0.008602944881340448,-3848.1811217008362,-2134.3180745046993,3.3227793886030668,0.029976504136358814,-2890.431128396609,770.0266544340848,,,,,,,0.03115026925324149,0.011363636363636465,,0.2714185859001358,0.975,0.13924050632911392,0.6625,0.5125,0.7375,0.7,0.24375,0.4875,,0.50625,0.45,0.4770833333333333,0.5666666666666667,0.621875,0.6677083333333333,0.5552083333333333,0.6114583333333333,17.0,monitor,"Proxy score from public NDIA service-area data. It combines benchmark gaps, utilisation friction, unspent committed funding and provider-activity indicators; it is a triage signal, not proof of unmet need.",supply_response_gap is participant growth minus provider growth; it is not a provider caseload measure.,2025,static 2025 ERP denominator from local processed file; quarterly interpolation unavailable without annual series,funded_plan_context_only
2024Q2,2024 Q2,2023-12-31,ndia_service_area,Bundaberg,Bundaberg,QLD,Inner Regional Australia,107297.0,3836.0,3836.0,35.751232560090216,35.751232560090216,,,80000.0,34400.0,306880000.0,228847000.0,59657.71637122002,59657.71637122002,2132836.891991388,0.7457214546402503,78033000.0,20342.28362877998,0.78,24.12050932082575,0.774810548394224,79559.82881407744,60116.50993792392,26.8899974718611,0.7630061336695022,76355.8163924701,56667.37290379991,-11.630723239264466,-0.005189451605776014,-440.17118592256156,458.79356670389825,-8.861235088229115,-0.016993866330497837,-3644.183607529907,-2990.3434674201126,253.0,1190.0,15.162055335968379,15.162055335968379,65.9541188738269,,,,,0.2542785453597497,0.325,0.9746835443037974,0.6,0.4625,0.1875,0.24375,0.25625,0.225,0.6,0.50625,0.425,0.24166666666666667,0.35833333333333334,0.43124999999999997,0.4354166666666667,0.34375,0.38958333333333334,71.0,monitor,"Proxy score from public NDIA service-area data. It combines benchmark gaps, utilisation friction, unspent committed funding and provider-activity indicators; it is a triage signal, not proof of unmet need.",supply_response_gap is participant growth minus provider growth; it is not a provider caseload measure.,2025,static 2025 ERP denominator from local processed file; quarterly interpolation unavailable without annual series,derived_from_local_curated_source
2024Q3,2024 Q3,2024-03-31,ndia_service_area,Bundaberg,Bundaberg,QLD,Inner Regional Australia,107297.0,3889.0,3889.0,36.245188588683746,36.24518858868375,0.013816475495307623,0.013816475495307623,82000.0,35300.0,318898000.0,236555000.0,60826.690665980976,60826.690665980976,2204674.8744140095,0.7417889105607436,82343000.0,21173.309334019028,0.78,24.68676284471637,0.7773084731227313,81027.36890354347,60498.99233345409,27.71623599286424,0.7648604023741618,77994.1725121406,56947.80441429636,-11.55842574396738,-0.002691526877268728,-972.6310964565346,-327.6983325268884,-8.528952595819508,-0.015139597625838237,-4005.8274878593948,-3878.886251684613,,,,,,,0.03368189226863372,0.02499999999999991,,0.2582110894392564,0.3076923076923077,0.961038961038961,0.6410256410256411,0.4625,0.20625,0.26875,0.2625,0.23125,,0.50625,0.375,0.25416666666666665,0.34791666666666665,0.35624999999999996,0.4230769230769231,0.3194444444444444,0.3712606837606838,71.0,monitor,"Proxy score from public NDIA service-area data. It combines benchmark gaps, utilisation friction, unspent committed funding and provider-activity indicators; it is a triage signal, not proof of unmet need.",supply_response_gap is participant growth minus provider growth; it is not a provider caseload measure.,2025,static 2025 ERP denominator from local processed file; quarterly interpolation unavailable without annual series,derived_from_local_curated_source
2024Q4,2024 Q4,2024-06-30,ndia_service_area,Bundaberg,Bundaberg,QLD,Inner Regional Australia,107297.0,3937.0,3937.0,36.69254499193827,36.69254499193827,0.01234250449987151,0.01234250449987151,84000.0,36200.0,330708000.0,242538000.0,61604.77520955042,61604.77520955042,2260435.986094672,0.7333901810660765,88170000.0,22395.22479044958,0.77,25.27144981343164,0.7784608418203379,82439.3926044259,61164.480098449734,28.31985586047522,0.7685814728943384,79139.48388848934,57480.02092208034,-11.421095178506633,0.00846084182033792,-1560.6073955741012,-440.29511110068415,-8.372689131463051,-0.001418527105661553,-4860.51611151066,-4124.754287470081,,,,,,,0.02529221534104109,0.024390243902439046,,0.26660981893392355,0.3125,0.9620253164556962,0.6375,0.4625,0.2125,0.25625,0.25625,0.225,,0.50625,0.45,0.24583333333333332,0.375,0.359375,0.429375,0.3267361111111111,0.3780555555555556,68.0,monitor,"Proxy score from public NDIA service-area data. It combines benchmark gaps, utilisation friction, unspent committed funding and provider-activity indicators; it is a triage signal, not proof of unmet need.",supply_response_gap is participant growth minus provider growth; it is not a provider caseload measure.,2025,static 2025 ERP denominator from local processed file; quarterly interpolation unavailable without annual series,derived_from_local_curated_source
2025Q1,2025 Q1,2024-09-30,ndia_service_area,Bundaberg,Bundaberg,QLD,Inner Regional Australia,107297.0,4030.0,4030.0,37.55929802324389,37.55929802324389,0.023622047244094446,0.023622047244094446,84000.0,36400.0,338520000.0,245130000.0,60826.302729528536,60826.302729528536,2284593.2318704156,0.7241226515420064,93390000.0,23173.697270471464,0.75,26.153554026565185,0.7601002932313932,82459.7494204458,60716.14056683959,29.378540729741957,0.749585874550338,79082.76206451863,56908.5598208139,-11.405743996678703,0.01010029323139321,-1540.2505795541947,-110.16216268894641,-8.180757293501937,-0.00041412544966206604,-4917.237935481375,-3917.7429087146375,,,,,,,0.010686985132226656,0.0,,0.2758773484579936,0.3125,0.9620253164556962,0.625,0.4875,0.21875,0.25625,0.25,0.225,,0.50625,0.4625,0.24375,0.3895833333333334,0.3625,0.4354166666666667,0.33194444444444443,0.3836805555555556,70.0,monitor,"Proxy score from public NDIA service-area data. It combines benchmark gaps, utilisation friction, unspent committed funding and provider-activity indicators; it is a triage signal, not proof of unmet need.",supply_response_gap is participant growth minus provider growth; it is not a provider caseload measure.,2025,static 2025 ERP denominator from local processed file; quarterly interpolation unavailable without annual series,derived_from_local_curated_source
2025Q2,2025 Q2,2024-12-31,ndia_service_area,Bundaberg,Bundaberg,QLD,Inner Regional Australia,107297.0,,4130.0,,38.49129053002414,,0.02481389578163773,85000.0,,351050000.0,252309000.0,61091.76755447942,,2351500.9739321694,0.7187266771115226,98741000.0,23908.23244552058,0.75,26.957763247112997,0.7465297732931997,82492.94748629373,60067.7940397898,30.345785307596167,0.7338446519006651,79096.43428753808,56188.57394969421,-11.533527282911145,-0.0034702267068003317,-2507.052513706265,-1023.9735146896201,-8.145505222427971,-0.01615534809933493,-5903.565712461917,-4903.193604785207,,,,,,,0.029286501040264312,0.011904761904761862,,0.2812733228884774,0.3125,0.9493670886075949,0.6625,0.475,0.19375,0.25625,0.24375,0.21875,,0.50625,0.45,0.23958333333333334,0.3729166666666666,0.35,0.4345833333333333,0.3208333333333333,0.3777083333333333,72.0,monitor,"Proxy score from public NDIA service-area data. It combines benchmark gaps, utilisation friction, unspent committed funding and provider-activity indicators; it is a triage signal, not proof of unmet need.",supply_response_gap is participant growth minus provider growth; it is not a provider caseload measure.,2025,static 2025 ERP denominator from local processed file; quarterly interpolation unavailable without annual series,funded_plan_context_only
2025Q3,2025 Q3,2025-03-31,ndia_service_area,Bundaberg,Bundaberg,QLD,Inner Regional Australia,107297.0,,4131.0,,38.50061045509194,,0.0002421307506053072,88000.0,,363528000.0,255707000.0,61899.54006293876,,2383170.0793125625,0.7034038643515768,107821000.0,26100.459937061245,0.75,27.40732028960876,0.7506086859240299,84432.45028614352,60802.47507148593,30.943280669707555,0.735953040708486,80949.4227901239,56650.43820079907,-11.093290165483175,0.000608685924029828,-3567.5497138564824,-1097.0649914528258,-7.557329785384383,-0.014046959291514014,-7050.577209876094,-5249.101862139687,,,,,,,0.013467613125175859,0.03529411764705892,,0.29659613564842324,0.3125,0.9493670886075949,0.65,0.6,0.2125,0.25625,0.25625,0.225,,0.50625,0.5,0.24583333333333332,0.4375,0.359375,0.471875,0.34756944444444443,0.4097222222222222,65.0,monitor,"Proxy score from public NDIA service-area data. It combines benchmark gaps, utilisation friction, unspent committed funding and provider-activity indicators; it is a triage signal, not proof of unmet need.",supply_response_gap is participant growth minus provider growth; it is not a provider caseload measure.,2025,static 2025 ERP denominator from local processed file; quarterly interpolation unavailable without annual series,funded_plan_context_only
2025Q4,2025 Q4,2025-06-30,ndia_service_area,Bundaberg,Bundaberg,QLD,Inner Regional Australia,107297.0,,4113.0,,38.3328518038715,,-0.004357298474945481,90000.0,,370170000.0,263557000.0,64079.017748602,,2456331.4910948114,0.7119890860955778,106613000.0,25920.982251398007,0.74,27.77839830958376,0.7514285432706143,85151.38506175322,62192.49868267691,31.40646420190928,0.7357142727569568,81348.30207161774,57871.566955701484,-10.554453494287742,0.011428543270614284,-4848.614938246785,-1886.5190659250875,-6.926387601962222,-0.004285727243043169,-8651.697928382258,-6207.450792900512,,,,,,,0.03069919869225335,0.022727272727272707,,0.28801091390442224,0.3125,0.9367088607594937,0.6625,0.6125,0.1875,0.26875,0.25,0.21875,,0.50625,0.5375,0.24583333333333335,0.4458333333333333,0.346875,0.4760416666666667,0.34618055555555555,0.4111111111111111,61.0,monitor,"Proxy score from public NDIA service-area data. It combines benchmark gaps, utilisation friction, unspent committed funding and provider-activity indicators; it is a triage signal, not proof of unmet need.",supply_response_gap is participant growth minus provider growth; it is not a provider caseload measure.,2025,static 2025 ERP denominator from local processed file; quarterly interpolation unavailable without annual series,funded_plan_context_only
2026Q1,2026 Q1,2025-09-30,ndia_service_area,Bundaberg,Bundaberg,QLD,Inner Regional Australia,107297.0,,4189.0,,39.04116610902449,,0.018477996596158563,90000.0,,377010000.0,269179000.0,64258.53425638577,,2508728.1098259967,0.713983713959842,107831000.0,25741.465743614226,0.72,28.253214646769933,0.7386029448813405,85151.81887829916,62709.42778038322,32.03344264863498,0.7233427743146025,81102.38055009648,58210.68357447111,-10.787951462254554,0.01860294488134045,-4848.181121700836,-1549.1064760025474,-7.007723460389506,0.003342774314602508,-8897.61944990352,-6047.850681914657,,,,,,,0.021331249027724652,0.0,,0.28601628604015805,0.3125,0.9367088607594937,0.6375,0.625,0.43125,0.26875,0.24375,0.21875,,0.50625,0.525,0.24375,0.5270833333333332,0.46875,0.5141666666666667,0.4131944444444444,0.46368055555555554,54.0,monitor,"Proxy score from public NDIA service-area data. It combines benchmark gaps, utilisation friction, unspent committed funding and provider-activity indicators; it is a triage signal, not proof of unmet need.",supply_response_gap is participant growth minus provider growth; it is not a provider caseload measure.,2025,static 2025 ERP denominator from local processed file; quarterly interpolation unavailable without annual series,funded_plan_context_only
2024Q2,2024 Q2,2023-12-31,ndia_service_area,Caboolture/Strathpine,Caboolture/Strathpine,QLD,Inner Regional Australia,532445.0,15957.0,15957.0,29.96929260299186,29.96929260299186,,,77000.0,26600.0,1228689000.0,945896000.0,59277.80911198847,59277.80911198847,1776514.0061414796,0.769841676779071,282793000.0,17722.19088801153,0.78,24.12050932082575,0.774810548394224,79559.82881407744,60116.50993792392,26.8899974718611,0.7630061336695022,76355.8163924701,56667.37290379991,-5.84878328216611,-0.005189451605776014,2559.8288140774384,838.7008259354479,-3.07929513113076,-0.016993866330497837,-644.183607529907,-2610.436208188563,1008.0,2996.0,15.830357142857142,15.830357142857142,63.169768753525105,,,,,0.230158323220929,0.875,0.7468354430379747,0.575,0.175,0.1875,0.24375,0.25625,0.225,0.6875,0.50625,0.1875,0.24166666666666667,0.18333333333333335,0.4604166666666667,0.45375,0.2951388888888889,0.37444444444444447,74.0,monitor,"Proxy score from public NDIA service-area data. It combines benchmark gaps, utilisation friction, unspent committed funding and provider-activity indicators; it is a triage signal, not proof of unmet need.",supply_response_gap is participant growth minus provider growth; it is not a provider caseload measure.,2025,static 2025 ERP denominator from local processed file; quarterly interpolation unavailable without annual series,derived_from_local_curated_source
2024Q3,2024 Q3,2024-03-31,ndia_service_area,Caboolture/Strathpine,Caboolture/Strathpine,QLD,Inner Regional Australia,532445.0,16546.0,16546.0,31.07551014658791,31.07551014658791,0.036911700194272035,0.036911700194272035,79000.0,27100.0,1307134000.0,988650000.0,59751.601595551794,59751.601595551794,1856811.5016574482,0.7563493872854657,318484000.0,19248.398404448206,0.79,24.68676284471637,0.7773084731227313,81027.36890354347,60498.99233345409,27.71623599286424,0.7648604023741618,77994.1725121406,56947.80441429636,-6.388747301871543,-0.012691526877268728,2027.3689035434654,747.390737902293,-3.359274153723671,-0.025139597625838235,-1005.8274878593948,-2803.7971812554315,,,,,,,0.0451994722464204,0.025974025974025983,,0.24365061271453425,0.8717948717948718,0.7532467532467533,0.5641025641025641,0.2125,0.20625,0.26875,0.2625,0.23125,,0.50625,0.275,0.25416666666666665,0.23124999999999998,0.35624999999999996,0.4471794871794871,0.2805555555555555,0.3638675213675213,74.0,monitor,"Proxy score from public NDIA service-area data. It combines benchmark gaps, utilisation friction, unspent committed funding and provider-activity indicators; it is a triage signal, not proof of unmet need.",supply_response_gap is participant growth minus provider growth; it is not a provider caseload measure.,2025,static 2025 ERP denominator from local processed file; quarterly interpolation unavailable without annual series,derived_from_local_curated_source
2024Q4,2024 Q4,2024-06-30,ndia_service_area,Caboolture/Strathpine,Caboolture/Strathpine,QLD,Inner Regional Australia,532445.0,16946.0,16946.0,31.826761449539386,31.826761449539383,0.024175027196905674,0.024175027196905674,80000.0,28000.0,1355680000.0,1024053000.0,60430.36704827098,60430.36704827098,1923302.8763534261,0.7553795881033872,331627000.0,19569.63295172902,0.79,25.27144981343164,0.7784608418203379,82439.3926044259,61164.480098449734,28.31985586047522,0.7685814728943384,79139.48388848934,57480.02092208034,-6.555311636107749,-0.01153915817966208,2439.3926044258988,734.1130501787557,-3.506905589064168,-0.02141852710566156,-860.5161115106603,-2950.3461261906414,,,,,,,0.03580943711121232,0.012658227848101333,,0.24462041189661277,0.875,0.759493670886076,0.55,0.1625,0.2125,0.25625,0.25625,0.225,,0.50625,0.25,0.24583333333333332,0.20833333333333334,0.359375,0.43104166666666666,0.27118055555555554,0.3511111111111111,77.0,monitor,"Proxy score from public NDIA service-area data. It combines benchmark gaps, utilisation friction, unspent committed funding and provider-activity indicators; it is a triage signal, not proof of unmet need.",supply_response_gap is participant growth minus provider growth; it is not a provider caseload measure.,2025,static 2025 ERP denominator from local processed file; quarterly interpolation unavailable without annual series,derived_from_local_curated_source
2025Q1,2025 Q1,2024-09-30,ndia_service_area,Caboolture/Strathpine,Caboolture/Strathpine,QLD,Inner Regional Australia,532445.0,17743.0,17743.0,33.32362967067021,33.32362967067021,0.04703174790511033,0.04703174790511033,80000.0,27500.0,1419440000.0,1039851000.0,58606.267260328015,58606.267260328015,1952973.546563495,0.7325783407541002,379589000.0,21393.732739671985,0.76,26.153554026565185,0.7601002932313932,82459.7494204458,60716.14056683959,29.378540729741957,0.749585874550338,79082.76206451863,56908.5598208139,-7.170075644105022,0.000100293231393209,2459.7494204458053,2109.873306511574,-3.945088940928255,-0.010414125449662066,-917.2379354813747,-1697.7074395141171,,,,,,,0.015426935910543671,0.0,,0.2674216592458998,0.875,0.8227848101265823,0.4875,0.325,0.21875,0.25625,0.25,0.225,,0.50625,0.3875,0.24375,0.3104166666666666,0.3625,0.4720833333333333,0.3055555555555555,0.3888194444444444,69.0,monitor,"Proxy score from public NDIA service-area data. It combines benchmark gaps, utilisation friction, unspent committed funding and provider-activity indicators; it is a triage signal, not proof of unmet need.",supply_response_gap is participant growth minus provider growth; it is not a provider caseload measure.,2025,static 2025 ERP denominator from local processed file; quarterly interpolation unavailable without annual series,derived_from_local_curated_source
2025Q2,2025 Q2,2024-12-31,ndia_service_area,Caboolture/Strathpine,Caboolture/Strathpine,QLD,Inner Regional Australia,532445.0,18330.0,18330.0,34.426090957751505,34.426090957751505,0.03308346953728236,0.03308346953728236,80000.0,27600.0,1466400000.0,1059904000.0,57823.45881069286,57823.45881069286,1990635.6525087098,0.7227932351336607,406496000.0,22176.541189307147,0.74,26.957763247112997,0.7465297732931997,82492.94748629373,60067.7940397898,30.345785307596167,0.7338446519006651,79096.43428753808,56188.57394969421,-7.468327710638512,0.006529773293199668,2492.947486293735,2244.3352290969415,-4.0803056501553385,-0.00615534809933493,-903.5657124619174,-1634.8848609986453,,,,,,,0.019284493643800804,0.0,,0.27720676486633933,0.875,0.7848101265822784,0.4875,0.3125,0.19375,0.25625,0.24375,0.21875,,0.50625,0.375,0.23958333333333334,0.29375,0.35,0.46375,0.29444444444444445,0.3790972222222222,71.0,monitor,"Proxy score from public NDIA service-area data. It combines benchmark gaps, utilisation friction, unspent committed funding and provider-activity indicators; it is a triage signal, not proof of unmet need.",supply_response_gap is participant growth minus provider growth; it is not a provider caseload measure.,2025,static 2025 ERP denominator from local processed file; quarterly interpolation unavailable without annual series,derived_from_local_curated_source
2025Q3,2025 Q3,2025-03-31,ndia_service_area,Caboolture/Strathpine,Caboolture/Strathpine,QLD,Inner Regional Australia,532445.0,,18613.0,,34.95760125458968,,0.015439170758319687,82000.0,,1526266000.0,1092592000.0,58700.47816042551,,2052027.9089859047,0.7158594897612867,433674000.0,23299.521839574492,0.74,27.40732028960876,0.7506086859240299,84432.45028614352,60802.47507148593,30.943280669707555,0.735953040708486,80949.4227901239,56650.43820079907,-7.550280964980914,0.010608685924029828,2432.4502861435176,2101.9969110604216,-4.014320584882121,-0.004046959291514014,-1050.5772098760935,-2050.0399596264397,,,,,,,0.030840528953565594,0.02499999999999991,,0.28414051023871334,0.875,0.7848101265822784,0.5125,0.325,0.2125,0.25625,0.25625,0.225,,0.50625,0.3375,0.24583333333333332,0.2916666666666667,0.359375,0.4727083333333334,0.2989583333333333,0.38583333333333336,72.0,monitor,"Proxy score from public NDIA service-area data. It combines benchmark gaps, utilisation friction, unspent committed funding and provider-activity indicators; it is a triage signal, not proof of unmet need.",supply_response_gap is participant growth minus provider growth; it is not a provider caseload measure.,2025,static 2025 ERP denominator from local processed file; quarterly interpolation unavailable without annual series,funded_plan_context_only
2025Q4,2025 Q4,2025-06-30,ndia_service_area,Caboolture/Strathpine,Caboolture/Strathpine,QLD,Inner Regional Australia,532445.0,,18774.0,,35.259979904027645,,0.008649868371568337,83000.0,,1558242000.0,1132507000.0,60323.159688931504,,2126993.3983791755,0.7267850564931506,425735000.0,22676.8403110685,0.74,27.77839830958376,0.7514285432706143,85151.38506175322,62192.49868267691,31.40646420190928,0.7357142727569568,81348.30207161774,57871.566955701484,-7.481581594443888,0.011428543270614284,2151.3850617532153,1869.3389937454049,-3.8535157021183686,-0.004285727243043169,-1651.6979283822584,-2451.59273323002,,,,,,,0.03653239269553499,0.012195121951219523,,0.2732149435068494,0.875,0.7848101265822784,0.525,0.3375,0.1875,0.26875,0.25,0.21875,,0.50625,0.35,0.24583333333333335,0.2916666666666667,0.346875,0.47520833333333334,0.29479166666666673,0.385,69.0,monitor,"Proxy score from public NDIA service-area data. It combines benchmark gaps, utilisation friction, unspent committed funding and provider-activity indicators; it is a triage signal, not proof of unmet need.",supply_response_gap is participant growth minus provider growth; it is not a provider caseload measure.,2025,static 2025 ERP denominator from local processed file; quarterly interpolation unavailable without annual series,funded_plan_context_only
2026Q1,2026 Q1,2025-09-30,ndia_service_area,Caboolture/Strathpine,Caboolture/Strathpine,QLD,Inner Regional Australia,532445.0,,19120.0,,35.90981228108067,,0.01842974326195801,83000.0,,1586960000.0,1165772000.0,60971.33891213389,,2189469.3348608776,0.7345944447245047,421188000.0,22028.66108786611,0.73,28.253214646769933,0.7386029448813405,85151.81887829916,62709.42778038322,32.03344264863498,0.7233427743146025,81102.38055009648,58210.68357447111,-7.656597634310735,0.008602944881340448,2151.8188782991638,1738.0888682493314,-3.8763696324456873,-0.006657225685397492,-1897.6194499035191,-2760.655337662778,,,,,,,0.029372886878403337,0.0,,0.26540555527549525,0.875,0.7848101265822784,0.5375,0.3,0.2,0.26875,0.24375,0.21875,,0.50625,0.35,0.24375,0.2833333333333333,0.353125,0.4697916666666666,0.2934027777777778,0.3815972222222222,70.0,monitor,"Proxy score from public NDIA service-area data. It combines benchmark gaps, utilisation friction, unspent committed funding and provider-activity indicators; it is a triage signal, not proof of unmet need.",supply_response_gap is participant growth minus provider growth; it is not a provider caseload measure.,2025,static 2025 ERP denominator from local processed file; quarterly interpolation unavailable without annual series,funded_plan_context_only
2024Q2,2024 Q2,2023-12-31,ndia_service_area,Cairns,Cairns,QLD,Very Remote Australia,305342.0,7053.0,7053.0,23.098689338512226,23.098689338512223,,,94000.0,40500.0,662982000.0,480947000.0,68190.41542605983,68190.41542605983,1575109.2217906478,0.725429951341062,182035000.0,25809.584573940167,0.75,24.12050932082575,0.774810548394224,79559.82881407744,60116.50993792392,26.179182279595977,0.7299395777967206,87236.47395075967,60770.62127062127,1.0218199823135237,0.024810548394223985,-14440.171185922562,-8073.905488135912,3.080492941083751,-0.020060422203279412,-6763.526049240332,-7419.794155438562,351.0,1499.0,20.094017094017094,20.094017094017094,49.766056997022545,,,,,0.27457004865893797,0.5125,0.3670886075949367,0.875,0.7875,0.1875,0.7,0.25625,0.225,0.875,0.50625,0.5875,0.39375,0.5208333333333334,0.5229166666666667,0.64375,0.4791666666666667,0.5614583333333334,27.0,monitor,"Proxy score from public NDIA service-area data. It combines benchmark gaps, utilisation friction, unspent committed funding and provider-activity indicators; it is a triage signal, not proof of unmet need.",supply_response_gap is participant growth minus provider growth; it is not a provider caseload measure.,2025,static 2025 ERP denominator from local processed file; quarterly interpolation unavailable without annual series,derived_from_local_curated_source
2024Q3,2024 Q3,2024-03-31,ndia_service_area,Cairns,Cairns,QLD,Very Remote Australia,305342.0,7254.0,7254.0,23.756967596989604,23.756967596989604,0.028498511271799254,0.028498511271799254,95000.0,40500.0,689130000.0,497273000.0,68551.55776123518,68551.55776123518,1628577.1364568255,0.7215953448551071,191857000.0,26448.44223876482,0.75,24.68676284471637,0.7773084731227313,81027.36890354347,60498.99233345409,26.741674362372237,0.7287384335959551,89029.82107355865,61786.02459318165,0.929795247726762,0.027308473122731273,-13972.631096456535,-8052.56542778109,2.9847067653826294,-0.021261566404044883,-5970.178926441353,-6765.533168053524,,,,,,,0.03394552830145536,0.010638297872340496,,0.2784046551448929,0.5,0.36363636363636365,0.8974358974358975,0.75,0.20625,0.75,0.2625,0.23125,,0.50625,0.5625,0.4145833333333333,0.50625,0.35624999999999996,0.6019871794871795,0.4256944444444444,0.513840811965812,36.0,monitor,"Proxy score from public NDIA service-area data. It combines benchmark gaps, utilisation friction, unspent committed funding and provider-activity indicators; it is a triage signal, not proof of unmet need.",supply_response_gap is participant growth minus provider growth; it is not a provider caseload measure.,2025,static 2025 ERP denominator from local processed file; quarterly interpolation unavailable without annual series,derived_from_local_curated_source
2024Q4,2024 Q4,2024-06-30,ndia_service_area,Cairns,Cairns,QLD,Very Remote Australia,305342.0,7326.0,7326.0,23.992768764205383,23.992768764205383,0.00992555831265518,0.00992555831265518,97000.0,41400.0,710622000.0,510054000.0,69622.44062244063,69622.44062244063,1670435.1186538374,0.7177571198189755,200568000.0,27377.559377559377,0.75,25.27144981343164,0.7784608418203379,82439.3926044259,61164.480098449734,27.315980747937253,0.7307607285309241,91044.45191984238,62759.91157672161,1.278681049226254,0.02846084182033792,-14560.607395574101,-8457.960523990892,3.32321198373187,-0.019239271469075878,-5955.54808015762,-6862.529045719013,,,,,,,0.025702179688018356,0.021052631578947434,,0.2822428801810245,0.5,0.3670886075949367,0.8875,0.8,0.2125,0.7125,0.25625,0.225,,0.50625,0.5625,0.3979166666666667,0.525,0.359375,0.6143750000000001,0.42743055555555554,0.5209027777777778,33.0,monitor,"Proxy score from public NDIA service-area data. It combines benchmark gaps, utilisation friction, unspent committed funding and provider-activity indicators; it is a triage signal, not proof of unmet need.",supply_response_gap is participant growth minus provider growth; it is not a provider caseload measure.,2025,static 2025 ERP denominator from local processed file; quarterly interpolation unavailable without annual series,derived_from_local_curated_source
2025Q1,2025 Q1,2024-09-30,ndia_service_area,Cairns,Cairns,QLD,Very Remote Australia,305342.0,7524.0,7524.0,24.64122197404877,24.64122197404877,0.027027027027026973,0.027027027027026973,97000.0,41100.0,729828000.0,524462000.0,69705.20999468368,69705.20999468368,1717621.5522266834,0.7186104123163266,205366000.0,27294.79000531632,0.74,26.153554026565185,0.7601002932313932,82459.7494204458,60716.14056683959,28.08981758060144,0.7175297333925275,91778.55924480688,62539.22003878777,1.5123320525164168,0.02010029323139321,-14540.250579554195,-8989.069427844093,3.448595606552672,-0.022470266607472523,-5221.440755193122,-7165.989955895915,,,,,,,0.02824798942857032,0.0,,0.2813895876836734,0.5,0.3670886075949367,0.8875,0.775,0.21875,0.7125,0.25,0.225,,0.50625,0.5375,0.3958333333333333,0.5104166666666666,0.3625,0.6070833333333333,0.42291666666666666,0.515,34.0,monitor,"Proxy score from public NDIA service-area data. It combines benchmark gaps, utilisation friction, unspent committed funding and provider-activity indicators; it is a triage signal, not proof of unmet need.",supply_response_gap is participant growth minus provider growth; it is not a provider caseload measure.,2025,static 2025 ERP denominator from local processed file; quarterly interpolation unavailable without annual series,derived_from_local_curated_source
2025Q2,2025 Q2,2024-12-31,ndia_service_area,Cairns,Cairns,QLD,Very Remote Australia,305342.0,7681.0,7681.0,25.155399519227622,25.155399519227625,0.020866560340244478,0.020866560340244478,97000.0,40800.0,745057000.0,533428000.0,69447.72816039578,69447.72816039578,1746985.3475774706,0.7159559604164514,211629000.0,27552.27183960422,0.72,26.957763247112997,0.7465297732931997,82492.94748629373,60067.7940397898,28.799988448237272,0.6997169488821533,91472.6178809909,62312.67804644591,1.8023637278853712,0.02652977329319967,-14507.052513706265,-9379.934120605983,3.64458892900965,-0.020283051117846757,-5527.382119009097,-7135.050113949874,,,,,,,0.017095614172237372,0.0,,0.2840440395835486,0.5,0.35443037974683544,0.9,0.7375,0.19375,0.7375,0.24375,0.21875,,0.50625,0.5,0.4000000000000001,0.4770833333333333,0.35,0.5929166666666668,0.40902777777777777,0.5009722222222223,36.0,monitor,"Proxy score from public NDIA service-area data. It combines benchmark gaps, utilisation friction, unspent committed funding and provider-activity indicators; it is a triage signal, not proof of unmet need.",supply_response_gap is participant growth minus provider growth; it is not a provider caseload measure.,2025,static 2025 ERP denominator from local processed file; quarterly interpolation unavailable without annual series,derived_from_local_curated_source
2025Q3,2025 Q3,2025-03-31,ndia_service_area,Cairns,Cairns,QLD,Very Remote Australia,305342.0,,7833.0,,25.65320198334982,,0.0197890899622446,100000.0,,783300000.0,549234000.0,70117.96246648794,,1798750.2538137564,0.7011796246648794,234066000.0,29882.037533512066,0.73,27.40732028960876,0.7506086859240299,84432.45028614352,60802.47507148593,29.255495455759704,0.6998867027124044,93888.60969645302,63068.60655553811,1.7541183062589418,0.020608685924029826,-15567.549713856482,-9315.487395002005,3.602293472409883,-0.03011329728759563,-6111.390303546985,-7049.355910949831,,,,,,,0.029630990499186494,0.030927835051546282,,0.2988203753351206,0.5,0.35443037974683544,0.8875,0.775,0.2125,0.7375,0.25625,0.225,,0.50625,0.5375,0.40625,0.5083333333333333,0.359375,0.6060416666666666,0.42465277777777777,0.5153472222222222,33.0,monitor,"Proxy score from public NDIA service-area data. It combines benchmark gaps, utilisation friction, unspent committed funding and provider-activity indicators; it is a triage signal, not proof of unmet need.",supply_response_gap is participant growth minus provider growth; it is not a provider caseload measure.,2025,static 2025 ERP denominator from local processed file; quarterly interpolation unavailable without annual series,funded_plan_context_only
2025Q4,2025 Q4,2025-06-30,ndia_service_area,Cairns,Cairns,QLD,Very Remote Australia,305342.0,,7905.0,,25.8890031505656,,0.009191880505553529,100000.0,,790500000.0,571755000.0,72328.27324478178,,1872506.8939091247,0.7232827324478178,218745000.0,27671.726755218217,0.73,27.77839830958376,0.7514285432706143,85151.38506175322,62192.49868267691,29.615831690817068,0.7017884845529896,94950.29032401046,64775.29808075883,1.8893951590181608,0.021428543270614286,-14848.614938246785,-10135.774562104874,3.726828540251472,-0.028211515447010383,-5049.709675989536,-7552.9751640229515,,,,,,,0.04100438064650036,0.0,,0.2767172675521822,0.5,0.34177215189873417,0.8875,0.675,0.1875,0.75,0.25,0.21875,,0.50625,0.4,0.40625,0.4208333333333334,0.346875,0.5660416666666667,0.3913194444444445,0.47868055555555555,46.0,monitor,"Proxy score from public NDIA service-area data. It combines benchmark gaps, utilisation friction, unspent committed funding and provider-activity indicators; it is a triage signal, not proof of unmet need.",supply_response_gap is participant growth minus provider growth; it is not a provider caseload measure.,2025,static 2025 ERP denominator from local processed file; quarterly interpolation unavailable without annual series,funded_plan_context_only
2026Q1,2026 Q1,2025-09-30,ndia_service_area,Cairns,Cairns,QLD,Very Remote Australia,305342.0,,7997.0,,26.19030464200798,,0.011638203668564273,101000.0,,807697000.0,586006000.0,73278.229336001,,1919179.1499367922,0.7255270231287227,221691000.0,27721.770663999,0.72,28.253214646769933,0.7386029448813405,85151.81887829916,62709.42778038322,29.935474216268688,0.6915735929312197,94840.2069766932,65463.76811594203,2.062910004761953,0.01860294488134045,-15848.181121700836,-10568.80155561777,3.745169574260707,-0.02842640706878029,-6159.793023306804,-7814.461220058962,,,,,,,0.024925011587130896,0.010000000000000009,,0.27447297687127725,0.5,0.34177215189873417,0.9,0.725,0.2,0.7375,0.24375,0.21875,,0.50625,0.4625,0.4000000000000001,0.4625000000000001,0.353125,0.588125,0.4052083333333334,0.4966666666666667,43.0,monitor,"Proxy score from public NDIA service-area data. It combines benchmark gaps, utilisation friction, unspent committed funding and provider-activity indicators; it is a triage signal, not proof of unmet need.",supply_response_gap is participant growth minus provider growth; it is not a provider caseload measure.,2025,static 2025 ERP denominator from local processed file; quarterly interpolation unavailable without annual series,funded_plan_context_only
2024Q2,2024 Q2,2023-12-31,ndia_service_area,Central Australia,Central Australia,NT,Very Remote Australia,42023.0,1004.0,1032.0,23.89167836660876,24.557980153725342,,,200000.0,65900.0,206400000.0,157958000.0,153060.07751937985,157328.68525896413,3758846.346048592,0.7653003875968992,48442000.0,46939.92248062015,0.81,24.12050932082575,0.774810548394224,79559.82881407744,60116.50993792392,26.179182279595977,0.7299395777967206,87236.47395075967,60770.62127062127,-0.4374708328995922,-0.03518945160577601,-120440.17118592256,-92943.56758145592,1.621202125870635,-0.08006042220327941,-112763.52604924033,-92289.45624875858,133.0,420.0,7.7593984962406015,7.548872180451128,128.87596899224806,,,,,0.23469961240310078,0.1,0.4430379746835443,1.0,0.975,0.1875,0.6125,0.25625,0.225,0.075,0.50625,0.2625,0.3645833333333333,0.47500000000000003,0.25625,0.56125,0.36527777777777776,0.4632638888888889,54.0,monitor,"Proxy score from public NDIA service-area data. It combines benchmark gaps, utilisation friction, unspent committed funding and provider-activity indicators; it is a triage signal, not proof of unmet need.",supply_response_gap is participant growth minus provider growth; it is not a provider caseload measure.,2025,static 2025 ERP denominator from local processed file; quarterly interpolation unavailable without annual series,derived_from_local_curated_source
2024Q3,2024 Q3,2024-03-31,ndia_service_area,Central Australia,Central Australia,NT,Very Remote Australia,42023.0,1042.0,1072.0,24.79594507769555,25.50983984960617,0.03784860557768921,0.03875968992248069,200000.0,67900.0,214400000.0,166412000.0,155235.07462686568,159704.41458733205,3960021.892773005,0.7761753731343284,47988000.0,44764.92537313433,0.8,24.68676284471637,0.7773084731227313,81027.36890354347,60498.99233345409,26.741674362372237,0.7287384335959551,89029.82107355865,61786.02459318165,-0.8230770048898037,-0.02269152687726873,-118972.63109645653,-94736.0822934116,1.2318345127660637,-0.07126156640404488,-110970.17892644135,-93449.05003368403,,,,,,,0.05352055609719031,0.0,,0.22382462686567162,0.08974358974358974,0.45454545454545453,1.0,0.975,0.20625,0.6125,0.2625,0.23125,,0.50625,0.1625,0.36874999999999997,0.4479166666666667,0.35624999999999996,0.5737820512820513,0.3909722222222222,0.4823771367521368,46.0,monitor,"Proxy score from public NDIA service-area data. It combines benchmark gaps, utilisation friction, unspent committed funding and provider-activity indicators; it is a triage signal, not proof of unmet need.",supply_response_gap is participant growth minus provider growth; it is not a provider caseload measure.,2025,static 2025 ERP denominator from local processed file; quarterly interpolation unavailable without annual series,derived_from_local_curated_source
2024Q4,2024 Q4,2024-06-30,ndia_service_area,Central Australia,Central Australia,NT,Very Remote Australia,42023.0,1060.0,1094.0,25.22428194084192,26.033362682340623,0.017274472168905985,0.020522388059701413,201000.0,68600.0,219894000.0,170023000.0,155414.07678244973,160399.05660377358,4045951.026818647,0.7732043621017399,49871000.0,45585.92321755028,0.79,25.27144981343164,0.7784608418203379,82439.3926044259,61164.480098449734,27.315980747937253,0.7307607285309241,91044.45191984238,62759.91157672161,-0.7619128689089862,-0.01153915817966208,-118560.6073955741,-94249.59668399999,1.2826180655966295,-0.05923927146907587,-109955.54808015762,-92654.16520572812,,,,,,,0.02169915631084307,0.004999999999999893,,0.22679563789826007,0.1,0.46835443037974683,1.0,0.95,0.2125,0.55,0.25625,0.225,,0.50625,0.1,0.34375,0.42083333333333334,0.359375,0.5660416666666667,0.3746527777777778,0.47034722222222225,50.0,monitor,"Proxy score from public NDIA service-area data. It combines benchmark gaps, utilisation friction, unspent committed funding and provider-activity indicators; it is a triage signal, not proof of unmet need.",supply_response_gap is participant growth minus provider growth; it is not a provider caseload measure.,2025,static 2025 ERP denominator from local processed file; quarterly interpolation unavailable without annual series,derived_from_local_curated_source
2025Q1,2025 Q1,2024-09-30,ndia_service_area,Central Australia,Central Australia,NT,Very Remote Australia,42023.0,1060.0,1104.0,25.22428194084192,26.271327606310827,0.0,0.009140767824497242,206000.0,72100.0,227424000.0,170871000.0,154774.45652173914,161199.05660377358,4066130.4523713207,0.7513323132123259,56553000.0,51225.54347826087,0.79,26.153554026565185,0.7601002932313932,82459.7494204458,60716.14056683959,28.08981758060144,0.7175297333925275,91778.55924480688,62539.22003878777,-0.1177735797456414,-0.02989970676860679,-123540.2505795542,-94058.31595489955,1.818489974290614,-0.07247026660747252,-114221.44075519312,-92235.23648295137,,,,,,,0.004987560506519717,0.02487562189054726,,0.24866768678767415,0.1,0.4430379746835443,1.0,0.975,0.21875,0.5875,0.25,0.225,,0.50625,0.175,0.3541666666666667,0.45625000000000004,0.3625,0.5787500000000001,0.3909722222222223,0.4848611111111112,44.0,monitor,"Proxy score from public NDIA service-area data. It combines benchmark gaps, utilisation friction, unspent committed funding and provider-activity indicators; it is a triage signal, not proof of unmet need.",supply_response_gap is participant growth minus provider growth; it is not a provider caseload measure.,2025,static 2025 ERP denominator from local processed file; quarterly interpolation unavailable without annual series,derived_from_local_curated_source
2025Q2,2025 Q2,2024-12-31,ndia_service_area,Central Australia,Central Australia,NT,Very Remote Australia,42023.0,1069.0,1069.0,25.438450372415108,25.438450372415108,0.008490566037735903,-0.03170289855072461,208000.0,74000.0,222352000.0,174042000.0,162808.23199251638,162808.23199251638,4141589.129762273,0.7827318845794057,48310000.0,45191.76800748363,0.79,26.957763247112997,0.7465297732931997,82492.94748629373,60067.7940397898,28.799988448237272,0.6997169488821533,91472.6178809909,62312.67804644591,1.519312874697885,-0.043470226706800334,-125507.05251370627,-102740.43795272658,3.361538075822164,-0.09028305111784675,-116527.3821190091,-100495.55394607046,,,,,,,0.01855785943782151,0.009708737864077666,,0.21726811542059432,0.0875,0.379746835443038,1.0,0.9625,0.19375,0.6875,0.24375,0.21875,,0.50625,0.0375,0.3833333333333333,0.3979166666666667,0.35,0.5595833333333333,0.3770833333333334,0.4683333333333334,50.0,monitor,"Proxy score from public NDIA service-area data. It combines benchmark gaps, utilisation friction, unspent committed funding and provider-activity indicators; it is a triage signal, not proof of unmet need.",supply_response_gap is participant growth minus provider growth; it is not a provider caseload measure.,2025,static 2025 ERP denominator from local processed file; quarterly interpolation unavailable without annual series,derived_from_local_curated_source
2025Q3,2025 Q3,2025-03-31,ndia_service_area,Central Australia,Central Australia,NT,Very Remote Australia,42023.0,,1113.0,,26.485496037884012,,0.04115996258185217,218000.0,,242634000.0,181998000.0,163520.21563342318,,4330914.02327297,0.7500927322634091,60636000.0,54479.784366576816,0.79,27.40732028960876,0.7506086859240299,84432.45028614352,60802.47507148593,29.255495455759704,0.6998867027124044,93888.60969645302,63068.60655553811,0.9218242517247468,-0.03939131407597017,-133567.54971385648,-102717.74056193724,2.769999417875688,-0.09011329728759565,-124111.39030354698,-100451.60907788508,,,,,,,0.04571310373358162,0.04807692307692313,,0.2499072677365909,0.0875,0.379746835443038,1.0,0.975,0.2125,0.65,0.25625,0.225,,0.50625,0.125,0.3770833333333334,0.4375,0.359375,0.571875,0.3913194444444445,0.48159722222222223,47.0,monitor,"Proxy score from public NDIA service-area data. It combines benchmark gaps, utilisation friction, unspent committed funding and provider-activity indicators; it is a triage signal, not proof of unmet need.",supply_response_gap is participant growth minus provider growth; it is not a provider caseload measure.,2025,static 2025 ERP denominator from local processed file; quarterly interpolation unavailable without annual series,funded_plan_context_only
2025Q4,2025 Q4,2025-06-30,ndia_service_area,Central Australia,Central Australia,NT,Very Remote Australia,42023.0,,1163.0,,27.67532065773505,,0.0449236298292901,216000.0,,251208000.0,187591000.0,161299.22613929491,,4464007.805249507,0.7467556765708099,63617000.0,54700.77386070507,0.79,27.77839830958376,0.7514285432706143,85151.38506175322,62192.49868267691,29.615831690817068,0.7017884845529896,94950.29032401046,64775.29808075883,0.1030776518487073,-0.03857145672938572,-130848.61493824678,-99106.72745661801,1.9405110330820177,-0.08821151544701039,-121049.70967598954,-96523.92805853608,,,,,,,0.03073110693524095,-0.00917431192660545,,0.2532443234291901,0.1,0.4177215189873418,1.0,0.975,0.1875,0.5625,0.25,0.21875,,0.50625,0.175,0.34375,0.44583333333333336,0.346875,0.5735416666666666,0.37881944444444443,0.4761805555555555,47.0,monitor,"Proxy score from public NDIA service-area data. It combines benchmark gaps, utilisation friction, unspent committed funding and provider-activity indicators; it is a triage signal, not proof of unmet need.",supply_response_gap is participant growth minus provider growth; it is not a provider caseload measure.,2025,static 2025 ERP denominator from local processed file; quarterly interpolation unavailable without annual series,funded_plan_context_only
2026Q1,2026 Q1,2025-09-30,ndia_service_area,Central Australia,Central Australia,NT,Very Remote Australia,42023.0,,1175.0,,27.960878566499296,,0.010318142734307756,218000.0,,256150000.0,193428000.0,164619.5744680851,,4602907.931370916,0.7551356626976381,62722000.0,53380.425531914894,0.79,28.253214646769933,0.7386029448813405,85151.81887829916,62709.42778038322,29.935474216268688,0.6915735929312197,94840.2069766932,65463.76811594203,0.2923360802706369,-0.05139705511865955,-132848.18112170085,-101910.14668770188,1.974595649769391,-0.0984264070687803,-123159.7930233068,-99155.80635214307,,,,,,,0.031115565245667387,0.0092592592592593,,0.2448643373023619,0.0875,0.4177215189873418,1.0,0.9625,0.2,0.5625,0.24375,0.21875,,0.50625,0.15,0.3416666666666666,0.4375,0.353125,0.568125,0.37743055555555555,0.47277777777777774,51.0,monitor,"Proxy score from public NDIA service-area data. It combines benchmark gaps, utilisation friction, unspent committed funding and provider-activity indicators; it is a triage signal, not proof of unmet need.",supply_response_gap is participant growth minus provider growth; it is not a provider caseload measure.,2025,static 2025 ERP denominator from local processed file; quarterly interpolation unavailable without annual series,funded_plan_context_only
2024Q2,2024 Q2,2023-12-31,ndia_service_area,Central Coast,Central Coast,NSW,Inner Regional Australia,357816.0,11142.0,11143.0,31.138909383593802,31.141704116082007,,,73000.0,26300.0,813439000.0,620978000.0,55728.08040922552,55733.08203195118,1735467.3910613277,0.7633983617702126,192461000.0,17271.919590774476,0.79,24.12050932082575,0.774810548394224,79559.82881407744,60116.50993792392,26.8899974718611,0.7630061336695022,76355.8163924701,56667.37290379991,-7.021194795256257,-0.015189451605776014,6559.828814077438,4388.429528698398,-4.251706644220906,-0.026993866330497843,3355.816392470093,939.2924945743871,765.0,2673.0,14.566013071895425,14.564705882352941,68.65296598761554,,,,,0.23660163822978741,0.7,0.8481012658227848,0.425,0.1125,0.1875,0.24375,0.65,0.5,0.575,0.50625,0.3125,0.46458333333333335,0.2041666666666667,0.4229166666666666,0.3729166666666667,0.36388888888888893,0.3684027777777778,76.0,monitor,"Proxy score from public NDIA service-area data. It combines benchmark gaps, utilisation friction, unspent committed funding and provider-activity indicators; it is a triage signal, not proof of unmet need.",supply_response_gap is participant growth minus provider growth; it is not a provider caseload measure.,2025,static 2025 ERP denominator from local processed file; quarterly interpolation unavailable without annual series,derived_from_local_curated_source
2024Q3,2024 Q3,2024-03-31,ndia_service_area,Central Coast,Central Coast,NSW,Inner Regional Australia,357816.0,11476.0,11476.0,32.07235003465468,32.07235003465468,0.029976664871656844,0.02988423225343273,75000.0,27300.0,860700000.0,637377000.0,55539.99651446497,55539.99651446497,1781298.2091354216,0.7405332868595329,223323000.0,19460.00348553503,0.79,24.68676284471637,0.7773084731227313,81027.36890354347,60498.99233345409,27.71623599286424,0.7648604023741618,77994.1725121406,56947.80441429636,-7.385587189938317,-0.012691526877268728,6027.368903543465,4958.995818989119,-4.356114041790445,-0.025139597625838235,2994.1725121406052,1407.807899831394,,,,,,,0.026408342968671894,0.027397260273972712,,0.2594667131404671,0.6923076923076923,0.8311688311688312,0.4230769230769231,0.2375,0.20625,0.26875,0.66875,0.5125,,0.50625,0.4125,0.48333333333333334,0.28541666666666665,0.35624999999999996,0.3989102564102564,0.375,0.38695512820512823,67.0,monitor,"Proxy score from public NDIA service-area data. It combines benchmark gaps, utilisation friction, unspent committed funding and provider-activity indicators; it is a triage signal, not proof of unmet need.",supply_response_gap is participant growth minus provider growth; it is not a provider caseload measure.,2025,static 2025 ERP denominator from local processed file; quarterly interpolation unavailable without annual series,derived_from_local_curated_source
2024Q4,2024 Q4,2024-06-30,ndia_service_area,Central Coast,Central Coast,NSW,Inner Regional Australia,357816.0,11758.0,11758.0,32.86046459632884,32.86046459632884,0.024573021958870678,0.024573021958870678,76000.0,27600.0,893608000.0,656197000.0,55808.5558768498,55808.5558768498,1833895.0745634628,0.7343231036427605,237411000.0,20191.444123150195,0.79,25.27144981343164,0.7784608418203379,82439.3926044259,61164.480098449734,28.31985586047522,0.7685814728943384,79139.48388848934,57480.02092208034,-7.589014782897202,-0.01153915817966208,6439.392604425899,5355.924221599933,-4.5406087358536205,-0.02141852710566156,3139.4838884893397,1671.465045230536,,,,,,,0.029527265652824042,0.01333333333333342,,0.26567689635723946,0.7,0.8481012658227848,0.4125,0.2375,0.2125,0.25625,0.63125,0.5,,0.50625,0.4375,0.46249999999999997,0.29583333333333334,0.359375,0.40104166666666663,0.37256944444444445,0.3868055555555555,67.0,monitor,"Proxy score from public NDIA service-area data. It combines benchmark gaps, utilisation friction, unspent committed funding and provider-activity indicators; it is a triage signal, not proof of unmet need.",supply_response_gap is participant growth minus provider growth; it is not a provider caseload measure.,2025,static 2025 ERP denominator from local processed file; quarterly interpolation unavailable without annual series,derived_from_local_curated_source
2025Q1,2025 Q1,2024-09-30,ndia_service_area,Central Coast,Central Coast,NSW,Inner Regional Australia,357816.0,12100.0,12100.0,33.81626310729536,33.81626310729536,0.029086579350229735,0.029086579350229735,76000.0,27900.0,919600000.0,682408000.0,56397.35537190083,56397.35537190083,1907147.8078118362,0.7420704654197477,237192000.0,19602.644628099173,0.78,26.153554026565185,0.7601002932313932,82459.7494204458,60716.14056683959,29.378540729741957,0.749585874550338,79082.76206451863,56908.5598208139,-7.662709080730178,-0.019899706768606792,6459.749420445805,4318.785194938762,-4.43772237755341,-0.030414125449662065,3082.7620645186253,511.20444891307125,,,,,,,0.03994379736573017,0.0,,0.25792953458025225,0.7,0.8354430379746836,0.4375,0.125,0.21875,0.25625,0.6375,0.45,,0.50625,0.3,0.4479166666666667,0.21458333333333335,0.3625,0.36791666666666667,0.34166666666666673,0.3547916666666667,77.0,monitor,"Proxy score from public NDIA service-area data. It combines benchmark gaps, utilisation friction, unspent committed funding and provider-activity indicators; it is a triage signal, not proof of unmet need.",supply_response_gap is participant growth minus provider growth; it is not a provider caseload measure.,2025,static 2025 ERP denominator from local processed file; quarterly interpolation unavailable without annual series,derived_from_local_curated_source
2025Q2,2025 Q2,2024-12-31,ndia_service_area,Central Coast,Central Coast,NSW,Inner Regional Australia,357816.0,12536.0,12536.0,35.03476647215329,35.03476647215329,0.03603305785123978,0.03603305785123978,76000.0,27800.0,952736000.0,697638000.0,55650.765794511804,55650.765794511804,1949711.583607217,0.7322469183488396,255098000.0,20349.234205488196,0.77,26.957763247112997,0.7465297732931997,82492.94748629373,60067.7940397898,30.345785307596167,0.7338446519006651,79096.43428753808,56188.57394969421,-8.077003225040293,-0.023470226706800327,6492.947486293735,4417.028245277994,-4.68898116455712,-0.03615534809933493,3096.4342875380826,537.8081551824071,,,,,,,0.022318026752324194,0.0,,0.2677530816511604,0.7,0.8481012658227848,0.45,0.125,0.19375,0.25625,0.65,0.4625,,0.50625,0.275,0.45625,0.19791666666666666,0.35,0.3645833333333333,0.3347222222222222,0.34965277777777776,79.0,monitor,"Proxy score from public NDIA service-area data. It combines benchmark gaps, utilisation friction, unspent committed funding and provider-activity indicators; it is a triage signal, not proof of unmet need.",supply_response_gap is participant growth minus provider growth; it is not a provider caseload measure.,2025,static 2025 ERP denominator from local processed file; quarterly interpolation unavailable without annual series,derived_from_local_curated_source
2025Q3,2025 Q3,2025-03-31,ndia_service_area,Central Coast,Central Coast,NSW,Inner Regional Australia,357816.0,,12767.0,,35.68034967692892,,0.018426930440331946,78000.0,,995826000.0,722462000.0,56588.23529411765,,2019088.0228944486,0.7254901960784313,273364000.0,21411.764705882353,0.77,27.40732028960876,0.7506086859240299,84432.45028614352,60802.47507148593,30.943280669707555,0.735953040708486,80949.4227901239,56650.43820079907,-8.273029387320157,-0.019391314075970167,6432.450286143518,4214.239777368282,-4.737069007221365,-0.034046959291514016,2949.4227901239065,62.202906681421155,,,,,,,0.0355829240953045,0.026315789473684292,,0.27450980392156865,0.7,0.8481012658227848,0.4625,0.1375,0.2125,0.25625,0.6375,0.45,,0.50625,0.2875,0.4479166666666667,0.2125,0.359375,0.374375,0.33993055555555557,0.35715277777777776,77.0,monitor,"Proxy score from public NDIA service-area data. It combines benchmark gaps, utilisation friction, unspent committed funding and provider-activity indicators; it is a triage signal, not proof of unmet need.",supply_response_gap is participant growth minus provider growth; it is not a provider caseload measure.,2025,static 2025 ERP denominator from local processed file; quarterly interpolation unavailable without annual series,funded_plan_context_only
2025Q4,2025 Q4,2025-06-30,ndia_service_area,Central Coast,Central Coast,NSW,Inner Regional Australia,357816.0,,12905.0,,36.06602276030138,,0.010809117255424106,78000.0,,1006590000.0,747593000.0,57930.49205734212,,2089322.4450555595,0.7426986161197707,258997000.0,20069.507942657885,0.77,27.77839830958376,0.7514285432706143,85151.38506175322,62192.49868267691,31.40646420190928,0.7357142727569568,81348.30207161774,57871.566955701484,-8.287624450717622,-0.01857145672938572,7151.385061753215,4262.00662533479,-4.659558558392103,-0.03428572724304317,3348.3020716177416,-58.92510164063424,,,,,,,0.03478522053755073,0.0,,0.2573013838802293,0.7,0.8481012658227848,0.4625,0.1125,0.1875,0.26875,0.675,0.21875,,0.50625,0.225,0.3875,0.17500000000000002,0.346875,0.35937500000000006,0.30312500000000003,0.33125000000000004,79.0,monitor,"Proxy score from public NDIA service-area data. It combines benchmark gaps, utilisation friction, unspent committed funding and provider-activity indicators; it is a triage signal, not proof of unmet need.",supply_response_gap is participant growth minus provider growth; it is not a provider caseload measure.,2025,static 2025 ERP denominator from local processed file; quarterly interpolation unavailable without annual series,funded_plan_context_only
2026Q1,2026 Q1,2025-09-30,ndia_service_area,Central Coast,Central Coast,NSW,Inner Regional Australia,357816.0,,13088.0,,36.57745880564312,,0.014180550174351048,78000.0,,1020864000.0,765896000.0,58518.948655256725,,2140474.433787198,0.7502429314776503,254968000.0,19481.051344743275,0.75,28.253214646769933,0.7386029448813405,85151.81887829916,62709.42778038322,32.03344264863498,0.7233427743146025,81102.38055009648,58210.68357447111,-8.324244158873185,-0.01139705511865955,7151.818878299164,4190.479125126498,-4.544016157008137,-0.026657225685397492,3102.380550096481,-308.26508078561164,,,,,,,0.024482572736769903,0.0,,0.2497570685223497,0.7,0.8354430379746836,0.45,0.0875,0.2,0.26875,0.625,0.21875,,0.50625,0.175,0.37083333333333335,0.15416666666666665,0.353125,0.3489583333333333,0.29270833333333335,0.3208333333333333,80.0,monitor,"Proxy score from public NDIA service-area data. It combines benchmark gaps, utilisation friction, unspent committed funding and provider-activity indicators; it is a triage signal, not proof of unmet need.",supply_response_gap is participant growth minus provider growth; it is not a provider caseload measure.,2025,static 2025 ERP denominator from local processed file; quarterly interpolation unavailable without annual series,funded_plan_context_only
2024Q2,2024 Q2,2023-12-31,ndia_service_area,Central Highlands,Central Highlands,VIC,Inner Regional Australia,226453.0,6992.0,6992.0,30.87616414885208,30.87616414885208,,,75000.0,29000.0,524400000.0,380534000.0,54424.1990846682,54424.199084668195,1680410.5046080202,0.7256559877955759,143866000.0,20575.80091533181,0.75,24.12050932082575,0.774810548394224,79559.82881407744,60116.50993792392,26.8899974718611,0.7630061336695022,76355.8163924701,56667.37290379991,-6.75565482802633,0.024810548394223985,4559.828814077438,5692.310853255716,-3.98616667699098,0.013006133669502162,1355.816392470093,2243.1738191317054,446.0,1713.0,15.67713004484305,15.67713004484305,63.787185354691076,,,,,0.27434401220442406,0.5,0.8354430379746836,0.3625,0.475,0.49375,0.24375,0.56875,0.525,0.675,0.50625,0.575,0.4458333333333333,0.5145833333333333,0.5583333333333332,0.4820833333333333,0.50625,0.49416666666666664,42.0,monitor,"Proxy score from public NDIA service-area data. It combines benchmark gaps, utilisation friction, unspent committed funding and provider-activity indicators; it is a triage signal, not proof of unmet need.",supply_response_gap is participant growth minus provider growth; it is not a provider caseload measure.,2025,static 2025 ERP denominator from local processed file; quarterly interpolation unavailable without annual series,derived_from_local_curated_source
2024Q3,2024 Q3,2024-03-31,ndia_service_area,Central Highlands,Central Highlands,VIC,Inner Regional Australia,226453.0,7229.0,7229.0,31.92273893479,31.92273893479,0.033895881006865025,0.033895881006865025,75000.0,29300.0,542175000.0,395271000.0,54678.51708396735,54678.51708396735,1745488.0262129446,0.729046894452898,146904000.0,20321.482916032648,0.75,24.68676284471637,0.7773084731227313,81027.36890354347,60498.99233345409,27.71623599286424,0.7648604023741618,77994.1725121406,56947.80441429636,-7.235976090073635,0.027308473122731273,6027.368903543465,5820.475249486735,-4.206502941925763,0.014860402374161762,2994.1725121406052,2269.2873303290107,,,,,,,0.0387271571002854,0.0,,0.27095310554710195,0.48717948717948717,0.8181818181818182,0.38461538461538464,0.3375,0.55,0.26875,0.66875,0.5375,,0.50625,0.5125,0.4916666666666667,0.4666666666666666,0.528125,0.44081730769230765,0.49548611111111107,0.46815170940170936,49.0,monitor,"Proxy score from public NDIA service-area data. It combines benchmark gaps, utilisation friction, unspent committed funding and provider-activity indicators; it is a triage signal, not proof of unmet need.",supply_response_gap is participant growth minus provider growth; it is not a provider caseload measure.,2025,static 2025 ERP denominator from local processed file; quarterly interpolation unavailable without annual series,derived_from_local_curated_source
2024Q4,2024 Q4,2024-06-30,ndia_service_area,Central Highlands,Central Highlands,VIC,Inner Regional Australia,226453.0,7403.0,7403.0,32.69111029661784,32.69111029661784,0.024069719186609495,0.024069719186609495,76000.0,29600.0,562628000.0,407584000.0,55056.59867621234,55056.59867621234,1799861.3398806818,0.7244289299501625,155044000.0,20943.401323787653,0.75,25.27144981343164,0.7784608418203379,82439.3926044259,61164.480098449734,28.31985586047522,0.7685814728943384,79139.48388848934,57480.02092208034,-7.419660483186206,0.02846084182033792,6439.392604425899,6107.881422237391,-4.371254436142625,0.01858147289433845,3139.4838884893397,2423.422245867994,,,,,,,0.03115078009770511,0.01333333333333342,,0.2755710700498375,0.5125,0.8354430379746836,0.35,0.3125,0.65625,0.25625,0.63125,0.525,,0.50625,0.5125,0.4708333333333334,0.49374999999999997,0.58125,0.45,0.5152777777777778,0.48263888888888895,41.0,monitor,"Proxy score from public NDIA service-area data. It combines benchmark gaps, utilisation friction, unspent committed funding and provider-activity indicators; it is a triage signal, not proof of unmet need.",supply_response_gap is participant growth minus provider growth; it is not a provider caseload measure.,2025,static 2025 ERP denominator from local processed file; quarterly interpolation unavailable without annual series,derived_from_local_curated_source
2025Q1,2025 Q1,2024-09-30,ndia_service_area,Central Highlands,Central Highlands,VIC,Inner Regional Australia,226453.0,7722.0,7722.0,34.099791126635544,34.099791126635544,0.043090638930163516,0.043090638930163516,77000.0,29400.0,594594000.0,425949000.0,55160.45066045066,55160.45066045066,1880959.8459724535,0.7163694890967618,168645000.0,21839.54933954934,0.74,26.153554026565185,0.7601002932313932,82459.7494204458,60716.14056683959,29.378540729741957,0.749585874550338,79082.76206451863,56908.5598208139,-7.946237100070359,0.02010029323139321,5459.749420445805,5555.689906388929,-4.721250396893591,0.009585874550337934,2082.7620645186253,1748.1091603632376,,,,,,,0.04505819659260424,0.013157894736842035,,0.2836305109032382,0.5125,0.8481012658227848,0.375,0.4125,0.58125,0.25625,0.58125,0.525,,0.50625,0.55,0.45416666666666666,0.5145833333333334,0.54375,0.4716666666666667,0.5041666666666667,0.48791666666666667,42.0,monitor,"Proxy score from public NDIA service-area data. It combines benchmark gaps, utilisation friction, unspent committed funding and provider-activity indicators; it is a triage signal, not proof of unmet need.",supply_response_gap is participant growth minus provider growth; it is not a provider caseload measure.,2025,static 2025 ERP denominator from local processed file; quarterly interpolation unavailable without annual series,derived_from_local_curated_source
2025Q2,2025 Q2,2024-12-31,ndia_service_area,Central Highlands,Central Highlands,VIC,Inner Regional Australia,226453.0,7971.0,7971.0,35.19935704097539,35.19935704097539,0.03224553224553217,0.03224553224553217,78000.0,29700.0,621738000.0,437446000.0,54879.68887216158,54879.68887216158,1931729.7629088596,0.7035857547713024,184292000.0,23120.311127838413,0.73,26.957763247112997,0.7465297732931997,82492.94748629373,60067.7940397898,30.345785307596167,0.7338446519006651,79096.43428753808,56188.57394969421,-8.2415937938624,0.016529773293199667,4492.947486293735,5188.105167628215,-4.853571733379226,0.0038446519006650696,1096.4342875380826,1308.8850775326282,,,,,,,0.02699149428687475,0.01298701298701288,,0.29641424522869764,0.5125,0.8607594936708861,0.4,0.425,0.41875,0.25625,0.55,0.5,,0.50625,0.5875,0.4354166666666666,0.4770833333333333,0.4625,0.45541666666666664,0.4583333333333333,0.456875,54.0,monitor,"Proxy score from public NDIA service-area data. It combines benchmark gaps, utilisation friction, unspent committed funding and provider-activity indicators; it is a triage signal, not proof of unmet need.",supply_response_gap is participant growth minus provider growth; it is not a provider caseload measure.,2025,static 2025 ERP denominator from local processed file; quarterly interpolation unavailable without annual series,derived_from_local_curated_source
2025Q3,2025 Q3,2025-03-31,ndia_service_area,Central Highlands,Central Highlands,VIC,Inner Regional Australia,226453.0,,8152.0,,35.998639894371024,,0.022707314013298285,80000.0,,652160000.0,450999000.0,55323.72423945044,,1991578.8265114615,0.6915465529931305,201161000.0,24676.275760549557,0.74,27.40732028960876,0.7506086859240299,84432.45028614352,60802.47507148593,30.943280669707555,0.735953040708486,80949.4227901239,56650.43820079907,-8.591319604762262,0.010608685924029828,4432.450286143518,5478.75083203549,-5.055359224663469,-0.004046959291514014,949.4227901239065,1326.7139613486288,,,,,,,0.030982109791837242,0.02564102564102555,,0.3084534470068695,0.5125,0.8607594936708861,0.4,0.4125,0.2125,0.25625,0.56875,0.5125,,0.50625,0.575,0.4458333333333333,0.39999999999999997,0.359375,0.416875,0.40173611111111107,0.40930555555555553,66.0,monitor,"Proxy score from public NDIA service-area data. It combines benchmark gaps, utilisation friction, unspent committed funding and provider-activity indicators; it is a triage signal, not proof of unmet need.",supply_response_gap is participant growth minus provider growth; it is not a provider caseload measure.,2025,static 2025 ERP denominator from local processed file; quarterly interpolation unavailable without annual series,funded_plan_context_only
2025Q4,2025 Q4,2025-06-30,ndia_service_area,Central Highlands,Central Highlands,VIC,Inner Regional Australia,226453.0,,8249.0,,36.4269848489532,,0.011898920510304167,80000.0,,659920000.0,469935000.0,56968.72348163414,,2075198.8271296914,0.7121090435204267,189985000.0,23031.276518365863,0.73,27.77839830958376,0.7514285432706143,85151.38506175322,62192.49868267691,31.40646420190928,0.7357142727569568,81348.30207161774,57871.566955701484,-8.648586539369447,0.021428543270614286,5151.385061753215,5223.775201042772,-5.020520647043927,0.005714272756956831,1348.3020716177416,902.8434740673474,,,,,,,0.04198678932769262,0.0,,0.2878909564795733,0.5125,0.8734177215189873,0.3875,0.35,0.45625,0.26875,0.5625,0.4875,,0.50625,0.525,0.4395833333333334,0.4437499999999999,0.48124999999999996,0.43499999999999994,0.4548611111111111,0.4449305555555555,57.0,monitor,"Proxy score from public NDIA service-area data. It combines benchmark gaps, utilisation friction, unspent committed funding and provider-activity indicators; it is a triage signal, not proof of unmet need.",supply_response_gap is participant growth minus provider growth; it is not a provider caseload measure.,2025,static 2025 ERP denominator from local processed file; quarterly interpolation unavailable without annual series,funded_plan_context_only
2026Q1,2026 Q1,2025-09-30,ndia_service_area,Central Highlands,Central Highlands,VIC,Inner Regional Australia,226453.0,,8359.0,,36.91273685930414,,0.013334949690871678,80000.0,,668720000.0,479687000.0,57385.692068429234,,2118262.9508109847,0.7173211508553655,189033000.0,22614.307931570762,0.73,28.253214646769933,0.7386029448813405,85151.81887829916,62709.42778038322,32.03344264863498,0.7233427743146025,81102.38055009648,58210.68357447111,-8.659522212534206,0.008602944881340448,5151.818878299164,5323.735711953988,-4.879294210669158,-0.006657225685397492,1102.3805500964809,824.9915060418789,,,,,,,0.020751806100843817,0.0,,0.2826788491446345,0.5125,0.8860759493670886,0.375,0.3375,0.2,0.26875,0.56875,0.5,,0.50625,0.5,0.4458333333333333,0.3458333333333334,0.353125,0.38479166666666664,0.3815972222222223,0.3831944444444445,68.0,monitor,"Proxy score from public NDIA service-area data. It combines benchmark gaps, utilisation friction, unspent committed funding and provider-activity indicators; it is a triage signal, not proof of unmet need.",supply_response_gap is participant growth minus provider growth; it is not a provider caseload measure.,2025,static 2025 ERP denominator from local processed file; quarterly interpolation unavailable without annual series,funded_plan_context_only
2024Q2,2024 Q2,2023-12-31,ndia_service_area,Central North Metro,Central North Metro,WA,Major Cities of Australia,445921.0,6481.0,6481.0,14.533964536319212,14.533964536319212,,,99000.0,44900.0,641619000.0,470609000.0,72613.63987039037,72613.63987039037,1055364.0667293086,0.733471109801923,171010000.0,26386.360129609628,0.76,24.12050932082575,0.774810548394224,79559.82881407744,60116.50993792392,21.54075115403415,0.7958582408716173,80400.51139569166,62712.29290901039,9.586544784506538,0.014810548394223987,-19440.17118592256,-12497.12993246645,7.006786617714939,0.03585824087161725,-18599.48860430834,-9901.346961379975,629.0,1415.0,10.303656597774244,10.303656597774244,97.05292393149205,,,,,0.266528890198077,0.4625,0.0379746835443038,0.925,0.825,0.78125,0.9,0.25625,0.225,0.1625,0.50625,0.4875,0.4604166666666667,0.6979166666666666,0.48333333333333334,0.67875,0.5472222222222222,0.612986111111111,13.0,business opportunity: high demand friction,"Proxy score from public NDIA service-area data. It combines benchmark gaps, utilisation friction, unspent committed funding and provider-activity indicators; it is a triage signal, not proof of unmet need.",supply_response_gap is participant growth minus provider growth; it is not a provider caseload measure.,2025,static 2025 ERP denominator from local processed file; quarterly interpolation unavailable without annual series,derived_from_local_curated_source
2024Q3,2024 Q3,2024-03-31,ndia_service_area,Central North Metro,Central North Metro,WA,Major Cities of Australia,445921.0,6685.0,6685.0,14.99144467293534,14.99144467293534,0.03147662397778128,0.03147662397778128,101000.0,45000.0,675185000.0,491369000.0,73503.21615557218,73503.21615557218,1101919.3982790674,0.7277546154017047,183816000.0,27496.783844427824,0.75,24.68676284471637,0.7773084731227313,81027.36890354347,60498.99233345409,22.15635799622129,0.7987044245491112,81921.83021338335,63196.969696969696,9.695318171781024,0.027308473122731273,-19972.631096456535,-13004.223822118096,7.164913323285951,0.04870442454911114,-19078.16978661665,-10306.246458602487,,,,,,,0.04411305351151373,0.02020202020202011,,0.2722453845982953,0.44871794871794873,0.03896103896103896,0.9358974358974359,0.85,0.84375,0.9125,0.2625,0.23125,,0.50625,0.5375,0.46875,0.74375,0.675,0.7306730769230769,0.6291666666666667,0.6799198717948718,6.0,provider opportunity: under-serviced,"Proxy score from public NDIA service-area data. It combines benchmark gaps, utilisation friction, unspent committed funding and provider-activity indicators; it is a triage signal, not proof of unmet need.",supply_response_gap is participant growth minus provider growth; it is not a provider caseload measure.,2025,static 2025 ERP denominator from local processed file; quarterly interpolation unavailable without annual series,derived_from_local_curated_source
2024Q4,2024 Q4,2024-06-30,ndia_service_area,Central North Metro,Central North Metro,WA,Major Cities of Australia,445921.0,6772.0,6772.0,15.186546495903983,15.186546495903984,0.013014210919970015,0.013014210919970015,101000.0,45300.0,683972000.0,500265000.0,73872.56349675133,73872.56349675133,1121869.1203150332,0.7314115197698151,183707000.0,27127.43650324867,0.75,25.27144981343164,0.7784608418203379,82439.3926044259,61164.480098449734,22.563669931499856,0.7973695351274968,83207.46100966579,63732.73450666296,10.084903317527656,0.02846084182033792,-18560.6073955741,-12708.083398301598,7.377123435595873,0.04736953512749679,-17792.538990334215,-10139.828990088376,,,,,,,0.018104520228178878,0.0,,0.2685884802301849,0.4625,0.0379746835443038,0.925,0.775,0.85625,0.9,0.25625,0.225,,0.50625,0.4625,0.4604166666666667,0.6979166666666666,0.6812499999999999,0.7083333333333333,0.6131944444444444,0.6607638888888888,9.0,provider opportunity: under-serviced,"Proxy score from public NDIA service-area data. It combines benchmark gaps, utilisation friction, unspent committed funding and provider-activity indicators; it is a triage signal, not proof of unmet need.",supply_response_gap is participant growth minus provider growth; it is not a provider caseload measure.,2025,static 2025 ERP denominator from local processed file; quarterly interpolation unavailable without annual series,derived_from_local_curated_source
2025Q1,2025 Q1,2024-09-30,ndia_service_area,Central North Metro,Central North Metro,WA,Major Cities of Australia,445921.0,6992.0,6992.0,15.679907427548827,15.679907427548828,0.03248670998227987,0.03248670998227987,102000.0,44700.0,713184000.0,512995000.0,73368.85011441648,73368.85011441648,1150416.7778597556,0.7193024521021223,200189000.0,28631.149885583523,0.74,26.153554026565185,0.7601002932313932,82459.7494204458,60716.14056683959,23.368427888963133,0.777901017449582,83196.99210700695,63287.15620185708,10.47364659901636,0.02010029323139321,-19540.250579554195,-12652.709547576887,7.688520461414306,0.03790101744958193,-18803.007892993046,-10081.6939125594,,,,,,,0.02544651334792558,0.00990099009900991,,0.2806975478978777,0.4625,0.0379746835443038,0.9125,0.8125,0.7875,0.9,0.25,0.225,,0.50625,0.525,0.4583333333333333,0.7083333333333334,0.646875,0.7085416666666667,0.6045138888888889,0.6565277777777778,9.0,business opportunity: high demand friction,"Proxy score from public NDIA service-area data. It combines benchmark gaps, utilisation friction, unspent committed funding and provider-activity indicators; it is a triage signal, not proof of unmet need.",supply_response_gap is participant growth minus provider growth; it is not a provider caseload measure.,2025,static 2025 ERP denominator from local processed file; quarterly interpolation unavailable without annual series,derived_from_local_curated_source
2025Q2,2025 Q2,2024-12-31,ndia_service_area,Central North Metro,Central North Metro,WA,Major Cities of Australia,445921.0,7183.0,7183.0,16.10823441820412,16.10823441820412,0.027316933638444008,0.027316933638444008,100000.0,43900.0,718300000.0,518164000.0,72137.54698593903,72137.54698593903,1162008.51720372,0.7213754698593903,200136000.0,27862.45301406098,0.74,26.957763247112997,0.7465297732931997,82492.94748629373,60067.7940397898,24.112356938543137,0.7670216640247125,83199.73444972835,62621.1139562926,10.849528828908872,0.006529773293199668,-17507.052513706265,-12069.75294614923,8.004122520339017,0.027021664024712493,-16800.26555027165,-9516.433029646432,,,,,,,0.010076121599625676,-0.019607843137254943,,0.2786245301406097,0.4625,0.0379746835443038,0.9125,0.75,0.7625,0.8875,0.24375,0.21875,,0.50625,0.3875,0.44999999999999996,0.6333333333333333,0.6343749999999999,0.6785416666666666,0.5725694444444444,0.6255555555555554,16.0,business opportunity: high demand friction,"Proxy score from public NDIA service-area data. It combines benchmark gaps, utilisation friction, unspent committed funding and provider-activity indicators; it is a triage signal, not proof of unmet need.",supply_response_gap is participant growth minus provider growth; it is not a provider caseload measure.,2025,static 2025 ERP denominator from local processed file; quarterly interpolation unavailable without annual series,derived_from_local_curated_source
2025Q3,2025 Q3,2025-03-31,ndia_service_area,Central North Metro,Central North Metro,WA,Major Cities of Australia,445921.0,,7315.0,,16.40425097719103,,0.018376722817764257,102000.0,,746130000.0,530644000.0,72541.9002050581,,1189995.5373261182,0.7111951000495892,215486000.0,29458.0997949419,0.74,27.40732028960876,0.7506086859240299,84432.45028614352,60802.47507148593,24.50313856910154,0.7729322500306646,85141.60084900781,63507.002181182106,11.003069312417733,0.010608685924029828,-17567.549713856482,-11739.425133572171,8.098887591910511,0.03293225003066454,-16858.39915099219,-9034.898023875998,,,,,,,0.024085038713612006,0.020000000000000018,,0.2888048999504108,0.4625,0.0379746835443038,0.925,0.7625,0.78125,0.9,0.25625,0.225,,0.50625,0.4,0.4604166666666667,0.6479166666666667,0.64375,0.6883333333333335,0.5840277777777778,0.6361805555555556,11.0,business opportunity: high demand friction,"Proxy score from public NDIA service-area data. It combines benchmark gaps, utilisation friction, unspent committed funding and provider-activity indicators; it is a triage signal, not proof of unmet need.",supply_response_gap is participant growth minus provider growth; it is not a provider caseload measure.,2025,static 2025 ERP denominator from local processed file; quarterly interpolation unavailable without annual series,funded_plan_context_only
2025Q4,2025 Q4,2025-06-30,ndia_service_area,Central North Metro,Central North Metro,WA,Major Cities of Australia,445921.0,,7430.0,,16.66214419145992,,0.015721120984278913,102000.0,,757860000.0,545031000.0,73355.45087483176,,1222259.0997060018,0.7191710870081546,212829000.0,28644.549125168236,0.74,27.77839830958376,0.7514285432706143,85151.38506175322,62192.49868267691,24.83518208130649,0.7733698580403464,85996.54571858524,64997.01926820798,11.116254118123836,0.011428543270614284,-16848.614938246785,-11162.952192154851,8.173037889846572,0.0333698580403464,-16003.454281414757,-8358.43160662378,,,,,,,0.02711233896925247,0.0,,0.2808289129918454,0.4625,0.0379746835443038,0.925,0.775,0.76875,0.9,0.25,0.21875,,0.50625,0.425,0.45625,0.6562500000000001,0.6375,0.69125,0.5833333333333334,0.6372916666666667,12.0,business opportunity: high demand friction,"Proxy score from public NDIA service-area data. It combines benchmark gaps, utilisation friction, unspent committed funding and provider-activity indicators; it is a triage signal, not proof of unmet need.",supply_response_gap is participant growth minus provider growth; it is not a provider caseload measure.,2025,static 2025 ERP denominator from local processed file; quarterly interpolation unavailable without annual series,funded_plan_context_only
2026Q1,2026 Q1,2025-09-30,ndia_service_area,Central North Metro,Central North Metro,WA,Major Cities of Australia,445921.0,,7569.0,,16.973858598271892,,0.018707940780619214,102000.0,,772038000.0,557808000.0,73696.39318271898,,1250912.1570861207,0.7225136586541077,214230000.0,28303.606817281016,0.73,28.253214646769933,0.7386029448813405,85151.81887829916,62709.42778038322,25.249615768421013,0.7599765041363589,86109.56887160339,65613.772509322,11.27935604849804,0.008602944881340448,-16848.181121700836,-10986.965402335758,8.27575717014912,0.029976504136358814,-15890.431128396609,-8082.620673396974,,,,,,,0.02344270325908071,0.0,,0.27748634134589234,0.4625,0.0379746835443038,0.925,0.75,0.7375,0.9,0.24375,0.21875,,0.50625,0.4875,0.45416666666666666,0.6583333333333333,0.621875,0.6835416666666667,0.578125,0.6308333333333334,14.0,business opportunity: high demand friction,"Proxy score from public NDIA service-area data. It combines benchmark gaps, utilisation friction, unspent committed funding and provider-activity indicators; it is a triage signal, not proof of unmet need.",supply_response_gap is participant growth minus provider growth; it is not a provider caseload measure.,2025,static 2025 ERP denominator from local processed file; quarterly interpolation unavailable without annual series,funded_plan_context_only
2024Q2,2024 Q2,2023-12-31,ndia_service_area,Central South Metro,Central South Metro,WA,Major Cities of Australia,407579.0,7101.0,7101.0,17.422389279133615,17.422389279133615,,,84000.0,36000.0,596484000.0,427812000.0,60246.72581326574,60246.72581326574,1049641.9099119434,0.7172229263484017,168672000.0,23753.274186734263,0.74,24.12050932082575,0.774810548394224,79559.82881407744,60116.50993792392,21.54075115403415,0.7958582408716173,80400.51139569166,62712.29290901039,6.698120041692135,0.034810548394223984,-4440.171185922562,-130.2158753418189,4.118361874900536,0.055858240871617254,-3599.488604308339,2465.5670957446564,635.0,1440.0,11.182677165354331,11.182677165354331,89.42402478524151,,,,,0.2827770736515983,0.525,0.11392405063291139,0.6125,0.6625,0.8625,0.7625,0.25625,0.55,0.1875,0.50625,0.625,0.5229166666666666,0.7166666666666667,0.5187499999999999,0.6070833333333334,0.5861111111111111,0.5965972222222222,18.0,monitor,"Proxy score from public NDIA service-area data. It combines benchmark gaps, utilisation friction, unspent committed funding and provider-activity indicators; it is a triage signal, not proof of unmet need.",supply_response_gap is participant growth minus provider growth; it is not a provider caseload measure.,2025,static 2025 ERP denominator from local processed file; quarterly interpolation unavailable without annual series,derived_from_local_curated_source
2024Q3,2024 Q3,2024-03-31,ndia_service_area,Central South Metro,Central South Metro,WA,Major Cities of Australia,407579.0,7386.0,7386.0,18.121640221895632,18.121640221895632,0.040135192226447014,0.040135192226447014,85000.0,35900.0,627810000.0,442513000.0,59912.40184132142,59912.40184132142,1085710.9909980644,0.7048517863684873,185297000.0,25087.598158678582,0.75,24.68676284471637,0.7773084731227313,81027.36890354347,60498.99233345409,22.15635799622129,0.7987044245491112,81921.83021338335,63196.969696969696,6.565122622820734,0.027308473122731273,-3972.6310964565346,586.5904921326655,4.03471777432566,0.04870442454911114,-3078.1697866166505,3284.5678556482744,,,,,,,0.03436322496797661,0.011904761904761862,,0.29514821363151267,0.5128205128205128,0.11688311688311688,0.5897435897435898,0.7,0.84375,0.775,0.2625,0.5875,,0.50625,0.65,0.5416666666666666,0.7312500000000001,0.675,0.6417628205128206,0.6493055555555556,0.645534188034188,12.0,provider opportunity: under-serviced,"Proxy score from public NDIA service-area data. It combines benchmark gaps, utilisation friction, unspent committed funding and provider-activity indicators; it is a triage signal, not proof of unmet need.",supply_response_gap is participant growth minus provider growth; it is not a provider caseload measure.,2025,static 2025 ERP denominator from local processed file; quarterly interpolation unavailable without annual series,derived_from_local_curated_source
2024Q4,2024 Q4,2024-06-30,ndia_service_area,Central South Metro,Central South Metro,WA,Major Cities of Australia,407579.0,7574.0,7574.0,18.582900492910575,18.58290049291057,0.02545356079068517,0.02545356079068517,86000.0,35900.0,651364000.0,454614000.0,60022.973329812514,60022.973329812514,1115400.9406765315,0.6979415503466572,196750000.0,25977.026670187483,0.75,25.27144981343164,0.7784608418203379,82439.3926044259,61164.480098449734,22.563669931499856,0.7973695351274968,83207.46100966579,63732.73450666296,6.688549320521062,0.02846084182033792,-3560.6073955741012,1141.5067686372204,3.980769438589281,0.04736953512749679,-2792.5389903342148,3709.761176850443,,,,,,,0.02734608926743398,0.0117647058823529,,0.30205844965334283,0.525,0.11392405063291139,0.5375,0.725,0.85625,0.7625,0.25625,0.6,,0.50625,0.65,0.5395833333333333,0.7437499999999999,0.6812499999999999,0.6425,0.654861111111111,0.6486805555555555,10.0,provider opportunity: under-serviced,"Proxy score from public NDIA service-area data. It combines benchmark gaps, utilisation friction, unspent committed funding and provider-activity indicators; it is a triage signal, not proof of unmet need.",supply_response_gap is participant growth minus provider growth; it is not a provider caseload measure.,2025,static 2025 ERP denominator from local processed file; quarterly interpolation unavailable without annual series,derived_from_local_curated_source
2025Q1,2025 Q1,2024-09-30,ndia_service_area,Central South Metro,Central South Metro,WA,Major Cities of Australia,407579.0,7877.0,7877.0,19.326314653110195,19.326314653110195,0.04000528122524427,0.04000528122524427,85000.0,35700.0,669545000.0,469937000.0,59659.38809191316,59659.38809191316,1152996.1062763294,0.7018751540225078,199608000.0,25340.611908086834,0.73,26.153554026565185,0.7601002932313932,82459.7494204458,60716.14056683959,23.368427888963133,0.777901017449582,83196.99210700695,63287.15620185708,6.82723937345499,0.03010029323139321,-2540.2505795541947,1056.7524749264267,4.042113235852938,0.04790101744958193,-1803.007892993046,3627.768109943914,,,,,,,0.033705517208004965,-0.011627906976744207,,0.2981248459774922,0.525,0.11392405063291139,0.525,0.65,0.875,0.7625,0.25,0.625,,0.50625,0.6125,0.5458333333333333,0.7125,0.690625,0.620625,0.6496527777777777,0.6351388888888889,12.0,provider opportunity: under-serviced,"Proxy score from public NDIA service-area data. It combines benchmark gaps, utilisation friction, unspent committed funding and provider-activity indicators; it is a triage signal, not proof of unmet need.",supply_response_gap is participant growth minus provider growth; it is not a provider caseload measure.,2025,static 2025 ERP denominator from local processed file; quarterly interpolation unavailable without annual series,derived_from_local_curated_source
2025Q2,2025 Q2,2024-12-31,ndia_service_area,Central South Metro,Central South Metro,WA,Major Cities of Australia,407579.0,8124.0,8124.0,19.932332136837275,19.932332136837275,0.031357115653167345,0.031357115653167345,85000.0,35100.0,690540000.0,477771000.0,58809.82274741507,58809.82274741507,1172216.919910005,0.6918802676166479,212769000.0,26190.177252584934,0.72,26.957763247112997,0.7465297732931997,82492.94748629373,60067.7940397898,24.112356938543137,0.7670216640247125,83199.73444972835,62621.1139562926,7.025431110275719,0.02652977329319967,-2507.052513706265,1257.9712923747284,4.180024801705862,0.047021664024712494,-1800.2655502716516,3811.2912088775265,,,,,,,0.01667031963858978,0.0,,0.3081197323833521,0.525,0.11392405063291139,0.5125,0.65,0.8625,0.75,0.24375,0.6375,,0.50625,0.6125,0.5437500000000001,0.7083333333333334,0.684375,0.6160416666666667,0.6454861111111111,0.6307638888888889,13.0,provider opportunity: under-serviced,"Proxy score from public NDIA service-area data. It combines benchmark gaps, utilisation friction, unspent committed funding and provider-activity indicators; it is a triage signal, not proof of unmet need.",supply_response_gap is participant growth minus provider growth; it is not a provider caseload measure.,2025,static 2025 ERP denominator from local processed file; quarterly interpolation unavailable without annual series,derived_from_local_curated_source
2025Q3,2025 Q3,2025-03-31,ndia_service_area,Central South Metro,Central South Metro,WA,Major Cities of Australia,407579.0,,8326.0,,20.427941576970355,,0.024864598719842368,87000.0,,724362000.0,487704000.0,58576.02690367524,,1196587.6553993213,0.6732876655594855,236658000.0,28423.973096324768,0.72,27.40732028960876,0.7506086859240299,84432.45028614352,60802.47507148593,24.50313856910154,0.7729322500306646,85141.60084900781,63507.002181182106,6.979378712638408,0.03060868592402983,-2567.5497138564824,2226.4481678106895,4.075196992131186,0.052932250030664534,-1858.3991509921907,4930.975277506863,,,,,,,0.020790294932090836,0.0235294117647058,,0.3267123344405145,0.525,0.11392405063291139,0.5,0.675,0.8875,0.75,0.25625,0.6625,,0.50625,0.6625,0.55625,0.7416666666666667,0.6968749999999999,0.6277083333333333,0.6649305555555555,0.6463194444444444,10.0,provider opportunity: under-serviced,"Proxy score from public NDIA service-area data. It combines benchmark gaps, utilisation friction, unspent committed funding and provider-activity indicators; it is a triage signal, not proof of unmet need.",supply_response_gap is participant growth minus provider growth; it is not a provider caseload measure.,2025,static 2025 ERP denominator from local processed file; quarterly interpolation unavailable without annual series,funded_plan_context_only
2025Q4,2025 Q4,2025-06-30,ndia_service_area,Central South Metro,Central South Metro,WA,Major Cities of Australia,407579.0,,8478.0,,20.8008754131101,,0.01825606533749702,87000.0,,737586000.0,510708000.0,60239.20736022647,,1253028.2472845754,0.6924046823014537,226878000.0,26760.792639773532,0.72,27.77839830958376,0.7514285432706143,85151.38506175322,62192.49868267691,24.83518208130649,0.7733698580403464,85996.54571858524,64997.01926820798,6.977522896473658,0.031428543270614284,-1848.6149382467847,1953.2913224504373,4.034306668196393,0.0533698580403464,-1003.4542814147571,4757.811907981508,,,,,,,0.04716795433295595,0.0,,0.3075953176985463,0.525,0.11392405063291139,0.5125,0.6625,0.8875,0.7625,0.25,0.6625,,0.50625,0.6375,0.5583333333333332,0.7291666666666666,0.6968749999999999,0.6252083333333334,0.6614583333333333,0.6433333333333333,11.0,provider opportunity: under-serviced,"Proxy score from public NDIA service-area data. It combines benchmark gaps, utilisation friction, unspent committed funding and provider-activity indicators; it is a triage signal, not proof of unmet need.",supply_response_gap is participant growth minus provider growth; it is not a provider caseload measure.,2025,static 2025 ERP denominator from local processed file; quarterly interpolation unavailable without annual series,funded_plan_context_only
2026Q1,2026 Q1,2025-09-30,ndia_service_area,Central South Metro,Central South Metro,WA,Major Cities of Australia,407579.0,,8712.0,,21.37499723979891,,0.027600849256900206,87000.0,,757944000.0,530255000.0,60864.89898989899,,1300987.0479097303,0.6995965401137815,227689000.0,26135.10101010101,0.7,28.253214646769933,0.7386029448813405,85151.81887829916,62709.42778038322,25.249615768421013,0.7599765041363589,86109.56887160339,65613.772509322,6.878217406971025,0.038602944881340445,-1848.1811217008362,1844.5287904842335,3.874618528622104,0.05997650413635881,-890.431128396609,4748.873519423018,,,,,,,0.03827431722236585,0.0,,0.3004034598862185,0.5375,0.11392405063291139,0.5125,0.65,0.925,0.7625,0.24375,0.6625,,0.50625,0.6125,0.5562499999999999,0.7291666666666666,0.715625,0.6289583333333332,0.6670138888888889,0.647986111111111,10.0,provider opportunity: under-serviced,"Proxy score from public NDIA service-area data. It combines benchmark gaps, utilisation friction, unspent committed funding and provider-activity indicators; it is a triage signal, not proof of unmet need.",supply_response_gap is participant growth minus provider growth; it is not a provider caseload measure.,2025,static 2025 ERP denominator from local processed file; quarterly interpolation unavailable without annual series,funded_plan_context_only
2024Q2,2024 Q2,2023-12-31,ndia_service_area,Darwin Remote,Darwin Remote,NT,Very Remote Australia,24823.0,524.0,524.0,21.109454940982154,21.109454940982157,,,77000.0,55200.0,40348000.0,18336000.0,34992.36641221374,34992.36641221374,738669.7820569633,0.4544463170417369,22012000.0,42007.63358778626,0.62,24.12050932082575,0.774810548394224,79559.82881407744,60116.50993792392,26.179182279595977,0.7299395777967206,87236.47395075967,60770.62127062127,3.0110543798435963,0.154810548394224,2559.8288140774384,25124.143525710177,5.069727338613824,0.10993957779672059,10236.473950759668,25778.254858407527,67.0,158.0,7.82089552238806,7.82089552238806,127.86259541984732,,,,,0.5455536829582631,0.05,0.26582278481012656,0.025,0.95,0.9625,0.8125,0.85,1.0,0.0875,0.50625,0.9875,0.8875000000000001,0.9666666666666668,0.5187499999999999,0.5020833333333334,0.7909722222222223,0.6465277777777778,5.0,advocacy: funding or access gap,"Proxy score from public NDIA service-area data. It combines benchmark gaps, utilisation friction, unspent committed funding and provider-activity indicators; it is a triage signal, not proof of unmet need.",supply_response_gap is participant growth minus provider growth; it is not a provider caseload measure.,2025,static 2025 ERP denominator from local processed file; quarterly interpolation unavailable without annual series,derived_from_local_curated_source
2024Q3,2024 Q3,2024-03-31,ndia_service_area,Darwin Remote,Darwin Remote,NT,Very Remote Australia,24823.0,539.0,539.0,21.713733231277445,21.713733231277445,0.028625954198473247,0.028625954198473247,80000.0,56100.0,43120000.0,20609000.0,38235.62152133581,38235.62152133581,830238.0856463764,0.4779452690166976,22511000.0,41764.37847866419,0.65,24.68676284471637,0.7773084731227313,81027.36890354347,60498.99233345409,26.741674362372237,0.7287384335959551,89029.82107355865,61786.02459318165,2.9730296134389214,0.12730847312273127,1027.3689035434654,22263.37081211828,5.027941131094789,0.0787384335959551,9029.821073558647,23550.403071845845,,,,,,,0.12396378708551481,0.03896103896103886,,0.5220547309833024,0.038461538461538464,0.24675324675324675,0.02564102564102564,0.9375,0.95625,0.825,0.8375,0.9875,,0.50625,0.9875,0.8833333333333334,0.9604166666666667,0.73125,0.5386538461538461,0.8583333333333334,0.6984935897435898,3.0,under-funded and under-serviced,"Proxy score from public NDIA service-area data. It combines benchmark gaps, utilisation friction, unspent committed funding and provider-activity indicators; it is a triage signal, not proof of unmet need.",supply_response_gap is participant growth minus provider growth; it is not a provider caseload measure.,2025,static 2025 ERP denominator from local processed file; quarterly interpolation unavailable without annual series,derived_from_local_curated_source
2024Q4,2024 Q4,2024-06-30,ndia_service_area,Darwin Remote,Darwin Remote,NT,Very Remote Australia,24823.0,565.0,565.0,22.76114893445595,22.76114893445595,0.04823747680890533,0.04823747680890533,81000.0,56600.0,45765000.0,21571000.0,38178.761061946905,38178.761061946905,868992.466663981,0.4713427291598383,24194000.0,42821.238938053095,0.63,25.27144981343164,0.7784608418203379,82439.3926044259,61164.480098449734,27.315980747937253,0.7307607285309241,91044.45191984238,62759.91157672161,2.510300878975688,0.14846084182033792,1439.3926044258988,22985.71903650283,4.554831813481304,0.10076072853092413,10044.45191984238,24581.15051477471,,,,,,,0.04667863554757634,0.012499999999999956,,0.5286572708401617,0.05,0.27848101265822783,0.025,0.9375,0.975,0.775,0.83125,0.9875,,0.50625,0.975,0.8645833333333334,0.9625,0.740625,0.5431250000000001,0.8559027777777778,0.699513888888889,2.0,under-funded and under-serviced,"Proxy score from public NDIA service-area data. It combines benchmark gaps, utilisation friction, unspent committed funding and provider-activity indicators; it is a triage signal, not proof of unmet need.",supply_response_gap is participant growth minus provider growth; it is not a provider caseload measure.,2025,static 2025 ERP denominator from local processed file; quarterly interpolation unavailable without annual series,derived_from_local_curated_source
2025Q1,2025 Q1,2024-09-30,ndia_service_area,Darwin Remote,Darwin Remote,NT,Very Remote Australia,24823.0,575.0,575.0,23.164001127986143,23.164001127986143,0.017699115044247815,0.017699115044247815,88000.0,58600.0,50600000.0,22309000.0,38798.260869565216,38798.260869565216,898722.9585465093,0.4408893280632411,28291000.0,49201.739130434784,0.58,26.153554026565185,0.7601002932313932,82459.7494204458,60716.14056683959,28.08981758060144,0.7175297333925275,91778.55924480688,62539.22003878777,2.989552898579042,0.1801002932313932,-5540.250579554195,21917.879697274373,4.925816452615297,0.13752973339252747,3778.5592448068783,23740.95916922255,,,,,,,0.03421260025033601,0.08641975308641969,,0.5591106719367589,0.05,0.26582278481012656,0.025,0.9625,0.975,0.7875,0.6625,0.9875,,0.50625,0.9875,0.8125,0.975,0.740625,0.5506249999999999,0.8427083333333334,0.6966666666666667,2.0,under-funded and under-serviced,"Proxy score from public NDIA service-area data. It combines benchmark gaps, utilisation friction, unspent committed funding and provider-activity indicators; it is a triage signal, not proof of unmet need.",supply_response_gap is participant growth minus provider growth; it is not a provider caseload measure.,2025,static 2025 ERP denominator from local processed file; quarterly interpolation unavailable without annual series,derived_from_local_curated_source
2025Q2,2025 Q2,2024-12-31,ndia_service_area,Darwin Remote,Darwin Remote,NT,Very Remote Australia,24823.0,596.0,596.0,24.00999073439955,24.00999073439955,0.03652173913043488,0.03652173913043488,89000.0,58200.0,53044000.0,23031000.0,38642.61744966443,38642.61744966443,927808.8869193892,0.4341867129175779,30013000.0,50357.38255033557,0.56,26.957763247112997,0.7465297732931997,82492.94748629373,60067.7940397898,28.799988448237272,0.6997169488821533,91472.6178809909,62312.67804644591,2.947772512713442,0.18652977329319967,-6507.052513706265,21425.176590125368,4.789997713837721,0.13971694888215325,2472.6178809909034,23670.060596781477,,,,,,,0.032363620063651455,0.011363636363636465,,0.5658132870824222,0.05,0.26582278481012656,0.0375,0.975,0.9875,0.775,0.625,0.9875,,0.50625,0.9875,0.7958333333333334,0.9833333333333334,0.746875,0.5585416666666666,0.842013888888889,0.7002777777777778,2.0,under-funded and under-serviced,"Proxy score from public NDIA service-area data. It combines benchmark gaps, utilisation friction, unspent committed funding and provider-activity indicators; it is a triage signal, not proof of unmet need.",supply_response_gap is participant growth minus provider growth; it is not a provider caseload measure.,2025,static 2025 ERP denominator from local processed file; quarterly interpolation unavailable without annual series,derived_from_local_curated_source
2025Q3,2025 Q3,2025-03-31,ndia_service_area,Darwin Remote,Darwin Remote,NT,Very Remote Australia,24823.0,,609.0,,24.5336985859888,,0.02181208053691286,93000.0,,56637000.0,24139000.0,39637.11001642036,,972444.9099625348,0.4262054840475308,32498000.0,53362.88998357964,0.54,27.40732028960876,0.7506086859240299,84432.45028614352,60802.47507148593,29.255495455759704,0.6998867027124044,93888.60969645302,63068.60655553811,2.8736217036199605,0.21060868592402981,-8567.549713856482,21165.365055065573,4.721796869770902,0.15988670271240435,888.6096964530152,23431.496539117747,,,,,,,0.0481090703833964,0.04494382022471921,,0.5737945159524692,0.05,0.26582278481012656,0.0375,0.9625,1.0,0.775,0.55,0.9875,,0.50625,0.975,0.7708333333333334,0.9791666666666666,0.753125,0.5564583333333333,0.834375,0.6954166666666666,2.0,under-funded and under-serviced,"Proxy score from public NDIA service-area data. It combines benchmark gaps, utilisation friction, unspent committed funding and provider-activity indicators; it is a triage signal, not proof of unmet need.",supply_response_gap is participant growth minus provider growth; it is not a provider caseload measure.,2025,static 2025 ERP denominator from local processed file; quarterly interpolation unavailable without annual series,funded_plan_context_only
2025Q4,2025 Q4,2025-06-30,ndia_service_area,Darwin Remote,Darwin Remote,NT,Very Remote Australia,24823.0,,651.0,,26.22567779881561,,0.06896551724137923,93000.0,,60543000.0,26021000.0,39970.81413210445,,1048261.6927849172,0.4297937003452092,34522000.0,53029.18586789555,0.52,27.77839830958376,0.7514285432706143,85151.38506175322,62192.49868267691,29.615831690817068,0.7017884845529896,94950.29032401046,64775.29808075883,1.5527205107681432,0.2314285432706143,-7848.614938246785,22221.684550572456,3.390153892001454,0.18178848455298963,1950.2903240104642,24804.48394865438,,,,,,,0.07796511868760092,0.0,,0.5702062996547907,0.05,0.3670886075949367,0.0375,0.9625,1.0,0.725,0.5875,0.9875,,0.50625,0.975,0.7666666666666666,0.9791666666666666,0.753125,0.5564583333333333,0.8329861111111111,0.6947222222222222,2.0,under-funded and under-serviced,"Proxy score from public NDIA service-area data. It combines benchmark gaps, utilisation friction, unspent committed funding and provider-activity indicators; it is a triage signal, not proof of unmet need.",supply_response_gap is participant growth minus provider growth; it is not a provider caseload measure.,2025,static 2025 ERP denominator from local processed file; quarterly interpolation unavailable without annual series,funded_plan_context_only
2026Q1,2026 Q1,2025-09-30,ndia_service_area,Darwin Remote,Darwin Remote,NT,Very Remote Australia,24823.0,,649.0,,26.145107360109574,,-0.003072196620583667,88000.0,,57112000.0,26292000.0,40511.5562403698,,1059178.9872295856,0.4603585936405659,30820000.0,47488.4437596302,0.52,28.253214646769933,0.7386029448813405,85151.81887829916,62709.42778038322,29.935474216268688,0.6915735929312197,94840.2069766932,65463.76811594203,2.10810728666036,0.21860294488134044,-2848.1811217008362,22197.871540013424,3.790366856159114,0.1715735929312197,6840.206976693196,24952.211875572233,,,,,,,0.010414665078205987,-0.053763440860215006,,0.5396414063594341,0.05,0.3291139240506329,0.0375,0.95,1.0,0.75,0.78125,0.9875,,0.50625,0.975,0.8395833333333332,0.975,0.753125,0.553125,0.8559027777777777,0.7045138888888889,2.0,under-funded and under-serviced,"Proxy score from public NDIA service-area data. It combines benchmark gaps, utilisation friction, unspent committed funding and provider-activity indicators; it is a triage signal, not proof of unmet need.",supply_response_gap is participant growth minus provider growth; it is not a provider caseload measure.,2025,static 2025 ERP denominator from local processed file; quarterly interpolation unavailable without annual series,funded_plan_context_only
2024Q2,2024 Q2,2023-12-31,ndia_service_area,Darwin Urban,Darwin Urban,NT,Outer Regional Australia,160196.0,3516.0,3516.0,21.94811356088791,21.94811356088791,,,112000.0,30100.0,393792000.0,304971000.0,86738.05460750853,86738.05460750853,1903736.6725760943,0.774446916138469,88821000.0,25261.945392491467,0.79,24.12050932082575,0.774810548394224,79559.82881407744,60116.50993792392,29.44748036263278,0.7485395550523876,79779.69432547608,58182.44347371007,2.1723957599378387,-0.015189451605776014,-32440.17118592256,-26621.54466958461,7.49936680174487,-0.04146044494761242,-32220.305674523916,-28555.611133798462,266.0,897.0,13.218045112781954,13.218045112781954,75.65415244596133,,,,,0.22555308386153095,0.3,0.31645569620253167,0.975,0.7625,0.1875,0.925,0.25625,0.225,0.4125,0.50625,0.15,0.46875,0.36666666666666664,0.36874999999999997,0.5545833333333332,0.40138888888888885,0.477986111111111,46.0,monitor,"Proxy score from public NDIA service-area data. It combines benchmark gaps, utilisation friction, unspent committed funding and provider-activity indicators; it is a triage signal, not proof of unmet need.",supply_response_gap is participant growth minus provider growth; it is not a provider caseload measure.,2025,static 2025 ERP denominator from local processed file; quarterly interpolation unavailable without annual series,derived_from_local_curated_source
2024Q3,2024 Q3,2024-03-31,ndia_service_area,Darwin Urban,Darwin Urban,NT,Outer Regional Australia,160196.0,3570.0,3570.0,22.285200629229195,22.285200629229195,0.015358361774743923,0.015358361774743923,115000.0,31400.0,410550000.0,313695000.0,87869.74789915966,87869.74789915966,1958194.9611725635,0.7640847643405189,96855000.0,27130.252100840335,0.79,24.68676284471637,0.7773084731227313,81027.36890354347,60498.99233345409,29.18486251877246,0.751550423518762,80452.36760997478,58049.56139405565,2.4015622154871714,-0.012691526877268728,-33972.631096456535,-27370.75556570557,6.899661889543264,-0.03844957648123796,-34547.63239002522,-29820.186505104008,,,,,,,0.028605998603145943,0.02678571428571419,,0.23591523565948114,0.28205128205128205,0.2727272727272727,0.9743589743589743,0.825,0.20625,0.9,0.2625,0.23125,,0.50625,0.2125,0.46458333333333335,0.4145833333333333,0.35624999999999996,0.5704487179487179,0.41180555555555554,0.4911271367521367,43.0,monitor,"Proxy score from public NDIA service-area data. It combines benchmark gaps, utilisation friction, unspent committed funding and provider-activity indicators; it is a triage signal, not proof of unmet need.",supply_response_gap is participant growth minus provider growth; it is not a provider caseload measure.,2025,static 2025 ERP denominator from local processed file; quarterly interpolation unavailable without annual series,derived_from_local_curated_source
2024Q4,2024 Q4,2024-06-30,ndia_service_area,Darwin Urban,Darwin Urban,NT,Outer Regional Australia,160196.0,3590.0,3590.0,22.41004769157782,22.41004769157782,0.0056022408963585235,0.0056022408963585235,118000.0,33000.0,423620000.0,322055000.0,89708.91364902507,89708.91364902507,2010381.033234288,0.7602450309239412,101565000.0,28291.08635097493,0.79,25.27144981343164,0.7784608418203379,82439.3926044259,61164.480098449734,30.608345586211776,0.7572561652281135,82644.4615700781,59375.719276613236,2.8614021218538177,-0.01153915817966208,-35560.6073955741,-28544.433550575333,8.198297894633956,-0.0327438347718865,-35355.5384299219,-30333.194372411832,,,,,,,0.02665009005562724,0.026086956521739202,,0.23975496907605875,0.3,0.25316455696202533,0.975,0.8375,0.2125,0.925,0.25625,0.225,,0.50625,0.175,0.46875,0.4083333333333334,0.359375,0.5760416666666667,0.4121527777777778,0.49409722222222224,38.0,monitor,"Proxy score from public NDIA service-area data. It combines benchmark gaps, utilisation friction, unspent committed funding and provider-activity indicators; it is a triage signal, not proof of unmet need.",supply_response_gap is participant growth minus provider growth; it is not a provider caseload measure.,2025,static 2025 ERP denominator from local processed file; quarterly interpolation unavailable without annual series,derived_from_local_curated_source
2025Q1,2025 Q1,2024-09-30,ndia_service_area,Darwin Urban,Darwin Urban,NT,Outer Regional Australia,160196.0,3701.0,3701.0,23.102948887612676,23.10294888761268,0.03091922005571024,0.03091922005571024,119000.0,33600.0,440419000.0,330050000.0,89178.60037827614,89178.60037827614,2060288.6464081497,0.7494000031787911,110369000.0,29821.39962172386,0.78,26.153554026565185,0.7601002932313932,82459.7494204458,60716.14056683959,31.532697494122548,0.7415501850207962,82697.75282019569,59065.36071574622,3.050605138952509,-0.019899706768606792,-36540.250579554195,-28462.45981143655,8.429748606509872,-0.03844981497920386,-36302.24717980431,-30113.239662529922,,,,,,,0.024824952259707267,0.008474576271186418,,0.2505999968212089,0.3,0.25316455696202533,0.975,0.825,0.21875,0.925,0.25,0.225,,0.50625,0.225,0.46666666666666673,0.42291666666666666,0.3625,0.5770833333333332,0.4173611111111111,0.4972222222222221,38.0,monitor,"Proxy score from public NDIA service-area data. It combines benchmark gaps, utilisation friction, unspent committed funding and provider-activity indicators; it is a triage signal, not proof of unmet need.",supply_response_gap is participant growth minus provider growth; it is not a provider caseload measure.,2025,static 2025 ERP denominator from local processed file; quarterly interpolation unavailable without annual series,derived_from_local_curated_source
2025Q2,2025 Q2,2024-12-31,ndia_service_area,Darwin Urban,Darwin Urban,NT,Outer Regional Australia,160196.0,3798.0,3798.0,23.708457140003496,23.708457140003496,0.02620913266684677,0.02620913266684677,120000.0,34200.0,455760000.0,332076000.0,87434.43917851501,87434.43917851501,2072935.6538240653,0.7286203264876251,123684000.0,32565.560821484993,0.76,26.957763247112997,0.7465297732931997,82492.94748629373,60067.7940397898,32.322438100030666,0.723891505303104,82921.77678310791,58404.145178554056,3.249306107109497,-0.013470226706800332,-37507.052513706265,-27366.64513872521,8.61398096002717,-0.03610849469689597,-37078.22321689209,-29030.29399996095,,,,,,,0.006138463869110655,0.008403361344537785,,0.2713796735123749,0.3,0.24050632911392406,0.975,0.8375,0.19375,0.9,0.24375,0.21875,,0.50625,0.3125,0.45416666666666666,0.4479166666666667,0.35,0.5820833333333333,0.41736111111111107,0.4997222222222222,38.0,monitor,"Proxy score from public NDIA service-area data. It combines benchmark gaps, utilisation friction, unspent committed funding and provider-activity indicators; it is a triage signal, not proof of unmet need.",supply_response_gap is participant growth minus provider growth; it is not a provider caseload measure.,2025,static 2025 ERP denominator from local processed file; quarterly interpolation unavailable without annual series,derived_from_local_curated_source
2025Q3,2025 Q3,2025-03-31,ndia_service_area,Darwin Urban,Darwin Urban,NT,Outer Regional Australia,160196.0,,3810.0,,23.783365377412668,,0.003159557661927437,122000.0,,464820000.0,340477000.0,89364.04199475066,,2125377.6623636046,0.7324921474979562,124343000.0,32635.958005249344,0.75,27.40732028960876,0.7506086859240299,84432.45028614352,60802.47507148593,32.730046154692914,0.7269261814617647,84888.12868756366,59134.059154767165,3.623954912196094,0.000608685924029828,-37567.54971385648,-28561.566923264727,8.946680777280246,-0.023073818538235286,-37111.87131243634,-30229.982839983495,,,,,,,0.02529842566159557,0.016666666666666607,,0.2675078525020438,0.3,0.22784810126582278,0.975,0.8375,0.2125,0.925,0.25625,0.225,,0.50625,0.225,0.46875,0.42500000000000004,0.359375,0.579375,0.41770833333333335,0.49854166666666666,44.0,monitor,"Proxy score from public NDIA service-area data. It combines benchmark gaps, utilisation friction, unspent committed funding and provider-activity indicators; it is a triage signal, not proof of unmet need.",supply_response_gap is participant growth minus provider growth; it is not a provider caseload measure.,2025,static 2025 ERP denominator from local processed file; quarterly interpolation unavailable without annual series,funded_plan_context_only
2025Q4,2025 Q4,2025-06-30,ndia_service_area,Darwin Urban,Darwin Urban,NT,Outer Regional Australia,160196.0,,3842.0,,23.983120677170465,,0.008398950131233596,123000.0,,472566000.0,346321000.0,90140.8120770432,,2161857.973981872,0.7328521307076683,126245000.0,32859.18792295679,0.76,27.77839830958376,0.7514285432706143,85151.38506175322,62192.49868267691,33.11060614399949,0.7308756031764125,85664.50093088642,60376.25859645123,3.795277632413292,-0.008571456729385717,-37848.614938246785,-27948.31339436629,9.127485466829024,-0.02912439682358752,-37335.499069113575,-29764.553480591967,,,,,,,0.017164154994316894,0.008196721311475308,,0.2671478692923317,0.3,0.21518987341772153,0.975,0.8375,0.1875,0.9375,0.25,0.21875,,0.50625,0.3,0.46875,0.44166666666666665,0.346875,0.5802083333333333,0.41909722222222223,0.4996527777777778,40.0,monitor,"Proxy score from public NDIA service-area data. It combines benchmark gaps, utilisation friction, unspent committed funding and provider-activity indicators; it is a triage signal, not proof of unmet need.",supply_response_gap is participant growth minus provider growth; it is not a provider caseload measure.,2025,static 2025 ERP denominator from local processed file; quarterly interpolation unavailable without annual series,funded_plan_context_only
2026Q1,2026 Q1,2025-09-30,ndia_service_area,Darwin Urban,Darwin Urban,NT,Outer Regional Australia,160196.0,,3910.0,,24.40760068915578,,0.017699115044247815,123000.0,,480930000.0,354828000.0,90748.84910485931,,2214961.671951859,0.7377955211777182,126102000.0,32251.150895140665,0.75,28.253214646769933,0.7386029448813405,85151.81887829916,62709.42778038322,33.634269269780866,0.7179683189796243,85747.48693204664,60763.24328367979,3.845613957614152,-0.01139705511865955,-37848.181121700836,-28039.42132447609,9.226668580625084,-0.03203168102037566,-37252.51306795336,-29985.605821179524,,,,,,,0.024563916135608377,0.0,,0.2622044788222818,0.3,0.21518987341772153,0.975,0.8375,0.2,0.9375,0.24375,0.21875,,0.50625,0.2875,0.4666666666666666,0.4416666666666667,0.353125,0.5814583333333333,0.4204861111111111,0.5009722222222222,40.0,monitor,"Proxy score from public NDIA service-area data. It combines benchmark gaps, utilisation friction, unspent committed funding and provider-activity indicators; it is a triage signal, not proof of unmet need.",supply_response_gap is participant growth minus provider growth; it is not a provider caseload measure.,2025,static 2025 ERP denominator from local processed file; quarterly interpolation unavailable without annual series,funded_plan_context_only
2024Q2,2024 Q2,2023-12-31,ndia_service_area,East Arnhem,East Arnhem,NT,Very Remote Australia,,243.0,243.0,,,,,109000.0,70300.0,26487000.0,13025000.0,53600.82304526749,53600.82304526749,,0.49175067014006874,13462000.0,55399.17695473251,0.6,24.12050932082575,0.774810548394224,79559.82881407744,60116.50993792392,26.179182279595977,0.7299395777967206,87236.47395075967,60770.62127062127,,0.174810548394224,-29440.17118592256,6515.6868926564275,,0.12993957779672058,-21763.526049240332,7169.7982253537775,30.0,132.0,8.1,8.1,123.45679012345678,,,,,0.5082493298599313,0.025,,0.325,0.9875,0.9875,0.24375,0.25625,0.725,0.1,0.50625,0.975,0.4083333333333334,0.9833333333333334,0.53125,0.5704166666666668,0.6409722222222223,0.6056944444444445,14.0,monitor,"Proxy score from public NDIA service-area data. It combines benchmark gaps, utilisation friction, unspent committed funding and provider-activity indicators; it is a triage signal, not proof of unmet need.",supply_response_gap is participant growth minus provider growth; it is not a provider caseload measure.,2025,static 2025 ERP denominator from local processed file; quarterly interpolation unavailable without annual series,derived_from_local_curated_source
2024Q3,2024 Q3,2024-03-31,ndia_service_area,East Arnhem,East Arnhem,NT,Very Remote Australia,,247.0,247.0,,,0.016460905349794164,0.016460905349794164,113000.0,72500.0,27911000.0,12581000.0,50935.22267206477,50935.222672064774,,0.45075418293862635,15330000.0,62064.777327935226,0.6,24.68676284471637,0.7773084731227313,81027.36890354347,60498.99233345409,26.741674362372237,0.7287384335959551,89029.82107355865,61786.02459318165,,0.17730847312273126,-31972.631096456535,9563.76966138932,,0.1287384335959551,-23970.178926441353,10850.801921116887,,,,,,,-0.034088291746641075,0.03669724770642202,,0.5492458170613737,0.01282051282051282,,0.2564102564102564,1.0,0.9875,0.26875,0.2625,0.8625,,0.50625,1.0,0.46458333333333335,0.9958333333333332,0.746875,0.6023878205128205,0.7357638888888888,0.6690758547008546,8.0,provider opportunity: under-serviced,"Proxy score from public NDIA service-area data. It combines benchmark gaps, utilisation friction, unspent committed funding and provider-activity indicators; it is a triage signal, not proof of unmet need.",supply_response_gap is participant growth minus provider growth; it is not a provider caseload measure.,2025,static 2025 ERP denominator from local processed file; quarterly interpolation unavailable without annual series,derived_from_local_curated_source
2024Q4,2024 Q4,2024-06-30,ndia_service_area,East Arnhem,East Arnhem,NT,Very Remote Australia,,256.0,256.0,,,0.036437246963562764,0.036437246963562764,116000.0,72400.0,29696000.0,12713000.0,49660.15625,49660.15625,,0.42810479525862066,16983000.0,66339.84375,0.6,25.27144981343164,0.7784608418203379,82439.3926044259,61164.480098449734,27.315980747937253,0.7307607285309241,91044.45191984238,62759.91157672161,,0.17846084182033792,-33560.6073955741,11504.323848449734,,0.13076072853092413,-24955.54808015762,13099.755326721614,,,,,,,0.010492011763770792,0.026548672566371723,,0.5718952047413793,0.025,,0.1875,0.9875,0.9875,0.25625,0.25625,0.9,,0.50625,1.0,0.4708333333333334,0.9916666666666667,0.746875,0.5877083333333333,0.7364583333333333,0.6620833333333334,8.0,provider opportunity: under-serviced,"Proxy score from public NDIA service-area data. It combines benchmark gaps, utilisation friction, unspent committed funding and provider-activity indicators; it is a triage signal, not proof of unmet need.",supply_response_gap is participant growth minus provider growth; it is not a provider caseload measure.,2025,static 2025 ERP denominator from local processed file; quarterly interpolation unavailable without annual series,derived_from_local_curated_source
2025Q1,2025 Q1,2024-09-30,ndia_service_area,East Arnhem,East Arnhem,NT,Very Remote Australia,,262.0,262.0,,,0.0234375,0.0234375,122000.0,74800.0,31964000.0,13208000.0,50412.21374045801,50412.21374045801,,0.4132148667250657,18756000.0,71587.78625954199,0.55,26.153554026565185,0.7601002932313932,82459.7494204458,60716.14056683959,28.08981758060144,0.7175297333925275,91778.55924480688,62539.22003878777,,0.2101002932313932,-39540.250579554195,10303.926826381576,,0.16752973339252747,-30221.44075519312,12127.006298329754,,,,,,,0.038936521670730695,0.051724137931034475,,0.5867851332749343,0.025,,0.2,1.0,1.0,0.25625,0.25,0.8875,,0.50625,1.0,0.4645833333333333,1.0,0.753125,0.5956250000000001,0.7392361111111111,0.6674305555555555,8.0,provider opportunity: under-serviced,"Proxy score from public NDIA service-area data. It combines benchmark gaps, utilisation friction, unspent committed funding and provider-activity indicators; it is a triage signal, not proof of unmet need.",supply_response_gap is participant growth minus provider growth; it is not a provider caseload measure.,2025,static 2025 ERP denominator from local processed file; quarterly interpolation unavailable without annual series,derived_from_local_curated_source
2025Q2,2025 Q2,2024-12-31,ndia_service_area,East Arnhem,East Arnhem,NT,Very Remote Australia,,264.0,264.0,,,0.007633587786259444,0.007633587786259444,122000.0,75800.0,32208000.0,13088000.0,49575.757575757576,49575.757575757576,,0.40635866865375064,19120000.0,72424.24242424243,0.52,26.957763247112997,0.7465297732931997,82492.94748629373,60067.7940397898,28.799988448237272,0.6997169488821533,91472.6178809909,62312.67804644591,,0.22652977329319968,-39507.052513706265,10492.036464032222,,0.17971694888215325,-30527.382119009097,12736.920470688332,,,,,,,-0.009085402786190189,0.0,,0.5936413313462494,0.025,,0.1875,0.9875,1.0,0.25625,0.24375,0.9,,0.50625,1.0,0.4666666666666666,0.9958333333333332,0.753125,0.5897916666666667,0.7385416666666668,0.6641666666666668,7.0,provider opportunity: under-serviced,"Proxy score from public NDIA service-area data. It combines benchmark gaps, utilisation friction, unspent committed funding and provider-activity indicators; it is a triage signal, not proof of unmet need.",supply_response_gap is participant growth minus provider growth; it is not a provider caseload measure.,2025,static 2025 ERP denominator from local processed file; quarterly interpolation unavailable without annual series,derived_from_local_curated_source
2025Q3,2025 Q3,2025-03-31,ndia_service_area,East Arnhem,East Arnhem,NT,Very Remote Australia,,,272.0,,,,0.030303030303030276,127000.0,,34544000.0,13641000.0,50150.73529411765,,,0.3948876794812413,20903000.0,76849.26470588235,0.57,27.40732028960876,0.7506086859240299,84432.45028614352,60802.47507148593,29.255495455759704,0.6998867027124044,93888.60969645302,63068.60655553811,,0.18060868592402982,-42567.54971385648,10651.739777368282,,0.12988670271240435,-33111.390303546985,12917.871261420456,,,,,,,0.04225244498777503,0.040983606557376984,,0.6051123205187587,0.025,,0.1875,1.0,0.975,0.25625,0.25625,0.8875,,0.50625,1.0,0.4666666666666666,0.9916666666666667,0.740625,0.5889583333333334,0.732986111111111,0.6609722222222222,7.0,provider opportunity: under-serviced,"Proxy score from public NDIA service-area data. It combines benchmark gaps, utilisation friction, unspent committed funding and provider-activity indicators; it is a triage signal, not proof of unmet need.",supply_response_gap is participant growth minus provider growth; it is not a provider caseload measure.,2025,static 2025 ERP denominator from local processed file; quarterly interpolation unavailable without annual series,funded_plan_context_only
2025Q4,2025 Q4,2025-06-30,ndia_service_area,East Arnhem,East Arnhem,NT,Very Remote Australia,,,276.0,,,,0.014705882352941124,121000.0,,33396000.0,14286000.0,51760.86956521739,,,0.42777578153072227,19110000.0,69239.13043478261,0.56,27.77839830958376,0.7514285432706143,85151.38506175322,62192.49868267691,29.615831690817068,0.7017884845529896,94950.29032401046,64775.29808075883,,0.1914285432706143,-35848.614938246785,10431.629117459517,,0.14178848455298962,-26049.709675989536,13014.42851554144,,,,,,,0.047283923466021616,-0.047244094488189003,,0.5722242184692777,0.025,,0.2125,0.9875,0.975,0.26875,0.25,0.875,,0.50625,0.9875,0.46458333333333335,0.9833333333333334,0.740625,0.5897916666666667,0.7295138888888889,0.6596527777777779,8.0,provider opportunity: under-serviced,"Proxy score from public NDIA service-area data. It combines benchmark gaps, utilisation friction, unspent committed funding and provider-activity indicators; it is a triage signal, not proof of unmet need.",supply_response_gap is participant growth minus provider growth; it is not a provider caseload measure.,2025,static 2025 ERP denominator from local processed file; quarterly interpolation unavailable without annual series,funded_plan_context_only
2026Q1,2026 Q1,2025-09-30,ndia_service_area,East Arnhem,East Arnhem,NT,Very Remote Australia,,,279.0,,,,0.010869565217391353,126000.0,,35154000.0,15550000.0,55734.7670250896,,,0.4423394208340445,19604000.0,70265.2329749104,0.59,28.253214646769933,0.7386029448813405,85151.81887829916,62709.42778038322,29.935474216268688,0.6915735929312197,94840.2069766932,65463.76811594203,,0.14860294488134046,-40848.181121700836,6974.660755293626,,0.1015735929312197,-31159.793023306804,9729.001090852435,,,,,,,0.08847823043539127,0.04132231404958686,,0.5576605791659555,0.025,,0.3125,0.9875,0.975,0.26875,0.24375,0.7875,,0.50625,0.9875,0.4333333333333333,0.9833333333333334,0.740625,0.6097916666666666,0.7190972222222222,0.6644444444444444,7.0,provider opportunity: under-serviced,"Proxy score from public NDIA service-area data. It combines benchmark gaps, utilisation friction, unspent committed funding and provider-activity indicators; it is a triage signal, not proof of unmet need.",supply_response_gap is participant growth minus provider growth; it is not a provider caseload measure.,2025,static 2025 ERP denominator from local processed file; quarterly interpolation unavailable without annual series,funded_plan_context_only
2024Q2,2024 Q2,2023-12-31,ndia_service_area,Eastern Adelaide,Eastern Adelaide,SA,Major Cities of Australia,250964.0,4797.0,4797.0,19.114295277410307,19.114295277410307,,,91000.0,33500.0,436527000.0,334360000.0,69701.8970189702,69701.8970189702,1332302.6410162414,0.7659549122963757,102167000.0,21298.10298102981,0.79,24.12050932082575,0.774810548394224,79559.82881407744,60116.50993792392,21.54075115403415,0.7958582408716173,80400.51139569166,62712.29290901039,5.006214043415444,-0.015189451605776014,-11440.171185922562,-9585.387081046276,2.4264558766238444,0.005858240871617255,-10599.488604308339,-6989.604109959801,392.0,1222.0,12.237244897959183,12.237244897959183,81.71774025432563,,,,,0.2340450877036243,0.4,0.16455696202531644,0.9,0.525,0.44375,0.65,0.25625,0.225,0.3125,0.50625,0.2375,0.3770833333333334,0.40208333333333335,0.42083333333333334,0.5295833333333333,0.4000000000000001,0.4647916666666667,52.0,monitor,"Proxy score from public NDIA service-area data. It combines benchmark gaps, utilisation friction, unspent committed funding and provider-activity indicators; it is a triage signal, not proof of unmet need.",supply_response_gap is participant growth minus provider growth; it is not a provider caseload measure.,2025,static 2025 ERP denominator from local processed file; quarterly interpolation unavailable without annual series,derived_from_local_curated_source
2024Q3,2024 Q3,2024-03-31,ndia_service_area,Eastern Adelaide,Eastern Adelaide,SA,Major Cities of Australia,250964.0,4875.0,4875.0,19.42509682663649,19.42509682663649,0.016260162601626105,0.016260162601626105,91000.0,33900.0,443625000.0,344678000.0,70703.17948717948,70703.17948717948,1373416.1074895202,0.7769580163426317,98947000.0,20296.82051282051,0.79,24.68676284471637,0.7773084731227313,81027.36890354347,60498.99233345409,22.15635799622129,0.7987044245491112,81921.83021338335,63196.969696969696,5.261666018079875,-0.012691526877268728,-9972.631096456535,-10204.187153725397,2.7312611695848013,0.008704424549111139,-9078.16978661665,-7506.2097902097885,,,,,,,0.03085895442038522,0.0,,0.22304198365736827,0.38461538461538464,0.14285714285714285,0.9230769230769231,0.325,0.4875,0.7375,0.2625,0.23125,,0.50625,0.15,0.41041666666666665,0.32083333333333336,0.49687499999999996,0.49008012820512825,0.409375,0.4497275641025641,55.0,monitor,"Proxy score from public NDIA service-area data. It combines benchmark gaps, utilisation friction, unspent committed funding and provider-activity indicators; it is a triage signal, not proof of unmet need.",supply_response_gap is participant growth minus provider growth; it is not a provider caseload measure.,2025,static 2025 ERP denominator from local processed file; quarterly interpolation unavailable without annual series,derived_from_local_curated_source
2024Q4,2024 Q4,2024-06-30,ndia_service_area,Eastern Adelaide,Eastern Adelaide,SA,Major Cities of Australia,250964.0,4943.0,4943.0,19.69605202339778,19.69605202339778,0.013948717948717881,0.013948717948717881,94000.0,34500.0,464642000.0,359874000.0,72804.77442848473,72804.77442848473,1433966.6246951753,0.7745188768987736,104768000.0,21195.225571515275,0.79,25.27144981343164,0.7784608418203379,82439.3926044259,61164.480098449734,22.563669931499856,0.7973695351274968,83207.46100966579,63732.73450666296,5.575397790033858,-0.01153915817966208,-11560.607395574101,-11640.294330034994,2.8676179081020763,0.007369535127496789,-10792.538990334215,-9072.039921821772,,,,,,,0.044087525168418074,0.03296703296703307,,0.22548112310122637,0.4,0.12658227848101267,0.9125,0.3625,0.475,0.675,0.25625,0.225,,0.50625,0.0875,0.3854166666666667,0.3083333333333333,0.490625,0.49479166666666663,0.39479166666666665,0.44479166666666664,55.0,monitor,"Proxy score from public NDIA service-area data. It combines benchmark gaps, utilisation friction, unspent committed funding and provider-activity indicators; it is a triage signal, not proof of unmet need.",supply_response_gap is participant growth minus provider growth; it is not a provider caseload measure.,2025,static 2025 ERP denominator from local processed file; quarterly interpolation unavailable without annual series,derived_from_local_curated_source
2025Q1,2025 Q1,2024-09-30,ndia_service_area,Eastern Adelaide,Eastern Adelaide,SA,Major Cities of Australia,250964.0,5077.0,5077.0,20.229993146427375,20.229993146427372,0.02710904309124018,0.02710904309124018,95000.0,35100.0,482315000.0,374127000.0,73690.56529446524,73690.56529446524,1490759.6308633909,0.7756901609943709,108188000.0,21309.434705534764,0.78,26.153554026565185,0.7601002932313932,82459.7494204458,60716.14056683959,23.368427888963133,0.777901017449582,83196.99210700695,63287.15620185708,5.92356088013781,-0.019899706768606792,-12540.250579554195,-12974.42472762565,3.138434742535757,-0.002098982550418071,-11803.007892993046,-10403.409092608163,,,,,,,0.03960552860167721,0.010638297872340496,,0.22430983900562906,0.4,0.12658227848101267,0.925,0.3125,0.21875,0.675,0.25,0.225,,0.50625,0.05,0.38333333333333336,0.19375,0.3625,0.4387500000000001,0.3131944444444445,0.37597222222222226,72.0,monitor,"Proxy score from public NDIA service-area data. It combines benchmark gaps, utilisation friction, unspent committed funding and provider-activity indicators; it is a triage signal, not proof of unmet need.",supply_response_gap is participant growth minus provider growth; it is not a provider caseload measure.,2025,static 2025 ERP denominator from local processed file; quarterly interpolation unavailable without annual series,derived_from_local_curated_source
2025Q2,2025 Q2,2024-12-31,ndia_service_area,Eastern Adelaide,Eastern Adelaide,SA,Major Cities of Australia,250964.0,5200.0,5200.0,20.72010328174559,20.72010328174559,0.02422690565294472,0.02422690565294472,95000.0,34900.0,494000000.0,376037000.0,72314.80769230769,72314.80769230769,1498370.2841841858,0.7612085020242915,117963000.0,22685.19230769231,0.76,26.957763247112997,0.7465297732931997,82492.94748629373,60067.7940397898,24.112356938543137,0.7670216640247125,83199.73444972835,62621.1139562926,6.237659965367403,-0.013470226706800332,-12507.052513706265,-12247.01365251789,3.3922536567975463,0.007021664024712493,-11800.265550271652,-9693.693736015091,,,,,,,0.005105218281492574,0.0,,0.23879149797570853,0.4,0.13924050632911392,0.925,0.4,0.5,0.7,0.24375,0.21875,,0.50625,0.0875,0.3875,0.32916666666666666,0.503125,0.5114583333333333,0.4065972222222222,0.4590277777777778,53.0,monitor,"Proxy score from public NDIA service-area data. It combines benchmark gaps, utilisation friction, unspent committed funding and provider-activity indicators; it is a triage signal, not proof of unmet need.",supply_response_gap is participant growth minus provider growth; it is not a provider caseload measure.,2025,static 2025 ERP denominator from local processed file; quarterly interpolation unavailable without annual series,derived_from_local_curated_source
2025Q3,2025 Q3,2025-03-31,ndia_service_area,Eastern Adelaide,Eastern Adelaide,SA,Major Cities of Australia,250964.0,,5296.0,,21.102628265408587,,0.01846153846153853,99000.0,,524304000.0,386985000.0,73071.18580060423,,1541994.0708627533,0.7380927858646892,137319000.0,25928.81419939577,0.77,27.40732028960876,0.7506086859240299,84432.45028614352,60802.47507148593,24.50313856910154,0.7729322500306646,85141.60084900781,63507.002181182106,6.304692024200175,-0.019391314075970167,-14567.549713856482,-12268.710729118298,3.400510303692954,0.002932250030664534,-13858.39915099219,-9564.183619422125,,,,,,,0.029114156319723916,0.042105263157894646,,0.2619072141353108,0.4,0.12658227848101267,0.9375,0.5875,0.44375,0.725,0.25625,0.225,,0.50625,0.175,0.40208333333333335,0.40208333333333335,0.475,0.5604166666666666,0.42638888888888893,0.49340277777777775,45.0,monitor,"Proxy score from public NDIA service-area data. It combines benchmark gaps, utilisation friction, unspent committed funding and provider-activity indicators; it is a triage signal, not proof of unmet need.",supply_response_gap is participant growth minus provider growth; it is not a provider caseload measure.,2025,static 2025 ERP denominator from local processed file; quarterly interpolation unavailable without annual series,funded_plan_context_only
2025Q4,2025 Q4,2025-06-30,ndia_service_area,Eastern Adelaide,Eastern Adelaide,SA,Major Cities of Australia,250964.0,,5381.0,,21.441322261360195,,0.0160498489425982,98000.0,,527338000.0,395336000.0,73468.87195688534,,1575269.7598061874,0.7496823669069932,132002000.0,24531.128043114662,0.76,27.77839830958376,0.7514285432706143,85151.38506175322,62192.49868267691,24.83518208130649,0.7733698580403464,85996.54571858524,64997.01926820798,6.337076048223562,-0.008571456729385717,-12848.614938246785,-11276.373274208432,3.3938598199462966,0.0133698580403464,-12003.454281414757,-8471.852688677362,,,,,,,0.021579647789966128,-0.010101010101010055,,0.2503176330930068,0.4,0.12658227848101267,0.9375,0.45,0.525,0.7375,0.25,0.21875,,0.50625,0.1625,0.40208333333333335,0.3791666666666667,0.515625,0.5364583333333334,0.4322916666666667,0.484375,44.0,monitor,"Proxy score from public NDIA service-area data. It combines benchmark gaps, utilisation friction, unspent committed funding and provider-activity indicators; it is a triage signal, not proof of unmet need.",supply_response_gap is participant growth minus provider growth; it is not a provider caseload measure.,2025,static 2025 ERP denominator from local processed file; quarterly interpolation unavailable without annual series,funded_plan_context_only
2026Q1,2026 Q1,2025-09-30,ndia_service_area,Eastern Adelaide,Eastern Adelaide,SA,Major Cities of Australia,250964.0,,5487.0,,21.863693597488087,,0.019698940717338687,98000.0,,537726000.0,402695000.0,73390.74175323492,,1604592.6905851038,0.7488851199309685,135031000.0,24609.258246765083,0.75,28.253214646769933,0.7386029448813405,85151.81887829916,62709.42778038322,25.249615768421013,0.7599765041363589,86109.56887160339,65613.772509322,6.389521049281846,-0.01139705511865955,-12848.181121700836,-10681.313972851698,3.385922170932925,0.009976504136358812,-11890.431128396609,-7776.969243912914,,,,,,,0.018614545601715937,0.0,,0.2511148800690315,0.3875,0.12658227848101267,0.9125,0.5625,0.50625,0.7125,0.24375,0.21875,,0.50625,0.2125,0.39166666666666666,0.4270833333333333,0.50625,0.5591666666666667,0.44166666666666665,0.5004166666666667,41.0,monitor,"Proxy score from public NDIA service-area data. It combines benchmark gaps, utilisation friction, unspent committed funding and provider-activity indicators; it is a triage signal, not proof of unmet need.",supply_response_gap is participant growth minus provider growth; it is not a provider caseload measure.,2025,static 2025 ERP denominator from local processed file; quarterly interpolation unavailable without annual series,funded_plan_context_only
2024Q2,2024 Q2,2023-12-31,ndia_service_area,Eyre and Western,Eyre and Western,SA,Very Remote Australia,58597.0,1724.0,1724.0,29.421301431813916,29.42130143181392,,,79000.0,38300.0,136196000.0,87387000.0,50688.5150812065,50688.5150812065,1491322.081335222,0.6416267731798291,48809000.0,28311.484918793503,0.67,24.12050932082575,0.774810548394224,79559.82881407744,60116.50993792392,26.179182279595977,0.7299395777967206,87236.47395075967,60770.62127062127,-5.300792110988166,0.104810548394224,559.8288140774384,9427.994856717421,-3.2421191522179384,0.059939577796720586,8236.473950759668,10082.106189414772,128.0,502.0,13.46875,13.46875,74.24593967517401,,,,,0.3583732268201709,0.1625,0.7215189873417721,0.275,0.85,0.89375,0.24375,0.7875,0.8375,0.45,0.50625,0.8625,0.6229166666666667,0.86875,0.6166666666666667,0.5545833333333333,0.7027777777777778,0.6286805555555556,9.0,advocacy watchlist,"Proxy score from public NDIA service-area data. It combines benchmark gaps, utilisation friction, unspent committed funding and provider-activity indicators; it is a triage signal, not proof of unmet need.",supply_response_gap is participant growth minus provider growth; it is not a provider caseload measure.,2025,static 2025 ERP denominator from local processed file; quarterly interpolation unavailable without annual series,derived_from_local_curated_source
2024Q3,2024 Q3,2024-03-31,ndia_service_area,Eyre and Western,Eyre and Western,SA,Very Remote Australia,58597.0,1767.0,1767.0,30.15512739560046,30.15512739560046,0.02494199535962882,0.02494199535962882,79000.0,39500.0,139593000.0,90020000.0,50945.10469722694,50945.10469722694,1536256.1223270816,0.6448747430028726,49573000.0,28054.89530277306,0.67,24.68676284471637,0.7773084731227313,81027.36890354347,60498.99233345409,26.741674362372237,0.7287384335959551,89029.82107355865,61786.02459318165,-5.468364550884093,0.10730847312273127,2027.3689035434654,9553.887636227148,-3.413453033228226,0.058738433595955125,10029.821073558647,10840.919895954714,,,,,,,0.03013033975305257,0.0,,0.3551252569971274,0.15384615384615385,0.7142857142857143,0.2692307692307692,0.8625,0.9,0.26875,0.86875,0.8375,,0.50625,0.875,0.6583333333333333,0.8791666666666668,0.703125,0.5735737179487179,0.7468750000000001,0.660224358974359,9.0,provider opportunity: under-serviced,"Proxy score from public NDIA service-area data. It combines benchmark gaps, utilisation friction, unspent committed funding and provider-activity indicators; it is a triage signal, not proof of unmet need.",supply_response_gap is participant growth minus provider growth; it is not a provider caseload measure.,2025,static 2025 ERP denominator from local processed file; quarterly interpolation unavailable without annual series,derived_from_local_curated_source
2024Q4,2024 Q4,2024-06-30,ndia_service_area,Eyre and Western,Eyre and Western,SA,Very Remote Australia,58597.0,1790.0,1790.0,30.547638957625818,30.547638957625814,0.013016411997736288,0.013016411997736288,81000.0,41100.0,144990000.0,92835000.0,51863.12849162011,51863.12849162011,1584296.124374968,0.6402855369335816,52155000.0,29136.87150837989,0.69,25.27144981343164,0.7784608418203379,82439.3926044259,61164.480098449734,27.315980747937253,0.7307607285309241,91044.45191984238,62759.91157672161,-5.276189144194181,0.08846084182033792,1439.3926044258988,9301.351606829623,-3.2316582096885647,0.04076072853092413,10044.45191984238,10896.783085101502,,,,,,,0.0312708287047323,0.025316455696202445,,0.3597144630664184,0.1625,0.6962025316455697,0.25,0.85,0.8125,0.25625,0.83125,0.85,,0.50625,0.8625,0.6458333333333334,0.8416666666666668,0.659375,0.5527083333333334,0.7156250000000002,0.6341666666666668,13.0,advocacy watchlist,"Proxy score from public NDIA service-area data. It combines benchmark gaps, utilisation friction, unspent committed funding and provider-activity indicators; it is a triage signal, not proof of unmet need.",supply_response_gap is participant growth minus provider growth; it is not a provider caseload measure.,2025,static 2025 ERP denominator from local processed file; quarterly interpolation unavailable without annual series,derived_from_local_curated_source
2025Q1,2025 Q1,2024-09-30,ndia_service_area,Eyre and Western,Eyre and Western,SA,Very Remote Australia,58597.0,1831.0,1831.0,31.24733348123624,31.24733348123624,0.022905027932960786,0.022905027932960786,83000.0,42100.0,151973000.0,95743000.0,52290.00546149645,52290.00546149645,1633923.2383910439,0.6300000658011621,56230000.0,30709.99453850355,0.67,26.153554026565185,0.7601002932313932,82459.7494204458,60716.14056683959,28.08981758060144,0.7175297333925275,91778.55924480688,62539.22003878777,-5.093779454671054,0.0901002932313932,-540.2505795541947,8426.135105343143,-3.157515900634799,0.04752973339252747,8778.559244806878,10249.21457729132,,,,,,,0.03132439273980725,0.024691358024691468,,0.3699999341988379,0.1625,0.6582278481012658,0.2875,0.85,0.85625,0.25625,0.825,0.8375,,0.50625,0.875,0.6395833333333333,0.8604166666666666,0.6812499999999999,0.5683333333333332,0.7270833333333333,0.6477083333333333,10.0,provider opportunity: under-serviced,"Proxy score from public NDIA service-area data. It combines benchmark gaps, utilisation friction, unspent committed funding and provider-activity indicators; it is a triage signal, not proof of unmet need.",supply_response_gap is participant growth minus provider growth; it is not a provider caseload measure.,2025,static 2025 ERP denominator from local processed file; quarterly interpolation unavailable without annual series,derived_from_local_curated_source
2025Q2,2025 Q2,2024-12-31,ndia_service_area,Eyre and Western,Eyre and Western,SA,Very Remote Australia,58597.0,1887.0,1887.0,32.203013806167554,32.203013806167554,0.030584380120152854,0.030584380120152854,85000.0,43200.0,160395000.0,97448000.0,51641.75940646529,51641.75940646529,1663020.2911411847,0.6075501106642975,62947000.0,33358.24059353471,0.65,26.957763247112997,0.7465297732931997,82492.94748629373,60067.7940397898,28.799988448237272,0.6997169488821533,91472.6178809909,62312.67804644591,-5.245250559054561,0.09652977329319969,-2507.052513706265,8426.03463332451,-3.4030253579302823,0.04971694888215325,6472.617880990903,10670.91863998062,,,,,,,0.01780809040869835,0.024096385542168752,,0.39244988933570246,0.15,0.6455696202531646,0.275,0.85,0.88125,0.25625,0.76875,0.8375,,0.50625,0.8875,0.6208333333333332,0.8729166666666667,0.69375,0.5683333333333334,0.7291666666666666,0.6487499999999999,9.0,provider opportunity: under-serviced,"Proxy score from public NDIA service-area data. It combines benchmark gaps, utilisation friction, unspent committed funding and provider-activity indicators; it is a triage signal, not proof of unmet need.",supply_response_gap is participant growth minus provider growth; it is not a provider caseload measure.,2025,static 2025 ERP denominator from local processed file; quarterly interpolation unavailable without annual series,derived_from_local_curated_source
2025Q3,2025 Q3,2025-03-31,ndia_service_area,Eyre and Western,Eyre and Western,SA,Very Remote Australia,58597.0,,1892.0,,32.288342406607846,,0.002649708532061368,88000.0,,166496000.0,97797000.0,51689.74630021142,,1668976.2274519172,0.5873834806842206,68699000.0,36310.25369978858,0.64,27.40732028960876,0.7506086859240299,84432.45028614352,60802.47507148593,29.255495455759704,0.6998867027124044,93888.60969645302,63068.60655553811,-4.881022116999084,0.11060868592402985,-3567.5497138564824,9112.728771274516,-3.0328469508481426,0.05988670271240437,5888.609696453015,11378.86025532669,,,,,,,0.0035813972580247544,0.03529411764705892,,0.41261651931577936,0.15,0.6455696202531646,0.25,0.8625,0.93125,0.25625,0.75625,0.8375,,0.50625,0.9,0.6166666666666667,0.8979166666666667,0.71875,0.5758333333333333,0.7444444444444445,0.6601388888888888,8.0,provider opportunity: under-serviced,"Proxy score from public NDIA service-area data. It combines benchmark gaps, utilisation friction, unspent committed funding and provider-activity indicators; it is a triage signal, not proof of unmet need.",supply_response_gap is participant growth minus provider growth; it is not a provider caseload measure.,2025,static 2025 ERP denominator from local processed file; quarterly interpolation unavailable without annual series,funded_plan_context_only
2025Q4,2025 Q4,2025-06-30,ndia_service_area,Eyre and Western,Eyre and Western,SA,Very Remote Australia,58597.0,,1907.0,,32.544328207928736,,0.007928118393234707,88000.0,,167816000.0,99464000.0,52157.31515469324,,1697424.782838712,0.5926967631215141,68352000.0,35842.684845306765,0.62,27.77839830958376,0.7514285432706143,85151.38506175322,62192.49868267691,29.615831690817068,0.7017884845529896,94950.29032401046,64775.29808075883,-4.765929898344979,0.1314285432706143,-2848.6149382467847,10035.183527983667,-2.928496517111668,0.08178848455298962,6950.290324010464,12617.98292606559,,,,,,,0.017045512643537153,0.0,,0.4073032368784859,0.15,0.6329113924050633,0.225,0.8625,0.95625,0.26875,0.775,0.8625,,0.50625,0.9,0.6354166666666666,0.90625,0.73125,0.575,0.7576388888888888,0.6663194444444444,6.0,provider opportunity: under-serviced,"Proxy score from public NDIA service-area data. It combines benchmark gaps, utilisation friction, unspent committed funding and provider-activity indicators; it is a triage signal, not proof of unmet need.",supply_response_gap is participant growth minus provider growth; it is not a provider caseload measure.,2025,static 2025 ERP denominator from local processed file; quarterly interpolation unavailable without annual series,funded_plan_context_only
2026Q1,2026 Q1,2025-09-30,ndia_service_area,Eyre and Western,Eyre and Western,SA,Very Remote Australia,58597.0,,1925.0,,32.8515111695138,,0.009438909281594077,88000.0,,169400000.0,100442000.0,52177.66233766234,,1714115.0570848337,0.5929279811097993,68958000.0,35822.33766233766,0.6,28.253214646769933,0.7386029448813405,85151.81887829916,62709.42778038322,29.935474216268688,0.6915735929312197,94840.2069766932,65463.76811594203,-4.5982965227438655,0.13860294488134045,-2848.1811217008362,10531.765442720884,-2.916036953245112,0.09157359293121971,6840.206976693196,13286.105778279692,,,,,,,0.009832703289632372,0.0,,0.4070720188902007,0.15,0.6329113924050633,0.2125,0.8625,0.95625,0.26875,0.78125,0.9,,0.50625,0.925,0.65,0.9145833333333334,0.73125,0.5741666666666667,0.7652777777777778,0.6697222222222223,5.0,provider opportunity: under-serviced,"Proxy score from public NDIA service-area data. It combines benchmark gaps, utilisation friction, unspent committed funding and provider-activity indicators; it is a triage signal, not proof of unmet need.",supply_response_gap is participant growth minus provider growth; it is not a provider caseload measure.,2025,static 2025 ERP denominator from local processed file; quarterly interpolation unavailable without annual series,funded_plan_context_only
2024Q2,2024 Q2,2023-12-31,ndia_service_area,Far North (SA),Far North (SA),SA,Very Remote Australia,24414.0,604.0,604.0,24.739903334152537,24.739903334152537,,,89000.0,43600.0,53756000.0,28498000.0,47182.11920529801,47182.11920529801,1167281.0682395347,0.5301361708460451,25258000.0,41817.88079470199,0.61,24.12050932082575,0.774810548394224,79559.82881407744,60116.50993792392,26.179182279595977,0.7299395777967206,87236.47395075967,60770.62127062127,-0.6193940133267866,0.164810548394224,-9440.171185922562,12934.390732625907,1.4392789454434407,0.11993957779672058,-1763.5260492403322,13588.502065323257,85.0,290.0,7.105882352941176,7.105882352941176,140.72847682119206,,,,,0.46986382915395486,0.0625,0.45569620253164556,0.1875,0.925,0.975,0.575,0.25625,0.9,0.0375,0.50625,0.95,0.5770833333333333,0.9499999999999998,0.50625,0.5262499999999999,0.6777777777777777,0.6020138888888888,15.0,advocacy watchlist,"Proxy score from public NDIA service-area data. It combines benchmark gaps, utilisation friction, unspent committed funding and provider-activity indicators; it is a triage signal, not proof of unmet need.",supply_response_gap is participant growth minus provider growth; it is not a provider caseload measure.,2025,static 2025 ERP denominator from local processed file; quarterly interpolation unavailable without annual series,derived_from_local_curated_source
2024Q3,2024 Q3,2024-03-31,ndia_service_area,Far North (SA),Far North (SA),SA,Very Remote Australia,24414.0,629.0,629.0,25.763905955599245,25.763905955599245,0.041390728476821126,0.041390728476821126,88000.0,44700.0,55352000.0,30936000.0,49182.82988871224,49182.829888712244,1267141.803883018,0.5588957941899119,24416000.0,38817.170111287756,0.62,24.68676284471637,0.7773084731227313,81027.36890354347,60498.99233345409,26.741674362372237,0.7287384335959551,89029.82107355865,61786.02459318165,-1.0771431108828793,0.15730847312273127,-6972.631096456535,11316.16244474185,0.977768406772988,0.10873843359595511,1029.8210735586472,12603.194704469417,,,,,,,0.08554986314829116,-0.011235955056179803,,0.44110420581008813,0.05128205128205128,0.4805194805194805,0.20512820512820512,0.925,0.975,0.5875,0.575,0.9125,,0.50625,0.95,0.6916666666666668,0.9499999999999998,0.740625,0.5744070512820512,0.7940972222222222,0.6842521367521367,5.0,under-funded and under-serviced,"Proxy score from public NDIA service-area data. It combines benchmark gaps, utilisation friction, unspent committed funding and provider-activity indicators; it is a triage signal, not proof of unmet need.",supply_response_gap is participant growth minus provider growth; it is not a provider caseload measure.,2025,static 2025 ERP denominator from local processed file; quarterly interpolation unavailable without annual series,derived_from_local_curated_source
2024Q4,2024 Q4,2024-06-30,ndia_service_area,Far North (SA),Far North (SA),SA,Very Remote Australia,24414.0,630.0,630.0,25.804866060457115,25.804866060457115,0.0015898251192367763,0.0015898251192367763,91000.0,44800.0,57330000.0,32804000.0,52069.84126984127,52069.84126984127,1343655.2797575162,0.5721960579103437,24526000.0,38930.15873015873,0.65,25.27144981343164,0.7784608418203379,82439.3926044259,61164.480098449734,27.315980747937253,0.7307607285309241,91044.45191984238,62759.91157672161,-0.5334162470254782,0.12846084182033793,-8560.607395574101,9094.638828608462,1.5111146874801378,0.08076072853092413,44.45191984238045,10690.070306880341,,,,,,,0.06038272562710101,0.03409090909090917,,0.42780394208965633,0.0625,0.45569620253164556,0.2875,0.9,0.9625,0.6,0.5125,0.825,,0.50625,0.9125,0.6458333333333333,0.9249999999999999,0.734375,0.5818749999999999,0.7684027777777778,0.6751388888888888,6.0,provider opportunity: under-serviced,"Proxy score from public NDIA service-area data. It combines benchmark gaps, utilisation friction, unspent committed funding and provider-activity indicators; it is a triage signal, not proof of unmet need.",supply_response_gap is participant growth minus provider growth; it is not a provider caseload measure.,2025,static 2025 ERP denominator from local processed file; quarterly interpolation unavailable without annual series,derived_from_local_curated_source
2025Q1,2025 Q1,2024-09-30,ndia_service_area,Far North (SA),Far North (SA),SA,Very Remote Australia,24414.0,640.0,640.0,26.214467109035798,26.2144671090358,0.015873015873015817,0.015873015873015817,87000.0,43600.0,55680000.0,32265000.0,50414.0625,50414.0625,1321577.783239125,0.5794719827586207,23415000.0,36585.9375,0.65,26.153554026565185,0.7601002932313932,82459.7494204458,60716.14056683959,28.08981758060144,0.7175297333925275,91778.55924480688,62539.22003878777,-0.0609130824706127,0.1101002932313932,-4540.250579554195,10302.07806683959,1.8753504715656424,0.06752973339252748,4778.559244806878,12125.157538787767,,,,,,,-0.016430923058163627,-0.04395604395604391,,0.42052801724137934,0.0625,0.43037974683544306,0.2125,0.8875,0.93125,0.6125,0.70625,0.875,,0.50625,0.9,0.7312500000000001,0.90625,0.71875,0.5574999999999999,0.7854166666666668,0.6714583333333333,6.0,under-funded and under-serviced,"Proxy score from public NDIA service-area data. It combines benchmark gaps, utilisation friction, unspent committed funding and provider-activity indicators; it is a triage signal, not proof of unmet need.",supply_response_gap is participant growth minus provider growth; it is not a provider caseload measure.,2025,static 2025 ERP denominator from local processed file; quarterly interpolation unavailable without annual series,derived_from_local_curated_source
2025Q2,2025 Q2,2024-12-31,ndia_service_area,Far North (SA),Far North (SA),SA,Very Remote Australia,24414.0,651.0,651.0,26.665028262472354,26.665028262472354,0.01718749999999991,0.01718749999999991,90000.0,43800.0,58590000.0,33048000.0,50764.97695852535,50764.976958525345,1353649.545342836,0.5640552995391706,25542000.0,39235.023041474655,0.62,26.957763247112997,0.7465297732931997,82492.94748629373,60067.7940397898,28.799988448237272,0.6997169488821533,91472.6178809909,62312.67804644591,0.2927349846406386,0.1265297732931997,-7507.052513706265,9302.817081264446,2.1349601857649176,0.07971694888215325,1472.6178809909034,11547.701087920555,,,,,,,0.024267782426778295,0.034482758620689724,,0.43594470046082945,0.0625,0.43037974683544306,0.2125,0.9,0.95,0.6125,0.575,0.8625,,0.50625,0.925,0.6833333333333332,0.9250000000000002,0.7281249999999999,0.565625,0.7788194444444444,0.6722222222222223,6.0,under-funded and under-serviced,"Proxy score from public NDIA service-area data. It combines benchmark gaps, utilisation friction, unspent committed funding and provider-activity indicators; it is a triage signal, not proof of unmet need.",supply_response_gap is participant growth minus provider growth; it is not a provider caseload measure.,2025,static 2025 ERP denominator from local processed file; quarterly interpolation unavailable without annual series,derived_from_local_curated_source
2025Q3,2025 Q3,2025-03-31,ndia_service_area,Far North (SA),Far North (SA),SA,Very Remote Australia,24414.0,,668.0,,27.361350045056117,,0.02611367127496167,88000.0,,58784000.0,32910000.0,49266.467065868266,,1347997.0508724502,0.5598462166575939,25874000.0,38733.532934131734,0.6,27.40732028960876,0.7506086859240299,84432.45028614352,60802.47507148593,29.255495455759704,0.6998867027124044,93888.60969645302,63068.60655553811,0.0459702445526488,0.15060868592402984,-3567.5497138564824,11536.008005617667,1.8941454107035904,0.09988670271240435,5888.609696453015,13802.13948966984,,,,,,,-0.004175744371822776,-0.022222222222222254,,0.44015378334240607,0.0625,0.43037974683544306,0.175,0.8875,0.9625,0.5625,0.75625,0.925,,0.50625,0.925,0.7479166666666668,0.9250000000000002,0.734375,0.556875,0.8024305555555556,0.6796527777777779,4.0,under-funded and under-serviced,"Proxy score from public NDIA service-area data. It combines benchmark gaps, utilisation friction, unspent committed funding and provider-activity indicators; it is a triage signal, not proof of unmet need.",supply_response_gap is participant growth minus provider growth; it is not a provider caseload measure.,2025,static 2025 ERP denominator from local processed file; quarterly interpolation unavailable without annual series,funded_plan_context_only
2025Q4,2025 Q4,2025-06-30,ndia_service_area,Far North (SA),Far North (SA),SA,Very Remote Australia,24414.0,,742.0,,30.39239780453838,,0.11077844311377238,92000.0,,68264000.0,36890000.0,49716.981132075474,,1511018.2682067666,0.5404019688269073,31374000.0,42283.018867924526,0.62,27.77839830958376,0.7514285432706143,85151.38506175322,62192.49868267691,29.615831690817068,0.7017884845529896,94950.29032401046,64775.29808075883,-2.613999494954623,0.1314285432706143,-6848.614938246785,12475.517550601435,-0.7765661137213122,0.08178848455298962,2950.2903240104642,15058.316948683358,,,,,,,0.12093588574901237,0.045454545454545414,,0.4595980311730927,0.0625,0.5443037974683544,0.1875,0.9125,0.95625,0.26875,0.6375,0.9375,,0.50625,0.95,0.6145833333333334,0.9395833333333332,0.73125,0.5666666666666667,0.7618055555555555,0.664236111111111,7.0,provider opportunity: under-serviced,"Proxy score from public NDIA service-area data. It combines benchmark gaps, utilisation friction, unspent committed funding and provider-activity indicators; it is a triage signal, not proof of unmet need.",supply_response_gap is participant growth minus provider growth; it is not a provider caseload measure.,2025,static 2025 ERP denominator from local processed file; quarterly interpolation unavailable without annual series,funded_plan_context_only
2026Q1,2026 Q1,2025-09-30,ndia_service_area,Far North (SA),Far North (SA),SA,Very Remote Australia,24414.0,,733.0,,30.023756860817564,,-0.0121293800539084,92000.0,,67436000.0,35931000.0,49019.09959072305,,1471737.5276480706,0.5328162998991637,31505000.0,42980.90040927695,0.6,28.253214646769933,0.7386029448813405,85151.81887829916,62709.42778038322,29.935474216268688,0.6915735929312197,94840.2069766932,65463.76811594203,-1.77054221404763,0.13860294488134045,-6848.181121700836,13690.32818966017,-0.088282644548876,0.09157359293121971,2840.2069766931963,16444.668525218978,,,,,,,-0.025996204933586342,0.0,,0.4671837001008363,0.0625,0.4936708860759494,0.1875,0.9375,0.95625,0.26875,0.6125,0.9375,,0.50625,0.95,0.6062500000000001,0.9479166666666666,0.73125,0.5733333333333333,0.7618055555555555,0.6675694444444444,6.0,provider opportunity: under-serviced,"Proxy score from public NDIA service-area data. It combines benchmark gaps, utilisation friction, unspent committed funding and provider-activity indicators; it is a triage signal, not proof of unmet need.",supply_response_gap is participant growth minus provider growth; it is not a provider caseload measure.,2025,static 2025 ERP denominator from local processed file; quarterly interpolation unavailable without annual series,funded_plan_context_only
2024Q2,2024 Q2,2023-12-31,ndia_service_area,Far West,Far West,NSW,Remote Australia,29514.0,920.0,920.0,31.171647353798196,31.1716473537982,,,87000.0,41000.0,80040000.0,45007000.0,48920.65217391304,48920.65217391304,1524937.3178830384,0.5623063468265868,35033000.0,38079.34782608696,0.67,24.12050932082575,0.774810548394224,79559.82881407744,60116.50993792392,24.02634249609882,0.7224571363687976,79668.8997388441,54482.11649824004,-7.051138032972446,0.104810548394224,-7440.171185922562,11195.857764010878,-7.145304857699376,0.05245713636879756,-7331.100261155894,5561.464324326997,98.0,409.0,9.387755102040817,9.387755102040817,106.52173913043478,,,,,0.43769365317341324,0.075,0.8607594936708861,0.2125,0.9125,0.85,0.24375,0.25625,0.6875,0.125,0.50625,0.9375,0.3958333333333333,0.9,0.49374999999999997,0.51875,0.5965277777777778,0.5576388888888889,28.0,monitor,"Proxy score from public NDIA service-area data. It combines benchmark gaps, utilisation friction, unspent committed funding and provider-activity indicators; it is a triage signal, not proof of unmet need.",supply_response_gap is participant growth minus provider growth; it is not a provider caseload measure.,2025,static 2025 ERP denominator from local processed file; quarterly interpolation unavailable without annual series,derived_from_local_curated_source
2024Q3,2024 Q3,2024-03-31,ndia_service_area,Far West,Far West,NSW,Remote Australia,29514.0,953.0,953.0,32.28976079148878,32.28976079148878,0.035869565217391264,0.035869565217391264,91000.0,41700.0,86723000.0,46749000.0,49054.56453305351,49054.56453305351,1583960.1545029478,0.5390611487148738,39974000.0,41945.43546694649,0.67,24.68676284471637,0.7773084731227313,81027.36890354347,60498.99233345409,24.7574722552625,0.7261652892561983,82596.36363636363,55098.732782369145,-7.602997946772415,0.10730847312273127,-9972.631096456535,11444.427800400576,-7.532288536226282,0.05616528925619832,-8403.636363636368,6044.168249315633,,,,,,,0.0387050903192836,0.04597701149425282,,0.46093885128512624,0.0641025641025641,0.8441558441558441,0.19230769230769232,0.95,0.8875,0.26875,0.2625,0.7,,0.50625,0.9625,0.41041666666666665,0.9333333333333332,0.6968749999999999,0.5673237179487179,0.6802083333333333,0.6237660256410256,13.0,provider opportunity: under-serviced,"Proxy score from public NDIA service-area data. It combines benchmark gaps, utilisation friction, unspent committed funding and provider-activity indicators; it is a triage signal, not proof of unmet need.",supply_response_gap is participant growth minus provider growth; it is not a provider caseload measure.,2025,static 2025 ERP denominator from local processed file; quarterly interpolation unavailable without annual series,derived_from_local_curated_source
2024Q4,2024 Q4,2024-06-30,ndia_service_area,Far West,Far West,NSW,Remote Australia,29514.0,960.0,960.0,32.526936369180724,32.526936369180724,0.007345225603357708,0.007345225603357708,93000.0,42900.0,89280000.0,50130000.0,52218.75,52218.75,1698515.958528156,0.561491935483871,39150000.0,40781.25,0.66,25.27144981343164,0.7784608418203379,82439.3926044259,61164.480098449734,25.15304619212344,0.7224088937093275,83827.87418655098,56104.77223427332,-7.255486555749087,0.11846084182033792,-10560.607395574101,8945.730098449734,-7.373890177057284,0.062408893709327486,-9172.12581344902,3886.0222342733177,,,,,,,0.07232240261823786,0.0219780219780219,,0.438508064516129,0.075,0.8227848101265823,0.3,0.925,0.95,0.25625,0.25625,0.625,,0.50625,0.9375,0.37916666666666665,0.9375,0.7281249999999999,0.593125,0.6815972222222223,0.6373611111111112,11.0,provider opportunity: under-serviced,"Proxy score from public NDIA service-area data. It combines benchmark gaps, utilisation friction, unspent committed funding and provider-activity indicators; it is a triage signal, not proof of unmet need.",supply_response_gap is participant growth minus provider growth; it is not a provider caseload measure.,2025,static 2025 ERP denominator from local processed file; quarterly interpolation unavailable without annual series,derived_from_local_curated_source
2025Q1,2025 Q1,2024-09-30,ndia_service_area,Far West,Far West,NSW,Remote Australia,29514.0,977.0,977.0,33.1029342007183,33.1029342007183,0.017708333333333437,0.017708333333333437,94000.0,43400.0,91838000.0,48869000.0,50019.44728761515,50019.44728761515,1655790.4723182218,0.5321217796554804,42969000.0,43980.55271238485,0.63,26.153554026565185,0.7601002932313932,82459.7494204458,60716.14056683959,25.966018834775586,0.705875183862156,83531.09897037192,55810.77957554108,-6.9493801741531165,0.1301002932313932,-11540.250579554195,10696.69327922444,-7.136915365942716,0.07587518386215591,-10468.901029628076,5791.3322879259285,,,,,,,-0.0251545980450828,0.010752688172043001,,0.46787822034451965,0.075,0.7721518987341772,0.1875,0.925,0.9625,0.25625,0.25,0.7,,0.50625,0.95,0.4020833333333333,0.9458333333333334,0.734375,0.5735416666666667,0.6940972222222221,0.6338194444444445,13.0,provider opportunity: under-serviced,"Proxy score from public NDIA service-area data. It combines benchmark gaps, utilisation friction, unspent committed funding and provider-activity indicators; it is a triage signal, not proof of unmet need.",supply_response_gap is participant growth minus provider growth; it is not a provider caseload measure.,2025,static 2025 ERP denominator from local processed file; quarterly interpolation unavailable without annual series,derived_from_local_curated_source
2025Q2,2025 Q2,2024-12-31,ndia_service_area,Far West,Far West,NSW,Remote Australia,29514.0,992.0,992.0,33.611167581486754,33.611167581486754,0.01535312180143289,0.01535312180143289,95000.0,43100.0,94240000.0,51541000.0,51956.65322580645,51956.653225806454,1746323.778545775,0.5469121392190153,42699000.0,43043.346774193546,0.64,26.957763247112997,0.7465297732931997,82492.94748629373,60067.7940397898,26.680780017241567,0.6975378323108384,85021.06339468302,55637.83231083844,-6.653404334373761,0.10652977329319968,-12507.052513706265,8111.140813983351,-6.930387564245187,0.05753783231083844,-9978.93660531698,3681.179085031996,,,,,,,0.054676788966420364,0.010638297872340496,,0.45308786078098473,0.075,0.7468354430379747,0.3,0.925,0.925,0.25625,0.24375,0.625,,0.50625,0.95,0.375,0.9333333333333332,0.715625,0.5897916666666665,0.6746527777777777,0.632222222222222,12.0,provider opportunity: under-serviced,"Proxy score from public NDIA service-area data. It combines benchmark gaps, utilisation friction, unspent committed funding and provider-activity indicators; it is a triage signal, not proof of unmet need.",supply_response_gap is participant growth minus provider growth; it is not a provider caseload measure.,2025,static 2025 ERP denominator from local processed file; quarterly interpolation unavailable without annual series,derived_from_local_curated_source
2025Q3,2025 Q3,2025-03-31,ndia_service_area,Far West,Far West,NSW,Remote Australia,29514.0,,1007.0,,34.1194009622552,,0.015120967741935498,98000.0,,98686000.0,54521000.0,54142.00595829196,,1847292.8101917736,0.5524694485539996,44165000.0,43857.99404170804,0.65,27.40732028960876,0.7506086859240299,84432.45028614352,60802.47507148593,27.089994434683923,0.7040251762336355,86631.31923464249,56813.29305135952,-6.712080672646437,0.10060868592402984,-13567.549713856482,6660.469113193976,-7.029406527571275,0.05402517623363551,-11368.680765357509,2671.2870930675635,,,,,,,0.05781804776779653,0.03157894736842115,,0.4475305514460004,0.075,0.7341772151898734,0.35,0.925,0.9,0.25625,0.25625,0.5875,,0.50625,0.9375,0.3666666666666667,0.9208333333333334,0.703125,0.5947916666666666,0.6635416666666667,0.6291666666666667,13.0,provider opportunity: under-serviced,"Proxy score from public NDIA service-area data. It combines benchmark gaps, utilisation friction, unspent committed funding and provider-activity indicators; it is a triage signal, not proof of unmet need.",supply_response_gap is participant growth minus provider growth; it is not a provider caseload measure.,2025,static 2025 ERP denominator from local processed file; quarterly interpolation unavailable without annual series,funded_plan_context_only
2025Q4,2025 Q4,2025-06-30,ndia_service_area,Far West,Far West,NSW,Remote Australia,29514.0,,1019.0,,34.525987666869966,,0.011916583912611634,98000.0,,99862000.0,56594000.0,55538.7634936212,,1917530.663413973,0.5667220764655224,43268000.0,42461.2365063788,0.65,27.77839830958376,0.7514285432706143,85151.38506175322,62192.49868267691,27.289145451172534,0.7043007097870638,87268.51944416676,58336.399080275914,-6.747589357286209,0.10142854327061429,-12848.614938246785,6653.735189055711,-7.236842215697433,0.054300709787063826,-10731.480555833245,2797.6355866547165,,,,,,,0.03802204655087027,0.0,,0.4332779235344776,0.075,0.7341772151898734,0.3375,0.925,0.9,0.26875,0.25,0.5875,,0.50625,0.925,0.3687500000000001,0.9166666666666666,0.703125,0.5914583333333333,0.6628472222222223,0.6271527777777778,14.0,provider opportunity: under-serviced,"Proxy score from public NDIA service-area data. It combines benchmark gaps, utilisation friction, unspent committed funding and provider-activity indicators; it is a triage signal, not proof of unmet need.",supply_response_gap is participant growth minus provider growth; it is not a provider caseload measure.,2025,static 2025 ERP denominator from local processed file; quarterly interpolation unavailable without annual series,funded_plan_context_only
2026Q1,2026 Q1,2025-09-30,ndia_service_area,Far West,Far West,NSW,Remote Australia,29514.0,,1021.0,,34.593752117639085,,0.001962708537782243,96000.0,,98016000.0,59979000.0,58745.34769833497,,2032221.9963407198,0.6119307051909892,38037000.0,37254.65230166503,0.65,28.253214646769933,0.7386029448813405,85151.81887829916,62709.42778038322,27.59196412007988,0.6915315404389955,88616.37334387976,59932.27209808187,-6.340537470869151,0.08860294488134045,-10848.181121700836,3964.0800820482546,-7.001787997559205,0.04153154043899548,-7383.626656120236,1186.924399746902,,,,,,,0.0598119942043327,-0.020408163265306145,,0.38806929480901076,0.075,0.6835443037974683,0.4625,0.8875,0.825,0.26875,0.24375,0.5125,,0.50625,0.9,0.3416666666666666,0.8708333333333332,0.6656249999999999,0.5922916666666665,0.6260416666666666,0.6091666666666666,18.0,monitor,"Proxy score from public NDIA service-area data. It combines benchmark gaps, utilisation friction, unspent committed funding and provider-activity indicators; it is a triage signal, not proof of unmet need.",supply_response_gap is participant growth minus provider growth; it is not a provider caseload measure.,2025,static 2025 ERP denominator from local processed file; quarterly interpolation unavailable without annual series,funded_plan_context_only
2024Q2,2024 Q2,2023-12-31,ndia_service_area,Fleurieu and Kangaroo Island,Fleurieu and Kangaroo Island,SA,Inner Regional Australia,60395.0,1623.0,1623.0,26.87308552032453,26.87308552032453,,,75000.0,32200.0,121725000.0,84484000.0,52054.22057917437,52054.22057917437,1398857.52131799,0.6940562743889915,37241000.0,22945.77942082563,0.74,24.12050932082575,0.774810548394224,79559.82881407744,60116.50993792392,26.8899974718611,0.7630061336695022,76355.8163924701,56667.37290379991,-2.75257619949878,0.034810548394223984,4559.828814077438,8062.289358749549,0.0169119515365707,0.023006133669502157,1355.816392470093,4613.152324625538,161.0,610.0,10.080745341614907,10.080745341614907,99.19901417128773,,,,,0.30594372561100847,0.15,0.5569620253164557,0.3,0.65,0.65,0.4875,0.56875,0.65,0.15,0.50625,0.7375,0.56875,0.6791666666666667,0.4354166666666666,0.4429166666666666,0.5611111111111111,0.5020138888888889,38.0,monitor,"Proxy score from public NDIA service-area data. It combines benchmark gaps, utilisation friction, unspent committed funding and provider-activity indicators; it is a triage signal, not proof of unmet need.",supply_response_gap is participant growth minus provider growth; it is not a provider caseload measure.,2025,static 2025 ERP denominator from local processed file; quarterly interpolation unavailable without annual series,derived_from_local_curated_source
2024Q3,2024 Q3,2024-03-31,ndia_service_area,Fleurieu and Kangaroo Island,Fleurieu and Kangaroo Island,SA,Inner Regional Australia,60395.0,1694.0,1694.0,28.048679526450865,28.048679526450865,0.04374614910659269,0.04374614910659269,78000.0,32800.0,132132000.0,86874000.0,51283.35301062574,51283.35301062574,1438430.3336368904,0.657478884751612,45258000.0,26716.64698937426,0.74,24.68676284471637,0.7773084731227313,81027.36890354347,60498.99233345409,27.71623599286424,0.7648604023741618,77994.1725121406,56947.80441429636,-3.361916681734499,0.03730847312273127,3027.3689035434654,9215.639322828349,-0.3324435335866269,0.024860402374161764,-5.827487859394751,5664.451403670624,,,,,,,0.02828938023767824,0.040000000000000036,,0.342521115248388,0.14102564102564102,0.5584415584415584,0.28205128205128205,0.8,0.6875,0.26875,0.2625,0.6875,,0.50625,0.8375,0.40625,0.775,0.596875,0.5189903846153847,0.5927083333333333,0.5558493589743589,29.0,monitor,"Proxy score from public NDIA service-area data. It combines benchmark gaps, utilisation friction, unspent committed funding and provider-activity indicators; it is a triage signal, not proof of unmet need.",supply_response_gap is participant growth minus provider growth; it is not a provider caseload measure.,2025,static 2025 ERP denominator from local processed file; quarterly interpolation unavailable without annual series,derived_from_local_curated_source
2024Q4,2024 Q4,2024-06-30,ndia_service_area,Fleurieu and Kangaroo Island,Fleurieu and Kangaroo Island,SA,Inner Regional Australia,60395.0,1741.0,1741.0,28.826889643182383,28.826889643182383,0.02774498229043676,0.02774498229043676,80000.0,33800.0,139280000.0,90193000.0,51805.284319356695,51805.284319356695,1493385.214007782,0.6475660539919587,49087000.0,28194.71568064331,0.74,25.27144981343164,0.7784608418203379,82439.3926044259,61164.480098449734,28.31985586047522,0.7685814728943384,79139.48388848934,57480.02092208034,-3.555439829750746,0.03846084182033792,2439.3926044258988,9359.19577909304,-0.5070337827071647,0.028581472894338447,-860.5161115106603,5674.736602723642,,,,,,,0.03820475631374176,0.02564102564102555,,0.35243394600804134,0.15,0.569620253164557,0.2375,0.825,0.7625,0.25625,0.25625,0.7,,0.50625,0.8375,0.4041666666666666,0.8083333333333332,0.6343749999999999,0.5310416666666666,0.615625,0.5733333333333333,22.0,monitor,"Proxy score from public NDIA service-area data. It combines benchmark gaps, utilisation friction, unspent committed funding and provider-activity indicators; it is a triage signal, not proof of unmet need.",supply_response_gap is participant growth minus provider growth; it is not a provider caseload measure.,2025,static 2025 ERP denominator from local processed file; quarterly interpolation unavailable without annual series,derived_from_local_curated_source
2025Q1,2025 Q1,2024-09-30,ndia_service_area,Fleurieu and Kangaroo Island,Fleurieu and Kangaroo Island,SA,Inner Regional Australia,60395.0,1826.0,1826.0,30.23429091812236,30.23429091812236,0.04882251579551977,0.04882251579551977,81000.0,34000.0,147906000.0,93385000.0,51141.84008762322,51141.84008762322,1546237.2712972928,0.6313807418225089,54521000.0,29858.15991237678,0.72,26.153554026565185,0.7601002932313932,82459.7494204458,60716.14056683959,29.378540729741957,0.749585874550338,79082.76206451863,56908.5598208139,-4.080736891557173,0.04010029323139321,1459.7494204458053,9574.30047921637,-0.8557501883804051,0.029585874550337933,-1917.2379354813747,5766.719733190679,,,,,,,0.03539077311986527,0.012499999999999956,,0.3686192581774911,0.15,0.6075949367088608,0.2375,0.8375,0.725,0.25625,0.25,0.6875,,0.50625,0.8625,0.3979166666666667,0.8083333333333332,0.615625,0.5297916666666667,0.6072916666666667,0.5685416666666667,24.0,monitor,"Proxy score from public NDIA service-area data. It combines benchmark gaps, utilisation friction, unspent committed funding and provider-activity indicators; it is a triage signal, not proof of unmet need.",supply_response_gap is participant growth minus provider growth; it is not a provider caseload measure.,2025,static 2025 ERP denominator from local processed file; quarterly interpolation unavailable without annual series,derived_from_local_curated_source
2025Q2,2025 Q2,2024-12-31,ndia_service_area,Fleurieu and Kangaroo Island,Fleurieu and Kangaroo Island,SA,Inner Regional Australia,60395.0,1895.0,1895.0,31.376769600132462,31.376769600132462,0.037787513691128094,0.037787513691128094,81000.0,33900.0,153495000.0,97598000.0,51502.902374670186,51502.902374670186,1615994.7015481414,0.6358383009218541,55897000.0,29497.097625329814,0.7,26.957763247112997,0.7465297732931997,82492.94748629373,60067.7940397898,30.345785307596167,0.7338446519006651,79096.43428753808,56188.57394969421,-4.419006353019469,0.04652977329319967,1492.947486293735,8564.891665119612,-1.0309842925362958,0.033844651900665074,-1903.5657124619174,4685.6715750240255,,,,,,,0.04511431172029767,0.0,,0.3641616990781459,0.1625,0.6075949367088608,0.2625,0.825,0.775,0.25625,0.24375,0.675,,0.50625,0.8375,0.39166666666666666,0.8125,0.640625,0.540625,0.6149305555555555,0.5777777777777777,20.0,monitor,"Proxy score from public NDIA service-area data. It combines benchmark gaps, utilisation friction, unspent committed funding and provider-activity indicators; it is a triage signal, not proof of unmet need.",supply_response_gap is participant growth minus provider growth; it is not a provider caseload measure.,2025,static 2025 ERP denominator from local processed file; quarterly interpolation unavailable without annual series,derived_from_local_curated_source
2025Q3,2025 Q3,2025-03-31,ndia_service_area,Fleurieu and Kangaroo Island,Fleurieu and Kangaroo Island,SA,Inner Regional Australia,60395.0,,1944.0,,32.188095040980215,,0.02585751978891815,82000.0,,159408000.0,100843000.0,51873.97119341564,,1669724.3149267323,0.6326094047977516,58565000.0,30126.028806584363,0.7,27.40732028960876,0.7506086859240299,84432.45028614352,60802.47507148593,30.943280669707555,0.735953040708486,80949.4227901239,56650.43820079907,-4.780774751371453,0.050608685924029825,2432.4502861435176,8928.503878070296,-1.2448143712726605,0.035953040708485984,-1050.5772098760935,4776.467007383435,,,,,,,0.03324863214410123,0.012345679012345734,,0.36739059520224837,0.1625,0.620253164556962,0.2625,0.7875,0.80625,0.25625,0.25625,0.65,,0.50625,0.8125,0.3875,0.8020833333333334,0.65625,0.5341666666666667,0.6152777777777778,0.5747222222222222,19.0,monitor,"Proxy score from public NDIA service-area data. It combines benchmark gaps, utilisation friction, unspent committed funding and provider-activity indicators; it is a triage signal, not proof of unmet need.",supply_response_gap is participant growth minus provider growth; it is not a provider caseload measure.,2025,static 2025 ERP denominator from local processed file; quarterly interpolation unavailable without annual series,funded_plan_context_only
2025Q4,2025 Q4,2025-06-30,ndia_service_area,Fleurieu and Kangaroo Island,Fleurieu and Kangaroo Island,SA,Inner Regional Australia,60395.0,,1969.0,,32.602036592433144,,0.012860082304526843,85000.0,,167365000.0,107104000.0,54395.12442864398,,1773391.8370726053,0.639942640336988,60261000.0,30604.875571356017,0.7,27.77839830958376,0.7514285432706143,85151.38506175322,62192.49868267691,31.40646420190928,0.7357142727569568,81348.30207161774,57871.566955701484,-4.823638282849387,0.05142854327061428,151.38506175321527,7797.374254032926,-1.1955723905238678,0.03571427275695683,-3651.6979283822584,3476.442527057501,,,,,,,0.062086609878722276,0.03658536585365857,,0.360057359663012,0.1625,0.6455696202531646,0.2875,0.8125,0.8125,0.26875,0.25,0.625,,0.50625,0.8125,0.38125000000000003,0.8125,0.659375,0.546875,0.6177083333333334,0.5822916666666667,21.0,monitor,"Proxy score from public NDIA service-area data. It combines benchmark gaps, utilisation friction, unspent committed funding and provider-activity indicators; it is a triage signal, not proof of unmet need.",supply_response_gap is participant growth minus provider growth; it is not a provider caseload measure.,2025,static 2025 ERP denominator from local processed file; quarterly interpolation unavailable without annual series,funded_plan_context_only
2026Q1,2026 Q1,2025-09-30,ndia_service_area,Fleurieu and Kangaroo Island,Fleurieu and Kangaroo Island,SA,Inner Regional Australia,60395.0,,2013.0,,33.33057372299032,,0.022346368715083775,85000.0,,171105000.0,111089000.0,55185.79234972678,,1839374.1203742032,0.6492446158791385,60016000.0,29814.207650273223,0.7,28.253214646769933,0.7386029448813405,85151.81887829916,62709.42778038322,32.03344264863498,0.7233427743146025,81102.38055009648,58210.68357447111,-5.077359076220382,0.038602944881340445,151.81887829916377,7523.635430656446,-1.2971310743553346,0.023342774314602507,-3897.619449903519,3024.891224744337,,,,,,,0.03720682700926203,0.0,,0.3507553841208615,0.1625,0.6455696202531646,0.3,0.8125,0.65625,0.26875,0.24375,0.5875,,0.50625,0.825,0.3666666666666667,0.7645833333333334,0.58125,0.5241666666666667,0.5708333333333334,0.5475000000000001,25.0,monitor,"Proxy score from public NDIA service-area data. It combines benchmark gaps, utilisation friction, unspent committed funding and provider-activity indicators; it is a triage signal, not proof of unmet need.",supply_response_gap is participant growth minus provider growth; it is not a provider caseload measure.,2025,static 2025 ERP denominator from local processed file; quarterly interpolation unavailable without annual series,funded_plan_context_only
2024Q2,2024 Q2,2023-12-31,ndia_service_area,Goldfields-Esperance,Goldfields-Esperance,WA,Very Remote Australia,58079.0,959.0,959.0,16.511992286368567,16.511992286368567,,,98000.0,39500.0,93982000.0,53846000.0,56148.070907195,56148.070907195,927116.5137140792,0.5729394990530101,40136000.0,41851.929092805,0.67,24.12050932082575,0.774810548394224,79559.82881407744,60116.50993792392,26.179182279595977,0.7299395777967206,87236.47395075967,60770.62127062127,7.608517034457183,0.104810548394224,-18440.17118592256,3968.4390307289214,9.66718999322741,0.059939577796720586,-10763.526049240332,4622.550363426271,110.0,348.0,8.718181818181819,8.718181818181819,114.70281543274244,,,,,0.4270605009469899,0.0875,0.0759493670886076,0.475,0.9375,0.89375,0.9875,0.25625,0.6625,0.1125,0.50625,0.925,0.6354166666666666,0.9187500000000001,0.5041666666666668,0.5845833333333335,0.6861111111111112,0.6353472222222223,8.0,advocacy watchlist,"Proxy score from public NDIA service-area data. It combines benchmark gaps, utilisation friction, unspent committed funding and provider-activity indicators; it is a triage signal, not proof of unmet need.",supply_response_gap is participant growth minus provider growth; it is not a provider caseload measure.,2025,static 2025 ERP denominator from local processed file; quarterly interpolation unavailable without annual series,derived_from_local_curated_source
2024Q3,2024 Q3,2024-03-31,ndia_service_area,Goldfields-Esperance,Goldfields-Esperance,WA,Very Remote Australia,58079.0,1011.0,1011.0,17.407324506275938,17.407324506275938,0.054223149113659996,0.054223149113659996,101000.0,40600.0,102111000.0,57100000.0,56478.73392680514,56478.733926805144,983143.6491675132,0.5591953854139123,45011000.0,44521.266073194856,0.65,24.68676284471637,0.7773084731227313,81027.36890354347,60498.99233345409,26.741674362372237,0.7287384335959551,89029.82107355865,61786.02459318165,7.279438338440428,0.12730847312273127,-19972.631096456535,4020.2584066489508,9.334349856096296,0.0787384335959551,-11970.178926441353,5307.290666376517,,,,,,,0.06043160123314628,0.030612244897959107,,0.44080461458608766,0.07692307692307693,0.09090909090909091,0.47435897435897434,0.9625,0.95625,0.975,0.2625,0.6625,,0.50625,0.9375,0.6333333333333333,0.9520833333333334,0.73125,0.6394230769230769,0.7722222222222221,0.7058226495726495,2.0,provider opportunity: under-serviced,"Proxy score from public NDIA service-area data. It combines benchmark gaps, utilisation friction, unspent committed funding and provider-activity indicators; it is a triage signal, not proof of unmet need.",supply_response_gap is participant growth minus provider growth; it is not a provider caseload measure.,2025,static 2025 ERP denominator from local processed file; quarterly interpolation unavailable without annual series,derived_from_local_curated_source
2024Q4,2024 Q4,2024-06-30,ndia_service_area,Goldfields-Esperance,Goldfields-Esperance,WA,Very Remote Australia,58079.0,1031.0,1031.0,17.751683052394153,17.751683052394153,0.01978239366963397,0.01978239366963397,105000.0,41600.0,108255000.0,60074000.0,58267.70126091174,58267.70126091174,1034349.7649752924,0.5549304881991594,48181000.0,46732.29873908826,0.68,25.27144981343164,0.7784608418203379,82439.3926044259,61164.480098449734,27.315980747937253,0.7307607285309241,91044.45191984238,62759.91157672161,7.519766761037484,0.09846084182033792,-22560.6073955741,2896.778837537997,9.5642976955431,0.05076072853092413,-13955.54808015762,4492.210315809876,,,,,,,0.05208406304728541,0.03960396039603964,,0.44506951180084064,0.0875,0.08860759493670886,0.5,0.9625,0.9,0.9625,0.25625,0.6375,,0.50625,0.95,0.61875,0.9375,0.703125,0.6381249999999999,0.7531249999999999,0.6956249999999999,4.0,provider opportunity: under-serviced,"Proxy score from public NDIA service-area data. It combines benchmark gaps, utilisation friction, unspent committed funding and provider-activity indicators; it is a triage signal, not proof of unmet need.",supply_response_gap is participant growth minus provider growth; it is not a provider caseload measure.,2025,static 2025 ERP denominator from local processed file; quarterly interpolation unavailable without annual series,derived_from_local_curated_source
2025Q1,2025 Q1,2024-09-30,ndia_service_area,Goldfields-Esperance,Goldfields-Esperance,WA,Very Remote Australia,58079.0,1055.0,1055.0,18.164913307736015,18.16491330773601,0.023278370514064006,0.023278370514064006,107000.0,41700.0,112885000.0,62771000.0,59498.578199052135,59498.578199052135,1080786.5149193339,0.5560614784958143,50114000.0,47501.421800947865,0.67,26.153554026565185,0.7601002932313932,82459.7494204458,60716.14056683959,28.08981758060144,0.7175297333925275,91778.55924480688,62539.22003878777,7.988640718829171,0.0901002932313932,-24540.250579554195,1217.5623677874537,9.924904272865426,0.04752973339252747,-15221.440755193122,3040.641839735632,,,,,,,0.044894629956387044,0.01904761904761898,,0.44393852150418567,0.0875,0.08860759493670886,0.5125,0.95,0.85625,0.975,0.25,0.5625,,0.50625,0.925,0.5958333333333333,0.9104166666666668,0.6812499999999999,0.6283333333333333,0.7291666666666666,0.67875,4.0,provider opportunity: under-serviced,"Proxy score from public NDIA service-area data. It combines benchmark gaps, utilisation friction, unspent committed funding and provider-activity indicators; it is a triage signal, not proof of unmet need.",supply_response_gap is participant growth minus provider growth; it is not a provider caseload measure.,2025,static 2025 ERP denominator from local processed file; quarterly interpolation unavailable without annual series,derived_from_local_curated_source
2025Q2,2025 Q2,2024-12-31,ndia_service_area,Goldfields-Esperance,Goldfields-Esperance,WA,Very Remote Australia,58079.0,1104.0,1104.0,19.00859174572565,19.00859174572565,0.04644549763033168,0.04644549763033168,106000.0,41400.0,117024000.0,68600000.0,62137.68115942029,62137.68115942029,1181149.8131854888,0.5862045392398141,48424000.0,43862.31884057971,0.65,26.957763247112997,0.7465297732931997,82492.94748629373,60067.7940397898,28.799988448237272,0.6997169488821533,91472.6178809909,62312.67804644591,7.949171501387344,0.09652977329319969,-23507.052513706265,-2069.88711963049,9.791396702511625,0.04971694888215325,-14527.382119009097,174.9968870256198,,,,,,,0.09286135317264343,-0.009345794392523366,,0.4137954607601859,0.1,0.08860759493670886,0.6875,0.9375,0.88125,0.975,0.24375,0.45,,0.50625,0.9,0.55625,0.90625,0.69375,0.665,0.71875,0.691875,4.0,provider opportunity: under-serviced,"Proxy score from public NDIA service-area data. It combines benchmark gaps, utilisation friction, unspent committed funding and provider-activity indicators; it is a triage signal, not proof of unmet need.",supply_response_gap is participant growth minus provider growth; it is not a provider caseload measure.,2025,static 2025 ERP denominator from local processed file; quarterly interpolation unavailable without annual series,derived_from_local_curated_source
2025Q3,2025 Q3,2025-03-31,ndia_service_area,Goldfields-Esperance,Goldfields-Esperance,WA,Very Remote Australia,58079.0,,1115.0,,19.19798894609067,,0.009963768115942129,109000.0,,121535000.0,71499000.0,64124.66367713005,,1231064.5844453245,0.588299666762661,50036000.0,44875.33632286995,0.66,27.40732028960876,0.7506086859240299,84432.45028614352,60802.47507148593,29.255495455759704,0.6998867027124044,93888.60969645302,63068.60655553811,8.209331343518091,0.09060868592402985,-24567.549713856482,-3322.1886056441144,10.057506509669032,0.039886702712404375,-15111.390303546985,-1056.0571215919408,,,,,,,0.042259475218658915,0.028301886792452935,,0.411700333237339,0.1,0.08860759493670886,0.7,0.95,0.8375,0.975,0.25625,0.225,,0.50625,0.8875,0.48541666666666666,0.8916666666666666,0.671875,0.6627083333333333,0.6829861111111111,0.6728472222222222,6.0,provider opportunity: under-serviced,"Proxy score from public NDIA service-area data. It combines benchmark gaps, utilisation friction, unspent committed funding and provider-activity indicators; it is a triage signal, not proof of unmet need.",supply_response_gap is participant growth minus provider growth; it is not a provider caseload measure.,2025,static 2025 ERP denominator from local processed file; quarterly interpolation unavailable without annual series,funded_plan_context_only
2025Q4,2025 Q4,2025-06-30,ndia_service_area,Goldfields-Esperance,Goldfields-Esperance,WA,Very Remote Australia,58079.0,,1158.0,,19.93835982024484,,0.0385650224215246,109000.0,,126222000.0,76695000.0,66230.56994818653,,1320528.9347268376,0.6076199077815277,49527000.0,42769.43005181347,0.65,27.77839830958376,0.7514285432706143,85151.38506175322,62192.49868267691,29.615831690817068,0.7017884845529896,94950.29032401046,64775.29808075883,7.840038489338916,0.10142854327061429,-23848.614938246785,-4038.0712655096213,9.677471870572226,0.051788484552989615,-14049.709675989536,-1455.2718674276985,,,,,,,0.0726723450677631,0.0,,0.39238009221847225,0.0875,0.08860759493670886,0.7375,0.9375,0.875,0.975,0.25,0.21875,,0.50625,0.8875,0.48125,0.9,0.690625,0.670625,0.6906250000000002,0.680625,5.0,provider opportunity: under-serviced,"Proxy score from public NDIA service-area data. It combines benchmark gaps, utilisation friction, unspent committed funding and provider-activity indicators; it is a triage signal, not proof of unmet need.",supply_response_gap is participant growth minus provider growth; it is not a provider caseload measure.,2025,static 2025 ERP denominator from local processed file; quarterly interpolation unavailable without annual series,funded_plan_context_only
2026Q1,2026 Q1,2025-09-30,ndia_service_area,Goldfields-Esperance,Goldfields-Esperance,WA,Very Remote Australia,58079.0,,1178.0,,20.282718366363056,,0.017271157167530138,111000.0,,130758000.0,80276000.0,68146.01018675721,,1382186.3324093046,0.6139280197005155,50482000.0,42853.989813242784,0.66,28.253214646769933,0.7386029448813405,85151.81887829916,62709.42778038322,29.935474216268688,0.6915735929312197,94840.2069766932,65463.76811594203,7.970496280406877,0.07860294488134045,-25848.181121700836,-5436.582406373986,9.652755849905631,0.03157359293121971,-16159.793023306804,-2682.2420708151767,,,,,,,0.04669144011995563,0.0183486238532109,,0.38607198029948453,0.1,0.08860759493670886,0.775,0.925,0.775,0.975,0.24375,0.21875,,0.50625,0.8875,0.4791666666666667,0.8625000000000002,0.640625,0.6606250000000001,0.6607638888888889,0.6606944444444445,8.0,monitor,"Proxy score from public NDIA service-area data. It combines benchmark gaps, utilisation friction, unspent committed funding and provider-activity indicators; it is a triage signal, not proof of unmet need.",supply_response_gap is participant growth minus provider growth; it is not a provider caseload measure.,2025,static 2025 ERP denominator from local processed file; quarterly interpolation unavailable without annual series,funded_plan_context_only
2024Q2,2024 Q2,2023-12-31,ndia_service_area,Goulburn,Goulburn,VIC,Inner Regional Australia,186677.0,5285.0,5286.0,28.310932787649254,28.31628963396669,,,66000.0,28400.0,348876000.0,248045000.0,46924.895951570186,46933.774834437085,1328738.9448084126,0.7109832719934877,100831000.0,19075.104048429814,0.74,24.12050932082575,0.774810548394224,79559.82881407744,60116.50993792392,26.8899974718611,0.7630061336695022,76355.8163924701,56667.37290379991,-4.19578031314094,0.034810548394223984,13559.828814077438,13191.613986353732,-1.4262921621055895,0.023006133669502157,10355.816392470093,9742.476952229721,423.0,1352.0,12.49645390070922,12.494089834515366,80.02270147559591,,,,,0.28901672800651235,0.425,0.620253164556962,0.175,0.325,0.65,0.24375,0.8625,0.8125,0.3375,0.50625,0.65,0.6395833333333333,0.5416666666666666,0.4979166666666666,0.39291666666666664,0.5597222222222221,0.4763194444444444,47.0,monitor,"Proxy score from public NDIA service-area data. It combines benchmark gaps, utilisation friction, unspent committed funding and provider-activity indicators; it is a triage signal, not proof of unmet need.",supply_response_gap is participant growth minus provider growth; it is not a provider caseload measure.,2025,static 2025 ERP denominator from local processed file; quarterly interpolation unavailable without annual series,derived_from_local_curated_source
2024Q3,2024 Q3,2024-03-31,ndia_service_area,Goulburn,Goulburn,VIC,Inner Regional Australia,186677.0,5457.0,5458.0,29.232310354248245,29.237667200565685,0.03254493850520346,0.03253878168747626,69000.0,28900.0,376602000.0,263543000.0,48285.63576401612,48294.484148799704,1411759.3490360354,0.6997918226669003,113059000.0,20714.364235983878,0.74,24.68676284471637,0.7773084731227313,81027.36890354347,60498.99233345409,27.71623599286424,0.7648604023741618,77994.1725121406,56947.80441429636,-4.550904355849319,0.03730847312273127,12027.368903543465,12213.356569437965,-1.521431207701447,0.024860402374161764,8994.172512140605,8662.16865028024,,,,,,,0.062480598278538135,0.045454545454545414,,0.3002081773330997,0.41025641025641024,0.6233766233766234,0.1794871794871795,0.3875,0.6875,0.26875,0.8125,0.7875,,0.50625,0.6625,0.6229166666666667,0.5791666666666666,0.596875,0.4306570512820513,0.5996527777777778,0.5151549145299146,35.0,monitor,"Proxy score from public NDIA service-area data. It combines benchmark gaps, utilisation friction, unspent committed funding and provider-activity indicators; it is a triage signal, not proof of unmet need.",supply_response_gap is participant growth minus provider growth; it is not a provider caseload measure.,2025,static 2025 ERP denominator from local processed file; quarterly interpolation unavailable without annual series,derived_from_local_curated_source
2024Q4,2024 Q4,2024-06-30,ndia_service_area,Goulburn,Goulburn,VIC,Inner Regional Australia,186677.0,5678.0,5678.0,30.4161733904016,30.4161733904016,0.04049844236760114,0.04030780505679732,69000.0,29000.0,391782000.0,278035000.0,48967.06586826348,48967.065868263475,1489390.765868318,0.7096676212791808,113747000.0,20032.934131736525,0.74,25.27144981343164,0.7784608418203379,82439.3926044259,61164.480098449734,28.31985586047522,0.7685814728943384,79139.48388848934,57480.02092208034,-5.144723576969962,0.03846084182033792,13439.392604425899,12197.414230186252,-2.096317529926381,0.028581472894338447,10139.48388848934,8512.955053816855,,,,,,,0.05498912890875496,0.0,,0.2903323787208192,0.4375,0.6708860759493671,0.175,0.2125,0.7625,0.25625,0.85625,0.775,,0.50625,0.6125,0.6291666666666665,0.5291666666666667,0.6343749999999999,0.3977083333333333,0.5975694444444444,0.49763888888888885,37.0,monitor,"Proxy score from public NDIA service-area data. It combines benchmark gaps, utilisation friction, unspent committed funding and provider-activity indicators; it is a triage signal, not proof of unmet need.",supply_response_gap is participant growth minus provider growth; it is not a provider caseload measure.,2025,static 2025 ERP denominator from local processed file; quarterly interpolation unavailable without annual series,derived_from_local_curated_source
2025Q1,2025 Q1,2024-09-30,ndia_service_area,Goulburn,Goulburn,VIC,Inner Regional Australia,186677.0,5980.0,5980.0,32.033940978267275,32.033940978267275,0.053187742162733365,0.053187742162733365,69000.0,28000.0,412620000.0,289564000.0,48422.07357859532,48422.073578595315,1551149.8470620378,0.7017691822984828,123056000.0,20577.92642140468,0.73,26.153554026565185,0.7601002932313932,82459.7494204458,60716.14056683959,29.378540729741957,0.749585874550338,79082.76206451863,56908.5598208139,-5.880386951702089,0.03010029323139321,13459.749420445805,12294.066988244267,-2.6554002485253214,0.01958587455033793,10082.762064518625,8486.486242218576,,,,,,,0.04146600248170196,0.0,,0.29823081770151716,0.45,0.7088607594936709,0.175,0.2375,0.6875,0.25625,0.8625,0.7875,,0.50625,0.625,0.6354166666666666,0.5166666666666667,0.596875,0.39520833333333333,0.5829861111111111,0.4890972222222222,41.0,monitor,"Proxy score from public NDIA service-area data. It combines benchmark gaps, utilisation friction, unspent committed funding and provider-activity indicators; it is a triage signal, not proof of unmet need.",supply_response_gap is participant growth minus provider growth; it is not a provider caseload measure.,2025,static 2025 ERP denominator from local processed file; quarterly interpolation unavailable without annual series,derived_from_local_curated_source
2025Q2,2025 Q2,2024-12-31,ndia_service_area,Goulburn,Goulburn,VIC,Inner Regional Australia,186677.0,6260.0,6260.0,33.53385794714935,33.53385794714935,0.04682274247491636,0.04682274247491636,68000.0,27100.0,425680000.0,291286000.0,46531.30990415336,46531.30990415336,1560374.3364206625,0.6842839691787258,134394000.0,21468.690095846647,0.71,26.957763247112997,0.7465297732931997,82492.94748629373,60067.7940397898,30.345785307596167,0.7338446519006651,79096.43428753808,56188.57394969421,-6.576094700036357,0.036529773293199674,14492.947486293735,13536.484135636441,-3.188072639553184,0.02384465190066507,11096.434287538083,9657.264045540855,,,,,,,0.0059468718487105665,-0.01449275362318836,,0.3157160308212742,0.45,0.7341772151898734,0.125,0.2625,0.7,0.25625,0.9,0.8125,,0.50625,0.65,0.65625,0.5375,0.6031249999999999,0.39562499999999995,0.5989583333333334,0.4972916666666667,41.0,monitor,"Proxy score from public NDIA service-area data. It combines benchmark gaps, utilisation friction, unspent committed funding and provider-activity indicators; it is a triage signal, not proof of unmet need.",supply_response_gap is participant growth minus provider growth; it is not a provider caseload measure.,2025,static 2025 ERP denominator from local processed file; quarterly interpolation unavailable without annual series,derived_from_local_curated_source
2025Q3,2025 Q3,2025-03-31,ndia_service_area,Goulburn,Goulburn,VIC,Inner Regional Australia,186677.0,,6438.0,,34.48737659165296,,0.028434504792332227,70000.0,,450660000.0,302627000.0,47006.36843740292,,1621126.330506704,0.671519549105756,148033000.0,22993.63156259708,0.71,27.40732028960876,0.7506086859240299,84432.45028614352,60802.47507148593,30.943280669707555,0.735953040708486,80949.4227901239,56650.43820079907,-7.0800563020441984,0.04060868592402983,14432.450286143518,13796.106634083015,-3.544095921945406,0.025953040708485985,10949.422790123906,9644.069763396154,,,,,,,0.03893424332099715,0.02941176470588225,,0.32848045089424405,0.45,0.7721518987341772,0.1375,0.3,0.73125,0.25625,0.8875,0.7875,,0.50625,0.675,0.6437499999999999,0.56875,0.6187499999999999,0.4149999999999999,0.6104166666666666,0.5127083333333333,34.0,monitor,"Proxy score from public NDIA service-area data. It combines benchmark gaps, utilisation friction, unspent committed funding and provider-activity indicators; it is a triage signal, not proof of unmet need.",supply_response_gap is participant growth minus provider growth; it is not a provider caseload measure.,2025,static 2025 ERP denominator from local processed file; quarterly interpolation unavailable without annual series,funded_plan_context_only
2025Q4,2025 Q4,2025-06-30,ndia_service_area,Goulburn,Goulburn,VIC,Inner Regional Australia,186677.0,,6558.0,,35.13019814974528,,0.018639328984156656,70000.0,,459060000.0,313830000.0,47854.52881976212,,1681139.0798009394,0.6836361259966017,145230000.0,22145.471180237877,0.71,27.77839830958376,0.7514285432706143,85151.38506175322,62192.49868267691,31.40646420190928,0.7357142727569568,81348.30207161774,57871.566955701484,-7.351799840161526,0.041428543270614286,15151.385061753215,14337.96986291479,-3.7237339478360063,0.02571427275695683,11348.302071617742,10017.038135939365,,,,,,,0.037019168811771586,0.0,,0.31636387400339827,0.45,0.7721518987341772,0.1375,0.2625,0.7,0.26875,0.9125,0.8,,0.50625,0.675,0.6604166666666667,0.5458333333333333,0.6031249999999999,0.39979166666666666,0.6031249999999999,0.5014583333333333,39.0,monitor,"Proxy score from public NDIA service-area data. It combines benchmark gaps, utilisation friction, unspent committed funding and provider-activity indicators; it is a triage signal, not proof of unmet need.",supply_response_gap is participant growth minus provider growth; it is not a provider caseload measure.,2025,static 2025 ERP denominator from local processed file; quarterly interpolation unavailable without annual series,funded_plan_context_only
2026Q1,2026 Q1,2025-09-30,ndia_service_area,Goulburn,Goulburn,VIC,Inner Regional Australia,186677.0,,6724.0,,36.019434638439655,,0.025312595303446095,70000.0,,470680000.0,324039000.0,48191.40392623439,,1735827.1238556437,0.688448627517634,146641000.0,21808.596073765617,0.7,28.253214646769933,0.7386029448813405,85151.81887829916,62709.42778038322,32.03344264863498,0.7233427743146025,81102.38055009648,58210.68357447111,-7.766219991669722,0.038602944881340445,15151.818878299164,14518.023854148836,-3.985991989804674,0.023342774314602507,11102.38055009648,10019.279648236727,,,,,,,0.03253035082688083,0.0,,0.311551372482366,0.45,0.7974683544303798,0.15,0.2625,0.65625,0.26875,0.9,0.8,,0.50625,0.65,0.65625,0.5229166666666667,0.58125,0.39333333333333337,0.5868055555555556,0.49006944444444445,46.0,monitor,"Proxy score from public NDIA service-area data. It combines benchmark gaps, utilisation friction, unspent committed funding and provider-activity indicators; it is a triage signal, not proof of unmet need.",supply_response_gap is participant growth minus provider growth; it is not a provider caseload measure.,2025,static 2025 ERP denominator from local processed file; quarterly interpolation unavailable without annual series,funded_plan_context_only
2024Q2,2024 Q2,2023-12-31,ndia_service_area,Great Southern,Great Southern,WA,Outer Regional Australia,67150.0,1344.0,1344.0,20.01489203276247,20.01489203276247,,,75000.0,33400.0,100800000.0,61677000.0,45890.625,45890.625,918495.9046909903,0.611875,39123000.0,29109.375,0.68,24.12050932082575,0.774810548394224,79559.82881407744,60116.50993792392,29.44748036263278,0.7485395550523876,79779.69432547608,58182.44347371007,4.105617288063279,0.09481054839422401,4559.828814077438,14225.884937923918,9.43258832987031,0.06853955505238758,4779.6943254760845,12291.818473710067,103.0,406.0,13.048543689320388,13.048543689320388,76.63690476190477,,,,,0.38812500000000005,0.1125,0.20253164556962025,0.125,0.8625,0.91875,0.975,0.7125,0.875,0.3875,0.50625,0.9,0.8541666666666666,0.8937499999999999,0.6041666666666666,0.5195833333333333,0.7840277777777778,0.6518055555555555,4.0,advocacy: funding or access gap,"Proxy score from public NDIA service-area data. It combines benchmark gaps, utilisation friction, unspent committed funding and provider-activity indicators; it is a triage signal, not proof of unmet need.",supply_response_gap is participant growth minus provider growth; it is not a provider caseload measure.,2025,static 2025 ERP denominator from local processed file; quarterly interpolation unavailable without annual series,derived_from_local_curated_source
2024Q3,2024 Q3,2024-03-31,ndia_service_area,Great Southern,Great Southern,WA,Outer Regional Australia,67150.0,1372.0,1372.0,20.43186895011169,20.43186895011169,0.02083333333333326,0.02083333333333326,78000.0,33900.0,107016000.0,64092000.0,46714.28571428572,46714.28571428572,954460.1638123604,0.5989010989010989,42924000.0,31285.714285714286,0.69,24.68676284471637,0.7773084731227313,81027.36890354347,60498.99233345409,29.18486251877246,0.751550423518762,80452.36760997478,58049.56139405565,4.2548938946046775,0.08730847312273127,3027.3689035434654,13784.70661916837,8.75299356866077,0.06155042351876205,2452.3676099747827,11335.275679769933,,,,,,,0.0391556009533538,0.040000000000000036,,0.4010989010989011,0.10256410256410256,0.18181818181818182,0.14102564102564102,0.875,0.91875,0.95,0.63125,0.875,,0.50625,0.9125,0.81875,0.9020833333333332,0.7124999999999999,0.5466346153846153,0.811111111111111,0.6788728632478631,7.0,under-funded and under-serviced,"Proxy score from public NDIA service-area data. It combines benchmark gaps, utilisation friction, unspent committed funding and provider-activity indicators; it is a triage signal, not proof of unmet need.",supply_response_gap is participant growth minus provider growth; it is not a provider caseload measure.,2025,static 2025 ERP denominator from local processed file; quarterly interpolation unavailable without annual series,derived_from_local_curated_source
2024Q4,2024 Q4,2024-06-30,ndia_service_area,Great Southern,Great Southern,WA,Outer Regional Australia,67150.0,1408.0,1408.0,20.967982129560685,20.967982129560685,0.026239067055393583,0.026239067055393583,79000.0,34400.0,111232000.0,64234000.0,45620.73863636364,45620.73863636364,956574.8324646314,0.5774777042577676,46998000.0,33379.26136363636,0.7,25.27144981343164,0.7784608418203379,82439.3926044259,61164.480098449734,30.608345586211776,0.7572561652281135,82644.4615700781,59375.719276613236,4.303467683870952,0.07846084182033791,3439.3926044258988,15543.741462086095,9.640363456651093,0.057256165228113505,3644.4615700780996,13754.980640249596,,,,,,,0.002215565125132546,0.012820512820512775,,0.42252229574223243,0.1125,0.20253164556962025,0.0625,0.875,0.9125,0.975,0.6625,0.925,,0.50625,0.9,0.8541666666666666,0.8958333333333334,0.709375,0.5310416666666666,0.8197916666666667,0.6754166666666667,5.0,under-funded and under-serviced,"Proxy score from public NDIA service-area data. It combines benchmark gaps, utilisation friction, unspent committed funding and provider-activity indicators; it is a triage signal, not proof of unmet need.",supply_response_gap is participant growth minus provider growth; it is not a provider caseload measure.,2025,static 2025 ERP denominator from local processed file; quarterly interpolation unavailable without annual series,derived_from_local_curated_source
2025Q1,2025 Q1,2024-09-30,ndia_service_area,Great Southern,Great Southern,WA,Outer Regional Australia,67150.0,1476.0,1476.0,21.980640357408785,21.980640357408785,0.048295454545454586,0.048295454545454586,81000.0,34900.0,119556000.0,66137000.0,44808.26558265583,44808.265582655826,984914.3708116157,0.5531884639834053,53419000.0,36191.734417344174,0.68,26.153554026565185,0.7601002932313932,82459.7494204458,60716.14056683959,31.532697494122548,0.7415501850207962,82697.75282019569,59065.36071574622,4.172913669156401,0.08010029323139321,1459.7494204458053,15907.874984183756,9.552057136713763,0.061550185020796136,1697.7528201956884,14257.095133090384,,,,,,,0.02962605473736657,0.025316455696202445,,0.44681153601659473,0.125,0.20253164556962025,0.0625,0.875,0.90625,0.9625,0.5625,0.9375,,0.50625,0.9375,0.8208333333333333,0.90625,0.70625,0.5349999999999999,0.8111111111111112,0.6730555555555555,5.0,under-funded and under-serviced,"Proxy score from public NDIA service-area data. It combines benchmark gaps, utilisation friction, unspent committed funding and provider-activity indicators; it is a triage signal, not proof of unmet need.",supply_response_gap is participant growth minus provider growth; it is not a provider caseload measure.,2025,static 2025 ERP denominator from local processed file; quarterly interpolation unavailable without annual series,derived_from_local_curated_source
2025Q2,2025 Q2,2024-12-31,ndia_service_area,Great Southern,Great Southern,WA,Outer Regional Australia,67150.0,1514.0,1514.0,22.546537602382724,22.546537602382724,0.0257452574525745,0.0257452574525745,80000.0,34800.0,121120000.0,66596000.0,43986.78996036988,43986.78996036988,991749.8138495905,0.5498348745046235,54524000.0,36013.21003963012,0.67,26.957763247112997,0.7465297732931997,82492.94748629373,60067.7940397898,32.322438100030666,0.723891505303104,82921.77678310791,58404.145178554056,4.411225644730269,0.07652977329319967,2492.947486293735,16081.004079419916,9.775900497647942,0.05389150530310403,2921.776783107911,14417.355218184173,,,,,,,0.006940139407593415,-0.012345679012345734,,0.45016512549537646,0.1125,0.20253164556962025,0.0625,0.875,0.9125,0.9625,0.6375,0.95,,0.50625,0.9375,0.85,0.9083333333333333,0.709375,0.5335416666666666,0.8225694444444445,0.6780555555555555,5.0,under-funded and under-serviced,"Proxy score from public NDIA service-area data. It combines benchmark gaps, utilisation friction, unspent committed funding and provider-activity indicators; it is a triage signal, not proof of unmet need.",supply_response_gap is participant growth minus provider growth; it is not a provider caseload measure.,2025,static 2025 ERP denominator from local processed file; quarterly interpolation unavailable without annual series,derived_from_local_curated_source
2025Q3,2025 Q3,2025-03-31,ndia_service_area,Great Southern,Great Southern,WA,Outer Regional Australia,67150.0,,1554.0,,23.14221891288161,,0.026420079260237816,83000.0,,128982000.0,68821000.0,44286.35778635779,,1024884.5867460909,0.5335705757392505,60161000.0,38713.64221364221,0.67,27.40732028960876,0.7506086859240299,84432.45028614352,60802.47507148593,32.730046154692914,0.7269261814617647,84888.12868756366,59134.059154767165,4.265101376727152,0.08060868592402982,1432.4502861435176,16516.117285128144,9.587827241811304,0.056926181461764716,1888.1286875636579,14847.701368409376,,,,,,,0.033410415039942354,0.03750000000000009,,0.4664294242607495,0.1125,0.20253164556962025,0.0625,0.875,0.9125,0.9625,0.6,0.95,,0.50625,0.95,0.8375,0.9125,0.709375,0.534375,0.8197916666666667,0.6770833333333334,5.0,under-funded and under-serviced,"Proxy score from public NDIA service-area data. It combines benchmark gaps, utilisation friction, unspent committed funding and provider-activity indicators; it is a triage signal, not proof of unmet need.",supply_response_gap is participant growth minus provider growth; it is not a provider caseload measure.,2025,static 2025 ERP denominator from local processed file; quarterly interpolation unavailable without annual series,funded_plan_context_only
2025Q4,2025 Q4,2025-06-30,ndia_service_area,Great Southern,Great Southern,WA,Outer Regional Australia,67150.0,,1584.0,,23.58897989575577,,0.019305019305019266,85000.0,,134640000.0,73852000.0,46623.73737373737,,1099806.403574088,0.5485145573380867,60788000.0,38376.26262626263,0.66,27.77839830958376,0.7514285432706143,85151.38506175322,62192.49868267691,33.11060614399949,0.7308756031764125,85664.50093088642,60376.25859645123,4.189418413827987,0.09142854327061428,151.38506175321527,15568.761308939538,9.52162624824372,0.07087560317641248,664.5009308864246,13752.521222713862,,,,,,,0.0731026866799378,0.024096385542168752,,0.45148544266191326,0.1125,0.189873417721519,0.1,0.8875,0.9375,0.95,0.54375,0.9,,0.50625,0.9375,0.7979166666666666,0.9208333333333334,0.721875,0.5485416666666667,0.8135416666666666,0.6810416666666667,4.0,under-funded and under-serviced,"Proxy score from public NDIA service-area data. It combines benchmark gaps, utilisation friction, unspent committed funding and provider-activity indicators; it is a triage signal, not proof of unmet need.",supply_response_gap is participant growth minus provider growth; it is not a provider caseload measure.,2025,static 2025 ERP denominator from local processed file; quarterly interpolation unavailable without annual series,funded_plan_context_only
2026Q1,2026 Q1,2025-09-30,ndia_service_area,Great Southern,Great Southern,WA,Outer Regional Australia,67150.0,,1619.0,,24.11020104244229,,0.022095959595959558,85000.0,,137615000.0,76961000.0,47536.133415688695,,1146105.7334326135,0.559248628419867,60654000.0,37463.866584311305,0.66,28.253214646769933,0.7386029448813405,85151.81887829916,62709.42778038322,33.634269269780866,0.7179683189796243,85747.48693204664,60763.24328367979,4.143013604327638,0.07860294488134045,151.81887829916377,15173.294364694528,9.52406822733857,0.057968318979624345,747.4869320466387,13227.109867991094,,,,,,,0.04209770893137632,0.0,,0.440751371580133,0.1125,0.189873417721519,0.1125,0.9,0.90625,0.95,0.5375,0.8875,,0.50625,0.9375,0.7916666666666666,0.9145833333333333,0.70625,0.5491666666666667,0.8041666666666666,0.6766666666666666,4.0,under-funded and under-serviced,"Proxy score from public NDIA service-area data. It combines benchmark gaps, utilisation friction, unspent committed funding and provider-activity indicators; it is a triage signal, not proof of unmet need.",supply_response_gap is participant growth minus provider growth; it is not a provider caseload measure.,2025,static 2025 ERP denominator from local processed file; quarterly interpolation unavailable without annual series,funded_plan_context_only
2024Q2,2024 Q2,2023-12-31,ndia_service_area,Hume Moreland,Hume Moreland,VIC,Major Cities of Australia,278885.0,12587.0,12587.0,45.13329867149542,45.13329867149542,,,68000.0,27200.0,855916000.0,674929000.0,53621.1170255025,53621.1170255025,2420097.8898112127,0.7885458386103309,180987000.0,14378.882974497497,0.81,24.12050932082575,0.774810548394224,79559.82881407744,60116.50993792392,21.54075115403415,0.7958582408716173,80400.51139569166,62712.29290901039,-21.012789350669667,-0.03518945160577601,11559.828814077438,6495.392912421419,-23.592547517461263,-0.014141759128382746,12400.511395691661,9091.175883507894,1039.0,2682.0,12.114533205004813,12.114533205004813,82.54548343529038,,,,,0.2114541613896691,0.825,1.0,0.3375,0.025,0.1875,0.24375,0.95,0.8,0.2875,0.50625,0.075,0.6645833333333333,0.09583333333333333,0.32708333333333334,0.32208333333333333,0.3625,0.34229166666666666,79.0,monitor,"Proxy score from public NDIA service-area data. It combines benchmark gaps, utilisation friction, unspent committed funding and provider-activity indicators; it is a triage signal, not proof of unmet need.",supply_response_gap is participant growth minus provider growth; it is not a provider caseload measure.,2025,static 2025 ERP denominator from local processed file; quarterly interpolation unavailable without annual series,derived_from_local_curated_source
2024Q3,2024 Q3,2024-03-31,ndia_service_area,Hume Moreland,Hume Moreland,VIC,Major Cities of Australia,278885.0,12990.0,12990.0,46.57833874177528,46.57833874177528,0.03201716056248505,0.03201716056248505,69000.0,27800.0,896310000.0,703834000.0,54182.75596612779,54182.75596612779,2523742.761353246,0.7852573328424317,192476000.0,14817.24403387221,0.81,24.68676284471637,0.7773084731227313,81027.36890354347,60498.99233345409,22.15635799622129,0.7987044245491112,81921.83021338335,63196.969696969696,-21.89157589705892,-0.03269152687726873,12027.368903543465,6316.236367326295,-24.42198074555399,-0.011295575450888861,12921.83021338335,9014.213730841904,,,,,,,0.04282672695942824,0.014705882352941124,,0.2147426671575683,0.8205128205128205,1.0,0.3333333333333333,0.0375,0.20625,0.26875,0.95,0.8,,0.50625,0.1,0.6729166666666666,0.11458333333333333,0.35624999999999996,0.3324358974358974,0.3812499999999999,0.35684294871794864,76.0,advocacy: funding or access gap,"Proxy score from public NDIA service-area data. It combines benchmark gaps, utilisation friction, unspent committed funding and provider-activity indicators; it is a triage signal, not proof of unmet need.",supply_response_gap is participant growth minus provider growth; it is not a provider caseload measure.,2025,static 2025 ERP denominator from local processed file; quarterly interpolation unavailable without annual series,derived_from_local_curated_source
2024Q4,2024 Q4,2024-06-30,ndia_service_area,Hume Moreland,Hume Moreland,VIC,Major Cities of Australia,278885.0,13218.0,13218.0,47.39588002223138,47.39588002223138,0.01755196304849882,0.01755196304849882,71000.0,28700.0,938478000.0,727833000.0,55063.77666817976,55063.77666817976,2609796.1525359913,0.7755461502560529,210645000.0,15936.223331820245,0.81,25.27144981343164,0.7784608418203379,82439.3926044259,61164.480098449734,22.563669931499856,0.7973695351274968,83207.46100966579,63732.73450666296,-22.124430208799744,-0.03153915817966208,11439.392604425899,6100.703430269976,-24.832210090731525,-0.012630464872503211,12207.461009665785,8668.957838483198,,,,,,,0.03409752867863736,0.02898550724637672,,0.2244538497439471,0.825,1.0,0.3625,0.025,0.2125,0.25625,0.9375,0.8,,0.50625,0.075,0.6645833333333334,0.10416666666666667,0.359375,0.33520833333333333,0.37604166666666666,0.35562499999999997,75.0,monitor,"Proxy score from public NDIA service-area data. It combines benchmark gaps, utilisation friction, unspent committed funding and provider-activity indicators; it is a triage signal, not proof of unmet need.",supply_response_gap is participant growth minus provider growth; it is not a provider caseload measure.,2025,static 2025 ERP denominator from local processed file; quarterly interpolation unavailable without annual series,derived_from_local_curated_source
2025Q1,2025 Q1,2024-09-30,ndia_service_area,Hume Moreland,Hume Moreland,VIC,Major Cities of Australia,278885.0,13661.0,13661.0,48.98434838732811,48.98434838732811,0.03351490391889844,0.03351490391889844,72000.0,28400.0,983592000.0,758807000.0,55545.494473318206,55545.494473318206,2720859.8526274273,0.7714652010183084,224785000.0,16454.505526681794,0.79,26.153554026565185,0.7601002932313932,82459.7494204458,60716.14056683959,23.368427888963133,0.777901017449582,83196.99210700695,63287.15620185708,-22.830794360762926,-0.02989970676860679,10459.749420445805,5170.646093521384,-25.61592049836498,-0.012098982550418072,11196.992107006954,7741.661728538871,,,,,,,0.042556465562842094,0.014084507042253502,,0.2285347989816916,0.825,1.0,0.425,0.025,0.21875,0.25625,0.91875,0.75,,0.50625,0.1,0.6416666666666666,0.11458333333333333,0.3625,0.35041666666666665,0.3729166666666666,0.36166666666666664,76.0,monitor,"Proxy score from public NDIA service-area data. It combines benchmark gaps, utilisation friction, unspent committed funding and provider-activity indicators; it is a triage signal, not proof of unmet need.",supply_response_gap is participant growth minus provider growth; it is not a provider caseload measure.,2025,static 2025 ERP denominator from local processed file; quarterly interpolation unavailable without annual series,derived_from_local_curated_source
2025Q2,2025 Q2,2024-12-31,ndia_service_area,Hume Moreland,Hume Moreland,VIC,Major Cities of Australia,278885.0,14074.0,14074.0,50.465245531312185,50.465245531312185,0.03023204743430208,0.03023204743430208,72000.0,28100.0,1013328000.0,778836000.0,55338.63862441381,55338.63862441381,2792677.9855495994,0.7685922031168585,234492000.0,16661.361375586188,0.78,26.957763247112997,0.7465297732931997,82492.94748629373,60067.7940397898,24.112356938543137,0.7670216640247125,83199.73444972835,62621.1139562926,-23.50748228419919,-0.033470226706800325,10492.947486293735,4729.155415375986,-26.352888592769048,-0.012978335975287508,11199.734449728348,7282.475331878784,,,,,,,0.026395381170706056,0.0,,0.2314077968831415,0.825,1.0,0.425,0.0125,0.19375,0.25625,0.91875,0.7375,,0.50625,0.075,0.6375,0.09375,0.35,0.34125,0.3604166666666666,0.35083333333333333,78.0,monitor,"Proxy score from public NDIA service-area data. It combines benchmark gaps, utilisation friction, unspent committed funding and provider-activity indicators; it is a triage signal, not proof of unmet need.",supply_response_gap is participant growth minus provider growth; it is not a provider caseload measure.,2025,static 2025 ERP denominator from local processed file; quarterly interpolation unavailable without annual series,derived_from_local_curated_source
2025Q3,2025 Q3,2025-03-31,ndia_service_area,Hume Moreland,Hume Moreland,VIC,Major Cities of Australia,278885.0,,14188.0,,50.87401617154024,,0.008100042631803417,74000.0,,1049912000.0,800776000.0,56440.37214547505,,2871348.4052566467,0.7627077316956088,249136000.0,17559.62785452495,0.79,27.40732028960876,0.7506086859240299,84432.45028614352,60802.47507148593,24.50313856910154,0.7729322500306646,85141.60084900781,63507.002181182106,-23.46669588193148,-0.03939131407597017,10432.450286143518,4362.102926010884,-26.3708776024387,-0.017067749969335466,11141.60084900781,7066.630035707058,,,,,,,0.02817024379972155,0.02777777777777768,,0.2372922683043912,0.8125,1.0,0.45,0.0125,0.2125,0.25625,0.90625,0.725,,0.50625,0.075,0.6291666666666668,0.09999999999999999,0.359375,0.346875,0.36284722222222227,0.3548611111111111,79.0,monitor,"Proxy score from public NDIA service-area data. It combines benchmark gaps, utilisation friction, unspent committed funding and provider-activity indicators; it is a triage signal, not proof of unmet need.",supply_response_gap is participant growth minus provider growth; it is not a provider caseload measure.,2025,static 2025 ERP denominator from local processed file; quarterly interpolation unavailable without annual series,funded_plan_context_only
2025Q4,2025 Q4,2025-06-30,ndia_service_area,Hume Moreland,Hume Moreland,VIC,Major Cities of Australia,278885.0,,14338.0,,51.41187227710346,,0.010572314632083524,76000.0,,1089688000.0,842137000.0,58734.6212860929,,3019656.8478046507,0.772823964290696,247551000.0,17265.3787139071,0.79,27.77839830958376,0.7514285432706143,85151.38506175322,62192.49868267691,24.83518208130649,0.7733698580403464,85996.54571858524,64997.01926820798,-23.633473967519706,-0.03857145672938572,9151.385061753215,3457.8773965840082,-26.57669019579697,-0.0166301419596536,9996.545718585243,6262.397982115079,,,,,,,0.05165114838606555,0.027027027027026973,,0.227176035709304,0.8125,1.0,0.475,0.0125,0.1875,0.26875,0.875,0.7,,0.50625,0.075,0.6145833333333334,0.09166666666666667,0.346875,0.3477083333333334,0.3510416666666667,0.34937500000000005,76.0,monitor,"Proxy score from public NDIA service-area data. It combines benchmark gaps, utilisation friction, unspent committed funding and provider-activity indicators; it is a triage signal, not proof of unmet need.",supply_response_gap is participant growth minus provider growth; it is not a provider caseload measure.,2025,static 2025 ERP denominator from local processed file; quarterly interpolation unavailable without annual series,funded_plan_context_only
2026Q1,2026 Q1,2025-09-30,ndia_service_area,Hume Moreland,Hume Moreland,VIC,Major Cities of Australia,278885.0,,14604.0,,52.36567043763559,,0.01855209931650159,76000.0,,1109904000.0,867143000.0,59377.08846891263,,3109321.0463094106,0.7812774798541136,242761000.0,16622.911531087375,0.78,28.253214646769933,0.7386029448813405,85151.81887829916,62709.42778038322,25.249615768421013,0.7599765041363589,86109.56887160339,65613.772509322,-24.112455790865653,-0.04139705511865955,9151.818878299164,3332.3393114705905,-27.116054669214574,-0.02002349586364119,10109.568871603391,6236.684040409375,,,,,,,0.02969350592599551,0.0,,0.21872252014588645,0.8125,1.0,0.4875,0.0125,0.2,0.26875,0.8875,0.7,,0.50625,0.0625,0.61875,0.09166666666666667,0.353125,0.3514583333333333,0.35451388888888885,0.3529861111111111,77.0,monitor,"Proxy score from public NDIA service-area data. It combines benchmark gaps, utilisation friction, unspent committed funding and provider-activity indicators; it is a triage signal, not proof of unmet need.",supply_response_gap is participant growth minus provider growth; it is not a provider caseload measure.,2025,static 2025 ERP denominator from local processed file; quarterly interpolation unavailable without annual series,funded_plan_context_only
2024Q2,2024 Q2,2023-12-31,ndia_service_area,Hunter New England,Hunter New England,NSW,Outer Regional Australia,1013517.0,32828.0,32828.0,32.39018191110756,32.39018191110756,,,79000.0,28700.0,2593412000.0,1983233000.0,60412.84878762032,60412.84878762032,1956783.161999256,0.7647196049065864,610179000.0,18587.151212379675,0.78,24.12050932082575,0.774810548394224,79559.82881407744,60116.50993792392,29.44748036263278,0.7485395550523876,79779.69432547608,58182.44347371007,-8.269672590281811,-0.005189451605776014,559.8288140774384,-296.3388496964035,-2.94270154847478,-0.031460444947612416,779.6943254760845,-2230.4053139102543,1357.0,4334.0,24.191599115696388,24.191599115696388,41.336663823565246,,,,,0.23528039509341359,1.0,0.8860759493670886,0.625,0.2625,0.1875,0.24375,0.5375,0.225,0.9875,0.50625,0.2875,0.3354166666666667,0.24583333333333335,0.5604166666666667,0.5387500000000001,0.38055555555555554,0.4596527777777778,55.0,monitor,"Proxy score from public NDIA service-area data. It combines benchmark gaps, utilisation friction, unspent committed funding and provider-activity indicators; it is a triage signal, not proof of unmet need.",supply_response_gap is participant growth minus provider growth; it is not a provider caseload measure.,2025,static 2025 ERP denominator from local processed file; quarterly interpolation unavailable without annual series,derived_from_local_curated_source
2024Q3,2024 Q3,2024-03-31,ndia_service_area,Hunter New England,Hunter New England,NSW,Outer Regional Australia,1013517.0,33622.0,33622.0,33.17359254950829,33.17359254950829,0.02418666991592544,0.02418666991592544,80000.0,29400.0,2689760000.0,2034033000.0,60497.08524180596,60497.08524180596,2006905.6562445427,0.7562135655225745,655727000.0,19502.914758194038,0.78,24.68676284471637,0.7773084731227313,81027.36890354347,60498.99233345409,29.18486251877246,0.751550423518762,80452.36760997478,58049.56139405565,-8.486829704791926,-0.002691526877268728,1027.3689035434654,1.9070916481286986,-3.9887300307358338,-0.028449576481237956,452.3676099747827,-2447.523847750308,,,,,,,0.025614741182705236,0.012658227848101333,,0.24378643447742554,1.0,0.8831168831168831,0.6153846153846154,0.2625,0.20625,0.26875,0.525,0.23125,,0.50625,0.2875,0.3416666666666666,0.2520833333333333,0.35624999999999996,0.49724358974358973,0.31666666666666665,0.4069551282051282,61.0,monitor,"Proxy score from public NDIA service-area data. It combines benchmark gaps, utilisation friction, unspent committed funding and provider-activity indicators; it is a triage signal, not proof of unmet need.",supply_response_gap is participant growth minus provider growth; it is not a provider caseload measure.,2025,static 2025 ERP denominator from local processed file; quarterly interpolation unavailable without annual series,derived_from_local_curated_source
2024Q4,2024 Q4,2024-06-30,ndia_service_area,Hunter New England,Hunter New England,NSW,Outer Regional Australia,1013517.0,33955.0,33955.0,33.502151419265786,33.502151419265786,0.009904229373624451,0.009904229373624451,82000.0,30400.0,2784310000.0,2079265000.0,61235.900456486524,61235.900456486524,2051534.4093882982,0.7467792738595918,705045000.0,20764.099543513476,0.78,25.27144981343164,0.7784608418203379,82439.3926044259,61164.480098449734,30.608345586211776,0.7572561652281135,82644.4615700781,59375.719276613236,-8.230701605834149,-0.0015391581796620809,439.39260442589875,-71.42035803679028,-2.89380583305401,-0.022743834771886497,644.4615700780996,-1860.1811798732888,,,,,,,0.0222375939820052,0.02499999999999991,,0.25322072614040825,1.0,0.8734177215189873,0.625,0.275,0.2125,0.25625,0.525,0.225,,0.50625,0.3,0.3354166666666667,0.2625,0.359375,0.504375,0.3190972222222222,0.4117361111111111,63.0,monitor,"Proxy score from public NDIA service-area data. It combines benchmark gaps, utilisation friction, unspent committed funding and provider-activity indicators; it is a triage signal, not proof of unmet need.",supply_response_gap is participant growth minus provider growth; it is not a provider caseload measure.,2025,static 2025 ERP denominator from local processed file; quarterly interpolation unavailable without annual series,derived_from_local_curated_source
2025Q1,2025 Q1,2024-09-30,ndia_service_area,Hunter New England,Hunter New England,NSW,Outer Regional Australia,1013517.0,34898.0,34898.0,34.43257488527573,34.43257488527573,0.027772051244293827,0.027772051244293827,82000.0,30600.0,2861636000.0,2122692000.0,60825.60605192275,60825.60605192275,2094382.2353251104,0.7417756835600335,738944000.0,21174.393948077253,0.77,26.153554026565185,0.7601002932313932,82459.7494204458,60716.14056683959,31.532697494122548,0.7415501850207962,82697.75282019569,59065.36071574622,-8.279020858710542,-0.009899706768606792,459.7494204458053,-109.46548508315755,-2.899877391153179,-0.028449814979203864,697.7528201956884,-1760.2453361765292,,,,,,,0.020885745684172008,0.0,,0.25822431643996646,1.0,0.8607594936708861,0.6125,0.3,0.21875,0.25625,0.5125,0.225,,0.50625,0.325,0.33125,0.28125,0.3625,0.51125,0.325,0.41812499999999997,60.0,monitor,"Proxy score from public NDIA service-area data. It combines benchmark gaps, utilisation friction, unspent committed funding and provider-activity indicators; it is a triage signal, not proof of unmet need.",supply_response_gap is participant growth minus provider growth; it is not a provider caseload measure.,2025,static 2025 ERP denominator from local processed file; quarterly interpolation unavailable without annual series,derived_from_local_curated_source
2025Q2,2025 Q2,2024-12-31,ndia_service_area,Hunter New England,Hunter New England,NSW,Outer Regional Australia,1013517.0,35694.0,35694.0,35.21795885022156,35.21795885022156,0.022809330047567133,0.022809330047567133,82000.0,30500.0,2926908000.0,2153251000.0,60325.292766291255,60325.292766291255,2124533.678270813,0.7356743020279422,773657000.0,21674.707233708745,0.75,26.957763247112997,0.7465297732931997,82492.94748629373,60067.7940397898,32.322438100030666,0.723891505303104,82921.77678310791,58404.145178554056,-8.260195603108563,-0.0034702267068003317,492.947486293735,-257.498726501457,-2.89552075019089,-0.026108494696895974,921.7767831079109,-1921.1475877371995,,,,,,,0.014396342003456075,0.0,,0.26432569797205785,1.0,0.8734177215189873,0.6,0.2875,0.19375,0.25625,0.525,0.21875,,0.50625,0.2625,0.3333333333333333,0.24791666666666665,0.35,0.4970833333333333,0.3104166666666666,0.40374999999999994,64.0,monitor,"Proxy score from public NDIA service-area data. It combines benchmark gaps, utilisation friction, unspent committed funding and provider-activity indicators; it is a triage signal, not proof of unmet need.",supply_response_gap is participant growth minus provider growth; it is not a provider caseload measure.,2025,static 2025 ERP denominator from local processed file; quarterly interpolation unavailable without annual series,derived_from_local_curated_source
2025Q3,2025 Q3,2025-03-31,ndia_service_area,Hunter New England,Hunter New England,NSW,Outer Regional Australia,1013517.0,,36137.0,,35.65505067995899,,0.012411049476102498,84000.0,,3035508000.0,2222651000.0,61506.24014168304,,2193008.109385437,0.7322171445438457,812857000.0,22493.75985831696,0.75,27.40732028960876,0.7506086859240299,84432.45028614352,60802.47507148593,32.730046154692914,0.7269261814617647,84888.12868756366,59134.059154767165,-8.247730390350227,0.000608685924029828,432.4502861435176,-703.765070197107,-2.9250045252660755,-0.023073818538235286,888.1286875636579,-2372.180986915875,,,,,,,0.03223033450350199,0.024390243902439046,,0.2677828554561543,1.0,0.8354430379746836,0.6,0.2625,0.2125,0.25625,0.53125,0.225,,0.50625,0.2375,0.33749999999999997,0.23749999999999996,0.359375,0.4918750000000001,0.31145833333333334,0.4016666666666667,67.0,monitor,"Proxy score from public NDIA service-area data. It combines benchmark gaps, utilisation friction, unspent committed funding and provider-activity indicators; it is a triage signal, not proof of unmet need.",supply_response_gap is participant growth minus provider growth; it is not a provider caseload measure.,2025,static 2025 ERP denominator from local processed file; quarterly interpolation unavailable without annual series,funded_plan_context_only
2025Q4,2025 Q4,2025-06-30,ndia_service_area,Hunter New England,Hunter New England,NSW,Outer Regional Australia,1013517.0,,36601.0,,36.11286243841988,,0.012840025458671134,85000.0,,3111085000.0,2291547000.0,62608.86314581569,,2260985.262210698,0.7365748605390081,819538000.0,22391.13685418431,0.76,27.77839830958376,0.7514285432706143,85151.38506175322,62192.49868267691,33.11060614399949,0.7308756031764125,85664.50093088642,60376.25859645123,-8.334464128836125,-0.008571456729385717,151.38506175321527,-416.3644631387797,-3.002256294420391,-0.02912439682358752,664.5009308864246,-2232.604549364456,,,,,,,0.030997219086577266,0.011904761904761862,,0.2634251394609919,1.0,0.8607594936708861,0.5875,0.3125,0.1875,0.26875,0.54375,0.21875,,0.50625,0.275,0.34375,0.25833333333333336,0.346875,0.5010416666666666,0.31631944444444443,0.4086805555555555,64.0,monitor,"Proxy score from public NDIA service-area data. It combines benchmark gaps, utilisation friction, unspent committed funding and provider-activity indicators; it is a triage signal, not proof of unmet need.",supply_response_gap is participant growth minus provider growth; it is not a provider caseload measure.,2025,static 2025 ERP denominator from local processed file; quarterly interpolation unavailable without annual series,funded_plan_context_only
2026Q1,2026 Q1,2025-09-30,ndia_service_area,Hunter New England,Hunter New England,NSW,Outer Regional Australia,1013517.0,,37264.0,,36.76702018811722,,0.018114259173246605,85000.0,,3167440000.0,2348547000.0,63024.55452984113,,2317225.0687457635,0.7414653474098957,818893000.0,21975.445470158866,0.75,28.253214646769933,0.7386029448813405,85151.81887829916,62709.42778038322,33.634269269780866,0.7179683189796243,85747.48693204664,60763.24328367979,-8.513805541347288,-0.01139705511865955,151.81887829916377,-315.12674945790786,-3.132750918336356,-0.03203168102037566,747.4869320466387,-2261.311246161342,,,,,,,0.024874026149147355,0.0,,0.25853465259010433,1.0,0.8607594936708861,0.6,0.2875,0.2,0.26875,0.5375,0.21875,,0.50625,0.275,0.3416666666666666,0.25416666666666665,0.353125,0.4989583333333334,0.31631944444444443,0.4076388888888889,62.0,monitor,"Proxy score from public NDIA service-area data. It combines benchmark gaps, utilisation friction, unspent committed funding and provider-activity indicators; it is a triage signal, not proof of unmet need.",supply_response_gap is participant growth minus provider growth; it is not a provider caseload measure.,2025,static 2025 ERP denominator from local processed file; quarterly interpolation unavailable without annual series,funded_plan_context_only
2024Q2,2024 Q2,2023-12-31,ndia_service_area,Illawarra Shoalhaven,Illawarra Shoalhaven,NSW,Inner Regional Australia,442449.0,11389.0,11389.0,25.740819845903143,25.740819845903143,,,84000.0,36900.0,956676000.0,735961000.0,64620.33541136184,64620.33541136184,1663380.4122057005,0.7692897072781172,220715000.0,19379.66458863816,0.79,24.12050932082575,0.774810548394224,79559.82881407744,60116.50993792392,26.8899974718611,0.7630061336695022,76355.8163924701,56667.37290379991,-1.620310525077393,-0.015189451605776014,-4440.171185922562,-4503.8254734379225,1.1491776259579574,-0.026993866330497843,-7644.183607529907,-7952.962507561933,592.0,2178.0,19.238175675675677,19.238175675675677,51.979980683115286,,,,,0.23071029272188281,0.7125,0.4936708860759494,0.775,0.35,0.1875,0.5375,0.25625,0.225,0.8125,0.50625,0.2,0.33958333333333335,0.24583333333333335,0.5020833333333333,0.5170833333333333,0.3625,0.4397916666666667,60.0,monitor,"Proxy score from public NDIA service-area data. It combines benchmark gaps, utilisation friction, unspent committed funding and provider-activity indicators; it is a triage signal, not proof of unmet need.",supply_response_gap is participant growth minus provider growth; it is not a provider caseload measure.,2025,static 2025 ERP denominator from local processed file; quarterly interpolation unavailable without annual series,derived_from_local_curated_source
2024Q3,2024 Q3,2024-03-31,ndia_service_area,Illawarra Shoalhaven,Illawarra Shoalhaven,NSW,Inner Regional Australia,442449.0,11667.0,11667.0,26.36914085013188,26.36914085013188,0.024409517955922277,0.024409517955922277,86000.0,37700.0,1003362000.0,759495000.0,65097.71149395732,65097.711493957315,1716570.7234054094,0.7569501336506664,243867000.0,20902.288506042685,0.79,24.68676284471637,0.7773084731227313,81027.36890354347,60498.99233345409,27.71623599286424,0.7648604023741618,77994.1725121406,56947.80441429636,-1.682378005415515,-0.012691526877268728,-4972.631096456535,-4598.719160503235,1.347095142732357,-0.025139597625838235,-8005.827487859395,-8149.907079660959,,,,,,,0.03197723792429219,0.023809523809523725,,0.24304986634933357,0.7051282051282052,0.4935064935064935,0.7564102564102564,0.4375,0.20625,0.625,0.2625,0.23125,,0.50625,0.2625,0.3729166666666666,0.3020833333333333,0.35624999999999996,0.511474358974359,0.34375,0.4276121794871795,58.0,monitor,"Proxy score from public NDIA service-area data. It combines benchmark gaps, utilisation friction, unspent committed funding and provider-activity indicators; it is a triage signal, not proof of unmet need.",supply_response_gap is participant growth minus provider growth; it is not a provider caseload measure.,2025,static 2025 ERP denominator from local processed file; quarterly interpolation unavailable without annual series,derived_from_local_curated_source
2024Q4,2024 Q4,2024-06-30,ndia_service_area,Illawarra Shoalhaven,Illawarra Shoalhaven,NSW,Inner Regional Australia,442449.0,11872.0,11872.0,26.83247108706314,26.83247108706314,0.017570926544955956,0.017570926544955956,87000.0,38300.0,1032864000.0,776573000.0,65412.1462264151,65412.1462264151,1755169.5223630294,0.7518637497289091,256291000.0,21587.853773584906,0.79,25.27144981343164,0.7784608418203379,82439.3926044259,61164.480098449734,28.31985586047522,0.7685814728943384,79139.48388848934,57480.02092208034,-1.5610212736315034,-0.01153915817966208,-4560.607395574101,-4247.666127965364,1.487384773412078,-0.02141852710566156,-7860.51611151066,-7932.125304334761,,,,,,,0.0224859939828439,0.011627906976744207,,0.24813625027109087,0.7125,0.4936708860759494,0.725,0.425,0.2125,0.575,0.25625,0.225,,0.50625,0.275,0.3520833333333333,0.30416666666666664,0.359375,0.5052083333333333,0.3385416666666667,0.421875,61.0,monitor,"Proxy score from public NDIA service-area data. It combines benchmark gaps, utilisation friction, unspent committed funding and provider-activity indicators; it is a triage signal, not proof of unmet need.",supply_response_gap is participant growth minus provider growth; it is not a provider caseload measure.,2025,static 2025 ERP denominator from local processed file; quarterly interpolation unavailable without annual series,derived_from_local_curated_source
2025Q1,2025 Q1,2024-09-30,ndia_service_area,Illawarra Shoalhaven,Illawarra Shoalhaven,NSW,Inner Regional Australia,442449.0,12203.0,12203.0,27.580579908644836,27.58057990864484,0.02788072776280326,0.02788072776280326,87000.0,38300.0,1061661000.0,795707000.0,65205.85102024092,65205.85102024092,1798415.1845749454,0.7494925404625393,265954000.0,21794.148979759077,0.77,26.153554026565185,0.7601002932313932,82459.7494204458,60716.14056683959,29.378540729741957,0.749585874550338,79082.76206451863,56908.5598208139,-1.4270258820796506,-0.009899706768606792,-4540.250579554195,-4489.710453401334,1.7979608210971172,-0.020414125449662066,-7917.237935481375,-8297.291199427025,,,,,,,0.02463902298946774,0.0,,0.2505074595374607,0.7125,0.4936708860759494,0.7125,0.3875,0.21875,0.575,0.25,0.225,,0.50625,0.2125,0.35000000000000003,0.27291666666666664,0.3625,0.48958333333333337,0.3284722222222222,0.40902777777777777,62.0,monitor,"Proxy score from public NDIA service-area data. It combines benchmark gaps, utilisation friction, unspent committed funding and provider-activity indicators; it is a triage signal, not proof of unmet need.",supply_response_gap is participant growth minus provider growth; it is not a provider caseload measure.,2025,static 2025 ERP denominator from local processed file; quarterly interpolation unavailable without annual series,derived_from_local_curated_source
2025Q2,2025 Q2,2024-12-31,ndia_service_area,Illawarra Shoalhaven,Illawarra Shoalhaven,NSW,Inner Regional Australia,442449.0,12581.0,12581.0,28.434915662596143,28.434915662596143,0.03097598951077596,0.03097598951077596,87000.0,38000.0,1094547000.0,810534000.0,64425.24441618313,64425.24441618313,1831926.3915163104,0.7405200507607257,284013000.0,22574.755583816866,0.75,26.957763247112997,0.7465297732931997,82492.94748629373,60067.7940397898,30.345785307596167,0.7338446519006651,79096.43428753808,56188.57394969421,-1.4771524154831503,-0.0034702267068003317,-4507.052513706265,-4357.450376393332,1.910869645000023,-0.01615534809933493,-7903.565712461917,-8236.670466488918,,,,,,,0.018633743325118468,0.0,,0.2594799492392743,0.7125,0.4936708860759494,0.725,0.375,0.19375,0.5625,0.24375,0.21875,,0.50625,0.2125,0.3416666666666666,0.2604166666666667,0.35,0.4845833333333333,0.3173611111111111,0.4009722222222222,65.0,monitor,"Proxy score from public NDIA service-area data. It combines benchmark gaps, utilisation friction, unspent committed funding and provider-activity indicators; it is a triage signal, not proof of unmet need.",supply_response_gap is participant growth minus provider growth; it is not a provider caseload measure.,2025,static 2025 ERP denominator from local processed file; quarterly interpolation unavailable without annual series,derived_from_local_curated_source
2025Q3,2025 Q3,2025-03-31,ndia_service_area,Illawarra Shoalhaven,Illawarra Shoalhaven,NSW,Inner Regional Australia,442449.0,,12816.0,,28.96605032444417,,0.018678960337016104,90000.0,,1153440000.0,834087000.0,65081.69475655431,,1885159.6455184666,0.7231299417394923,319353000.0,24918.30524344569,0.76,27.40732028960876,0.7506086859240299,84432.45028614352,60802.47507148593,30.943280669707555,0.735953040708486,80949.4227901239,56650.43820079907,-1.5587300348354098,-0.009391314075970172,-5567.549713856482,-4279.219685068376,1.9772303452633828,-0.024046959291514014,-9050.577209876094,-8431.256555755237,,,,,,,0.0290586206130774,0.034482758620689724,,0.2768700582605077,0.7125,0.4936708860759494,0.7375,0.45,0.2125,0.575,0.25625,0.225,,0.50625,0.3125,0.3520833333333333,0.325,0.359375,0.5168750000000001,0.3454861111111111,0.43118055555555557,59.0,monitor,"Proxy score from public NDIA service-area data. It combines benchmark gaps, utilisation friction, unspent committed funding and provider-activity indicators; it is a triage signal, not proof of unmet need.",supply_response_gap is participant growth minus provider growth; it is not a provider caseload measure.,2025,static 2025 ERP denominator from local processed file; quarterly interpolation unavailable without annual series,funded_plan_context_only
2025Q4,2025 Q4,2025-06-30,ndia_service_area,Illawarra Shoalhaven,Illawarra Shoalhaven,NSW,Inner Regional Australia,442449.0,,13013.0,,29.41129938139763,,0.015371410736579216,90000.0,,1171170000.0,863599000.0,66364.3279797126,,1951861.1184565905,0.7373814219968066,307571000.0,23635.672020287406,0.76,27.77839830958376,0.7514285432706143,85151.38506175322,62192.49868267691,31.40646420190928,0.7357142727569568,81348.30207161774,57871.566955701484,-1.6329010718138726,-0.008571456729385717,-4848.614938246785,-4171.829297035692,1.995164820511647,-0.02428572724304317,-8651.697928382258,-8492.761024011117,,,,,,,0.035382400157297766,0.0,,0.26261857800319344,0.7125,0.4810126582278481,0.75,0.4,0.1875,0.5875,0.25,0.21875,,0.50625,0.2375,0.3520833333333333,0.27499999999999997,0.346875,0.4968749999999999,0.32465277777777773,0.4107638888888888,62.0,monitor,"Proxy score from public NDIA service-area data. It combines benchmark gaps, utilisation friction, unspent committed funding and provider-activity indicators; it is a triage signal, not proof of unmet need.",supply_response_gap is participant growth minus provider growth; it is not a provider caseload measure.,2025,static 2025 ERP denominator from local processed file; quarterly interpolation unavailable without annual series,funded_plan_context_only
2026Q1,2026 Q1,2025-09-30,ndia_service_area,Illawarra Shoalhaven,Illawarra Shoalhaven,NSW,Inner Regional Australia,442449.0,,13220.0,,29.879149913323342,,0.015907169753323513,90000.0,,1189800000.0,877630000.0,66386.53555219364,,1983573.2479901637,0.7376281728021516,312170000.0,23613.464447806353,0.75,28.253214646769933,0.7386029448813405,85151.81887829916,62709.42778038322,32.03344264863498,0.7233427743146025,81102.38055009648,58210.68357447111,-1.6259352665534124,-0.01139705511865955,-4848.181121700836,-3677.1077718104207,2.1542927353116355,-0.026657225685397492,-8897.61944990352,-8175.85197772253,,,,,,,0.016247123954520548,0.0,,0.26237182719784835,0.7125,0.4810126582278481,0.7375,0.45,0.2,0.6,0.24375,0.21875,,0.50625,0.3,0.3541666666666667,0.31666666666666665,0.353125,0.5139583333333334,0.34131944444444445,0.4276388888888889,60.0,monitor,"Proxy score from public NDIA service-area data. It combines benchmark gaps, utilisation friction, unspent committed funding and provider-activity indicators; it is a triage signal, not proof of unmet need.",supply_response_gap is participant growth minus provider growth; it is not a provider caseload measure.,2025,static 2025 ERP denominator from local processed file; quarterly interpolation unavailable without annual series,funded_plan_context_only
2024Q2,2024 Q2,2023-12-31,ndia_service_area,Inner East Melbourne,Inner East Melbourne,VIC,Major Cities of Australia,708602.0,11941.0,11941.0,16.85149068165204,16.85149068165204,,,86000.0,35900.0,1026926000.0,794232000.0,66513.02235993635,66513.02235993635,1120843.5765069814,0.773407236743446,232694000.0,19486.977640063647,0.77,24.12050932082575,0.774810548394224,79559.82881407744,60116.50993792392,21.54075115403415,0.7958582408716173,80400.51139569166,62712.29290901039,7.269018639173709,0.0048105483942239855,-6440.171185922562,-6396.512422012434,4.689260472382109,0.02585824087161725,-5599.488604308339,-3800.729450925959,874.0,2479.0,13.662471395881006,13.662471395881006,73.1931998995059,,,,,0.22659276325655398,0.7625,0.08860759493670886,0.85,0.3625,0.6875,0.8,0.25625,0.225,0.475,0.50625,0.1625,0.4270833333333333,0.40416666666666673,0.55625,0.5870833333333333,0.4625000000000001,0.5247916666666667,33.0,monitor,"Proxy score from public NDIA service-area data. It combines benchmark gaps, utilisation friction, unspent committed funding and provider-activity indicators; it is a triage signal, not proof of unmet need.",supply_response_gap is participant growth minus provider growth; it is not a provider caseload measure.,2025,static 2025 ERP denominator from local processed file; quarterly interpolation unavailable without annual series,derived_from_local_curated_source
2024Q3,2024 Q3,2024-03-31,ndia_service_area,Inner East Melbourne,Inner East Melbourne,VIC,Major Cities of Australia,708602.0,12199.0,12199.0,17.215587875845678,17.215587875845678,0.021606230633950174,0.021606230633950174,87000.0,36000.0,1061313000.0,818353000.0,67083.61341093533,67083.61341093533,1154883.8417052168,0.7710760162176474,242960000.0,19916.386589064678,0.78,24.68676284471637,0.7773084731227313,81027.36890354347,60498.99233345409,22.15635799622129,0.7987044245491112,81921.83021338335,63196.969696969696,7.471174968870688,-0.002691526877268728,-5972.631096456535,-6584.6210774812425,4.940770120375614,0.018704424549111136,-5078.1697866166505,-3886.6437139656337,,,,,,,0.03037021928101602,0.011627906976744207,,0.22892398378235257,0.7435897435897436,0.07792207792207792,0.8717948717948718,0.3125,0.6,0.8125,0.2625,0.23125,,0.50625,0.1875,0.4354166666666666,0.3666666666666667,0.553125,0.5695352564102565,0.45173611111111106,0.5106356837606838,38.0,monitor,"Proxy score from public NDIA service-area data. It combines benchmark gaps, utilisation friction, unspent committed funding and provider-activity indicators; it is a triage signal, not proof of unmet need.",supply_response_gap is participant growth minus provider growth; it is not a provider caseload measure.,2025,static 2025 ERP denominator from local processed file; quarterly interpolation unavailable without annual series,derived_from_local_curated_source
2024Q4,2024 Q4,2024-06-30,ndia_service_area,Inner East Melbourne,Inner East Melbourne,VIC,Major Cities of Australia,708602.0,12438.0,12438.0,17.552871710776994,17.552871710776994,0.019591769817198124,0.019591769817198124,88000.0,35900.0,1094544000.0,834302000.0,67076.86123170928,67076.86123170928,1177391.539961784,0.7622370594512418,260242000.0,20923.138768290723,0.79,25.27144981343164,0.7784608418203379,82439.3926044259,61164.480098449734,22.563669931499856,0.7973695351274968,83207.46100966579,63732.73450666296,7.718578102654643,-0.01153915817966208,-5560.607395574101,-5912.381133259543,5.010798220722862,0.007369535127496789,-4792.538990334215,-3344.1267250463206,,,,,,,0.019489144660067126,0.011494252873563315,,0.23776294054875824,0.7625,0.06329113924050633,0.825,0.3,0.475,0.8125,0.25625,0.225,,0.50625,0.1625,0.4312500000000001,0.31249999999999994,0.490625,0.538125,0.4114583333333333,0.4747916666666666,47.0,monitor,"Proxy score from public NDIA service-area data. It combines benchmark gaps, utilisation friction, unspent committed funding and provider-activity indicators; it is a triage signal, not proof of unmet need.",supply_response_gap is participant growth minus provider growth; it is not a provider caseload measure.,2025,static 2025 ERP denominator from local processed file; quarterly interpolation unavailable without annual series,derived_from_local_curated_source
2025Q1,2025 Q1,2024-09-30,ndia_service_area,Inner East Melbourne,Inner East Melbourne,VIC,Major Cities of Australia,708602.0,12779.0,12779.0,18.034100948063934,18.034100948063934,0.02741598327705419,0.02741598327705419,87000.0,35200.0,1111773000.0,859323000.0,67244.93309335629,67244.93309335629,1212701.9116513925,0.7729302654408768,252450000.0,19755.06690664371,0.77,26.153554026565185,0.7601002932313932,82459.7494204458,60716.14056683959,23.368427888963133,0.777901017449582,83196.99210700695,63287.15620185708,8.119453078501252,-0.009899706768606792,-4540.250579554195,-6528.7925265167,5.334326940899199,0.007901017449581929,-3803.007892993046,-3957.776891499212,,,,,,,0.02999033922967942,-0.011363636363636354,,0.22706973455912316,0.75,0.0759493670886076,0.85,0.15,0.49375,0.825,0.25,0.225,,0.50625,0.075,0.43333333333333335,0.23958333333333334,0.5,0.4979166666666667,0.3909722222222222,0.4444444444444444,54.0,monitor,"Proxy score from public NDIA service-area data. It combines benchmark gaps, utilisation friction, unspent committed funding and provider-activity indicators; it is a triage signal, not proof of unmet need.",supply_response_gap is participant growth minus provider growth; it is not a provider caseload measure.,2025,static 2025 ERP denominator from local processed file; quarterly interpolation unavailable without annual series,derived_from_local_curated_source
2025Q2,2025 Q2,2024-12-31,ndia_service_area,Inner East Melbourne,Inner East Melbourne,VIC,Major Cities of Australia,708602.0,13158.0,13158.0,18.568956903875517,18.56895690387552,0.02965803270991474,0.02965803270991474,87000.0,34300.0,1144746000.0,868369000.0,65995.51603587171,65995.51603587171,1225467.8931191275,0.7585691498376059,276377000.0,21004.48396412829,0.75,26.957763247112997,0.7465297732931997,82492.94748629373,60067.7940397898,24.112356938543137,0.7670216640247125,83199.73444972835,62621.1139562926,8.388806343237476,-0.0034702267068003317,-4507.052513706265,-5927.721996081913,5.54340003466762,0.01702166402471249,-3800.2655502716516,-3374.402079579115,,,,,,,0.010526891518090498,0.0,,0.24143085016239407,0.75,0.06329113924050633,0.8,0.2,0.6375,0.825,0.24375,0.21875,,0.50625,0.1375,0.42916666666666664,0.32499999999999996,0.5718749999999999,0.529375,0.4420138888888889,0.48569444444444443,44.0,monitor,"Proxy score from public NDIA service-area data. It combines benchmark gaps, utilisation friction, unspent committed funding and provider-activity indicators; it is a triage signal, not proof of unmet need.",supply_response_gap is participant growth minus provider growth; it is not a provider caseload measure.,2025,static 2025 ERP denominator from local processed file; quarterly interpolation unavailable without annual series,derived_from_local_curated_source
2025Q3,2025 Q3,2025-03-31,ndia_service_area,Inner East Melbourne,Inner East Melbourne,VIC,Major Cities of Australia,708602.0,,13273.0,,18.731248288884316,,0.008739930080559288,88000.0,,1168024000.0,879805000.0,66285.31605514955,,1241606.7129361758,0.7532422278994267,288219000.0,21714.683944850447,0.76,27.40732028960876,0.7506086859240299,84432.45028614352,60802.47507148593,24.50313856910154,0.7729322500306646,85141.60084900781,63507.002181182106,8.67607200072445,-0.009391314075970172,-3567.5497138564824,-5482.84098366362,5.771890280217228,0.012932250030664534,-2858.3991509921907,-2778.313873967447,,,,,,,0.01316951664557342,0.011494252873563315,,0.24675777210057326,0.725,0.06329113924050633,0.7875,0.1875,0.5625,0.825,0.25625,0.225,,0.50625,0.1,0.4354166666666666,0.2833333333333333,0.534375,0.5035416666666667,0.41770833333333335,0.460625,53.0,monitor,"Proxy score from public NDIA service-area data. It combines benchmark gaps, utilisation friction, unspent committed funding and provider-activity indicators; it is a triage signal, not proof of unmet need.",supply_response_gap is participant growth minus provider growth; it is not a provider caseload measure.,2025,static 2025 ERP denominator from local processed file; quarterly interpolation unavailable without annual series,funded_plan_context_only
2025Q4,2025 Q4,2025-06-30,ndia_service_area,Inner East Melbourne,Inner East Melbourne,VIC,Major Cities of Australia,708602.0,,13426.0,,18.947166392417746,,0.011527160400813585,89000.0,,1194914000.0,902705000.0,67235.58766572323,,1273923.8669944482,0.7554560411879014,292209000.0,21764.412334276778,0.76,27.77839830958376,0.7514285432706143,85151.38506175322,62192.49868267691,24.83518208130649,0.7733698580403464,85996.54571858524,64997.01926820798,8.831231917166011,-0.008571456729385717,-3848.6149382467847,-5043.08898304632,5.888015688888746,0.0133698580403464,-3003.454281414757,-2238.5683975152497,,,,,,,0.026028494950585568,0.011363636363636465,,0.24454395881209856,0.725,0.06329113924050633,0.7875,0.2375,0.525,0.85,0.25,0.21875,,0.50625,0.125,0.4395833333333334,0.29583333333333334,0.515625,0.5122916666666667,0.41701388888888885,0.4646527777777778,53.0,monitor,"Proxy score from public NDIA service-area data. It combines benchmark gaps, utilisation friction, unspent committed funding and provider-activity indicators; it is a triage signal, not proof of unmet need.",supply_response_gap is participant growth minus provider growth; it is not a provider caseload measure.,2025,static 2025 ERP denominator from local processed file; quarterly interpolation unavailable without annual series,funded_plan_context_only
2026Q1,2026 Q1,2025-09-30,ndia_service_area,Inner East Melbourne,Inner East Melbourne,VIC,Major Cities of Australia,708602.0,,13571.0,,19.15179466047231,,0.010799940414121911,88000.0,,1194248000.0,910842000.0,67116.79316188932,,1285407.0409058963,0.762690831385106,283406000.0,20883.206838110676,0.74,28.253214646769933,0.7386029448813405,85151.81887829916,62709.42778038322,25.249615768421013,0.7599765041363589,86109.56887160339,65613.772509322,9.101419986297625,-0.0013970551186595508,-2848.1811217008362,-4407.365381506097,6.097821107948704,0.019976504136358812,-1890.431128396609,-1503.020652567313,,,,,,,0.009014018976299054,-0.011235955056179803,,0.23730916861489404,0.725,0.06329113924050633,0.75,0.1625,0.5875,0.8625,0.24375,0.21875,,0.50625,0.125,0.44166666666666665,0.2916666666666667,0.546875,0.49520833333333336,0.42673611111111115,0.4609722222222222,56.0,monitor,"Proxy score from public NDIA service-area data. It combines benchmark gaps, utilisation friction, unspent committed funding and provider-activity indicators; it is a triage signal, not proof of unmet need.",supply_response_gap is participant growth minus provider growth; it is not a provider caseload measure.,2025,static 2025 ERP denominator from local processed file; quarterly interpolation unavailable without annual series,funded_plan_context_only
2024Q2,2024 Q2,2023-12-31,ndia_service_area,Inner Gippsland,Inner Gippsland,VIC,Inner Regional Australia,217382.0,6639.0,6639.0,30.54070714226569,30.54070714226569,,,69000.0,32700.0,458091000.0,340935000.0,51353.366470854045,51353.366470854045,1568368.1261557995,0.7442516879833919,117156000.0,17646.633529145955,0.76,24.12050932082575,0.774810548394224,79559.82881407744,60116.50993792392,26.8899974718611,0.7630061336695022,76355.8163924701,56667.37290379991,-6.420197821439938,0.014810548394223987,10559.828814077438,8763.143467069873,-3.650709670404588,0.003006133669502162,7355.816392470093,5314.006432945862,391.0,1237.0,16.979539641943735,16.979539641943735,58.89441180900738,,,,,0.2557483120166081,0.4875,0.7721518987341772,0.2875,0.1375,0.4,0.24375,0.7625,0.675,0.725,0.50625,0.45,0.5604166666666667,0.32916666666666666,0.5437500000000001,0.3570833333333333,0.47777777777777786,0.4174305555555556,67.0,monitor,"Proxy score from public NDIA service-area data. It combines benchmark gaps, utilisation friction, unspent committed funding and provider-activity indicators; it is a triage signal, not proof of unmet need.",supply_response_gap is participant growth minus provider growth; it is not a provider caseload measure.,2025,static 2025 ERP denominator from local processed file; quarterly interpolation unavailable without annual series,derived_from_local_curated_source
2024Q3,2024 Q3,2024-03-31,ndia_service_area,Inner Gippsland,Inner Gippsland,VIC,Inner Regional Australia,217382.0,6881.0,6881.0,31.65395478926498,31.65395478926498,0.03645127278204541,0.03645127278204541,70000.0,33000.0,481670000.0,353338000.0,51349.8038075861,51349.803807586104,1625424.3681629573,0.7335686258226587,128332000.0,18650.196192413892,0.76,24.68676284471637,0.7773084731227313,81027.36890354347,60498.99233345409,27.71623599286424,0.7648604023741618,77994.1725121406,56947.80441429636,-6.967191944548613,0.01730847312273127,11027.368903543465,9149.18852586799,-3.937718796400741,0.004860402374161766,7994.172512140605,5598.000606710266,,,,,,,0.03637936850132717,0.01449275362318847,,0.2664313741773413,0.47435897435897434,0.7922077922077922,0.3076923076923077,0.1625,0.44375,0.26875,0.775,0.675,,0.50625,0.475,0.5729166666666666,0.3604166666666666,0.475,0.35599358974358974,0.4694444444444444,0.41271901709401704,60.0,monitor,"Proxy score from public NDIA service-area data. It combines benchmark gaps, utilisation friction, unspent committed funding and provider-activity indicators; it is a triage signal, not proof of unmet need.",supply_response_gap is participant growth minus provider growth; it is not a provider caseload measure.,2025,static 2025 ERP denominator from local processed file; quarterly interpolation unavailable without annual series,derived_from_local_curated_source
2024Q4,2024 Q4,2024-06-30,ndia_service_area,Inner Gippsland,Inner Gippsland,VIC,Inner Regional Australia,217382.0,7001.0,7001.0,32.205978415876196,32.2059784158762,0.01743932567940698,0.01743932567940698,72000.0,33800.0,504072000.0,363762000.0,51958.57734609341,51958.577346093414,1673376.8205279186,0.7216469075846308,140310000.0,20041.422653906586,0.75,25.27144981343164,0.7784608418203379,82439.3926044259,61164.480098449734,28.31985586047522,0.7685814728943384,79139.48388848934,57480.02092208034,-6.934528602444559,0.02846084182033792,10439.392604425899,9205.902752356327,-3.886122555400977,0.01858147289433845,7139.48388848934,5521.44357598693,,,,,,,0.02950149715003758,0.02857142857142847,,0.2783530924153692,0.4875,0.7974683544303798,0.275,0.225,0.65625,0.25625,0.75,0.6875,,0.50625,0.55,0.5645833333333333,0.4770833333333333,0.58125,0.4091666666666667,0.5409722222222222,0.47506944444444443,46.0,monitor,"Proxy score from public NDIA service-area data. It combines benchmark gaps, utilisation friction, unspent committed funding and provider-activity indicators; it is a triage signal, not proof of unmet need.",supply_response_gap is participant growth minus provider growth; it is not a provider caseload measure.,2025,static 2025 ERP denominator from local processed file; quarterly interpolation unavailable without annual series,derived_from_local_curated_source
2025Q1,2025 Q1,2024-09-30,ndia_service_area,Inner Gippsland,Inner Gippsland,VIC,Inner Regional Australia,217382.0,7222.0,7222.0,33.22262192821853,33.22262192821853,0.031566919011569716,0.031566919011569716,72000.0,33600.0,519984000.0,375309000.0,51967.4605372473,51967.4605372473,1726495.293998583,0.7217702852395458,144675000.0,20032.5394627527,0.74,26.153554026565185,0.7601002932313932,82459.7494204458,60716.14056683959,29.378540729741957,0.749585874550338,79082.76206451863,56908.5598208139,-7.069067901653344,0.02010029323139321,10459.749420445805,8748.680029592288,-3.8440811984765766,0.009585874550337934,7082.762064518625,4941.099283566597,,,,,,,0.0317432826958286,0.0,,0.2782297147604542,0.4875,0.7848101265822784,0.275,0.1875,0.58125,0.25625,0.775,0.675,,0.50625,0.5,0.56875,0.42291666666666666,0.54375,0.3833333333333333,0.5118055555555555,0.4475694444444444,53.0,monitor,"Proxy score from public NDIA service-area data. It combines benchmark gaps, utilisation friction, unspent committed funding and provider-activity indicators; it is a triage signal, not proof of unmet need.",supply_response_gap is participant growth minus provider growth; it is not a provider caseload measure.,2025,static 2025 ERP denominator from local processed file; quarterly interpolation unavailable without annual series,derived_from_local_curated_source
2025Q2,2025 Q2,2024-12-31,ndia_service_area,Inner Gippsland,Inner Gippsland,VIC,Inner Regional Australia,217382.0,7491.0,7491.0,34.460074891205345,34.460074891205345,0.03724729991692044,0.03724729991692044,71000.0,32600.0,531861000.0,375493000.0,50125.88439460686,50125.88439460686,1727341.7302260536,0.7059983717550262,156368000.0,20874.115605393137,0.73,26.957763247112997,0.7465297732931997,82492.94748629373,60067.7940397898,30.345785307596167,0.7338446519006651,79096.43428753808,56188.57394969421,-7.502311644092352,0.016529773293199667,11492.947486293735,9941.90964518294,-4.114289583609178,0.0038446519006650696,8096.434287538083,6062.689555087352,,,,,,,0.0004902626902099083,-0.01388888888888884,,0.2940016282449738,0.4875,0.810126582278481,0.2,0.1875,0.41875,0.25625,0.8125,0.7125,,0.50625,0.5625,0.59375,0.38958333333333334,0.4625,0.34541666666666665,0.48194444444444445,0.41368055555555555,62.0,monitor,"Proxy score from public NDIA service-area data. It combines benchmark gaps, utilisation friction, unspent committed funding and provider-activity indicators; it is a triage signal, not proof of unmet need.",supply_response_gap is participant growth minus provider growth; it is not a provider caseload measure.,2025,static 2025 ERP denominator from local processed file; quarterly interpolation unavailable without annual series,derived_from_local_curated_source
2025Q3,2025 Q3,2025-03-31,ndia_service_area,Inner Gippsland,Inner Gippsland,VIC,Inner Regional Australia,217382.0,,7654.0,,35.209906984018914,,0.02175944466693358,72000.0,,551088000.0,384901000.0,50287.56205905409,,1770620.3825523732,0.6984383619313068,166187000.0,21712.43794094591,0.73,27.40732028960876,0.7506086859240299,84432.45028614352,60802.47507148593,30.943280669707555,0.735953040708486,80949.4227901239,56650.43820079907,-7.802586694410152,0.020608685924029826,12432.450286143518,10514.91301243184,-4.26662631431136,0.005953040708485986,8949.422790123906,6362.876141744979,,,,,,,0.025055060946542307,0.014084507042253502,,0.3015616380686932,0.4875,0.810126582278481,0.2,0.175,0.5,0.25625,0.8375,0.7125,,0.50625,0.5625,0.6020833333333333,0.41250000000000003,0.503125,0.355625,0.5059027777777778,0.43076388888888895,61.0,monitor,"Proxy score from public NDIA service-area data. It combines benchmark gaps, utilisation friction, unspent committed funding and provider-activity indicators; it is a triage signal, not proof of unmet need.",supply_response_gap is participant growth minus provider growth; it is not a provider caseload measure.,2025,static 2025 ERP denominator from local processed file; quarterly interpolation unavailable without annual series,funded_plan_context_only
2025Q4,2025 Q4,2025-06-30,ndia_service_area,Inner Gippsland,Inner Gippsland,VIC,Inner Regional Australia,217382.0,,7800.0,,35.88153572972924,,0.019074993467467882,73000.0,,569400000.0,396891000.0,50883.46153846154,,1825776.7432446107,0.6970337197049525,172509000.0,22116.53846153846,0.72,27.77839830958376,0.7514285432706143,85151.38506175322,62192.49868267691,31.40646420190928,0.7357142727569568,81348.30207161774,57871.566955701484,-8.10313742014548,0.031428543270614284,12151.385061753215,11309.03714421537,-4.47507152781996,0.015714272756956832,8348.302071617742,6988.105417239945,,,,,,,0.03115086736589401,0.01388888888888884,,0.30296628029504746,0.4875,0.8227848101265823,0.2,0.25,0.575,0.26875,0.8,0.7125,,0.50625,0.6125,0.59375,0.4791666666666667,0.5406249999999999,0.39145833333333335,0.5378472222222223,0.4646527777777778,53.0,monitor,"Proxy score from public NDIA service-area data. It combines benchmark gaps, utilisation friction, unspent committed funding and provider-activity indicators; it is a triage signal, not proof of unmet need.",supply_response_gap is participant growth minus provider growth; it is not a provider caseload measure.,2025,static 2025 ERP denominator from local processed file; quarterly interpolation unavailable without annual series,funded_plan_context_only
2026Q1,2026 Q1,2025-09-30,ndia_service_area,Inner Gippsland,Inner Gippsland,VIC,Inner Regional Australia,217382.0,,7974.0,,36.6819699883155,,0.02230769230769236,72000.0,,574128000.0,404265000.0,50697.89315274642,,1859698.5950998703,0.7041374048992559,169863000.0,21302.106847253574,0.7,28.253214646769933,0.7386029448813405,85151.81887829916,62709.42778038322,32.03344264863498,0.7233427743146025,81102.38055009648,58210.68357447111,-8.428755341545568,0.038602944881340445,13151.818878299164,12011.5346276368,-4.64852733968052,0.023342774314602507,9102.38055009648,7512.7904217246905,,,,,,,0.018579408452194635,-0.013698630136986356,,0.2958625951007441,0.4875,0.8481012658227848,0.2,0.225,0.65625,0.26875,0.8375,0.7375,,0.50625,0.575,0.6145833333333334,0.4854166666666666,0.58125,0.39583333333333337,0.5604166666666667,0.478125,48.0,monitor,"Proxy score from public NDIA service-area data. It combines benchmark gaps, utilisation friction, unspent committed funding and provider-activity indicators; it is a triage signal, not proof of unmet need.",supply_response_gap is participant growth minus provider growth; it is not a provider caseload measure.,2025,static 2025 ERP denominator from local processed file; quarterly interpolation unavailable without annual series,funded_plan_context_only
2024Q2,2024 Q2,2023-12-31,ndia_service_area,Ipswich,Ipswich,QLD,Inner Regional Australia,388213.0,11536.0,11537.0,29.715645792387168,29.71822169788235,,,78000.0,31400.0,899886000.0,680041000.0,58944.35295137384,58949.46255201109,1751721.3488471534,0.755696832709921,219845000.0,19055.64704862616,0.78,24.12050932082575,0.774810548394224,79559.82881407744,60116.50993792392,26.8899974718611,0.7630061336695022,76355.8163924701,56667.37290379991,-5.597712377056599,-0.005189451605776014,1559.8288140774384,1172.1569865500787,-2.8282242260212485,-0.016993866330497837,-1644.183607529907,-2276.980047573932,1001.0,3119.0,11.525474525474525,11.524475524475525,86.76432348097426,,,,,0.24430316729007895,0.725,0.7341772151898734,0.5375,0.3125,0.1875,0.24375,0.25625,0.225,0.225,0.50625,0.35,0.24166666666666667,0.2833333333333333,0.30624999999999997,0.43291666666666667,0.27708333333333335,0.355,78.0,monitor,"Proxy score from public NDIA service-area data. It combines benchmark gaps, utilisation friction, unspent committed funding and provider-activity indicators; it is a triage signal, not proof of unmet need.",supply_response_gap is participant growth minus provider growth; it is not a provider caseload measure.,2025,static 2025 ERP denominator from local processed file; quarterly interpolation unavailable without annual series,derived_from_local_curated_source
2024Q3,2024 Q3,2024-03-31,ndia_service_area,Ipswich,Ipswich,QLD,Inner Regional Australia,388213.0,11870.0,11870.0,30.57599822777702,30.57599822777702,0.028952843273231554,0.028863656063101262,80000.0,31600.0,949600000.0,705803000.0,59461.07834877844,59461.078348778436,1818081.8262139598,0.7432634793597304,243797000.0,20538.921651221568,0.78,24.68676284471637,0.7773084731227313,81027.36890354347,60498.99233345409,27.71623599286424,0.7648604023741618,77994.1725121406,56947.80441429636,-5.889235383060655,-0.002691526877268728,1027.3689035434654,1037.9139846756443,-2.8597622349127825,-0.015139597625838237,-2005.8274878593948,-2513.27393448208,,,,,,,0.03788300999498562,0.02564102564102555,,0.25673652064026964,0.717948717948718,0.7272727272727273,0.5384615384615384,0.3625,0.20625,0.26875,0.2625,0.23125,,0.50625,0.3625,0.25416666666666665,0.3104166666666666,0.35624999999999996,0.45711538461538453,0.3069444444444444,0.38202991452991447,69.0,monitor,"Proxy score from public NDIA service-area data. It combines benchmark gaps, utilisation friction, unspent committed funding and provider-activity indicators; it is a triage signal, not proof of unmet need.",supply_response_gap is participant growth minus provider growth; it is not a provider caseload measure.,2025,static 2025 ERP denominator from local processed file; quarterly interpolation unavailable without annual series,derived_from_local_curated_source
2024Q4,2024 Q4,2024-06-30,ndia_service_area,Ipswich,Ipswich,QLD,Inner Regional Australia,388213.0,12158.0,12158.0,31.317859010388624,31.317859010388624,0.024262847514743058,0.024262847514743058,81000.0,32500.0,984798000.0,729756000.0,60022.70110215496,60022.70110215496,1879782.490539987,0.7410210012611723,255042000.0,20977.29889784504,0.78,25.27144981343164,0.7784608418203379,82439.3926044259,61164.480098449734,28.31985586047522,0.7685814728943384,79139.48388848934,57480.02092208034,-6.046409196956986,-0.0015391581796620809,1439.3926044258988,1141.7789962947718,-2.998003149913405,-0.011418527105661552,-1860.5161115106603,-2542.6801800746252,,,,,,,0.03393723177713892,0.012499999999999956,,0.2589789987388277,0.725,0.7341772151898734,0.525,0.3375,0.2125,0.25625,0.25625,0.225,,0.50625,0.3625,0.24583333333333332,0.3041666666666667,0.359375,0.4502083333333333,0.30312500000000003,0.3766666666666667,70.0,monitor,"Proxy score from public NDIA service-area data. It combines benchmark gaps, utilisation friction, unspent committed funding and provider-activity indicators; it is a triage signal, not proof of unmet need.",supply_response_gap is participant growth minus provider growth; it is not a provider caseload measure.,2025,static 2025 ERP denominator from local processed file; quarterly interpolation unavailable without annual series,derived_from_local_curated_source
2025Q1,2025 Q1,2024-09-30,ndia_service_area,Ipswich,Ipswich,QLD,Inner Regional Australia,388213.0,12655.0,12655.0,32.59808404149268,32.59808404149268,0.040878433952952875,0.040878433952952875,81000.0,32100.0,1025055000.0,748756000.0,59166.81153694192,59166.81153694192,1928724.6949483918,0.7304544634190361,276299000.0,21833.18846305808,0.76,26.153554026565185,0.7601002932313932,82459.7494204458,60716.14056683959,29.378540729741957,0.749585874550338,79082.76206451863,56908.5598208139,-6.444530014927498,0.000100293231393209,1459.7494204458053,1549.3290298976717,-3.21954331175073,-0.010414125449662066,-1917.2379354813747,-2258.2517161280193,,,,,,,0.026036099737446472,0.0,,0.2695455365809639,0.725,0.7341772151898734,0.5,0.4,0.21875,0.25625,0.25,0.225,,0.50625,0.4,0.24375,0.33958333333333335,0.3625,0.4654166666666667,0.31527777777777777,0.39034722222222223,68.0,monitor,"Proxy score from public NDIA service-area data. It combines benchmark gaps, utilisation friction, unspent committed funding and provider-activity indicators; it is a triage signal, not proof of unmet need.",supply_response_gap is participant growth minus provider growth; it is not a provider caseload measure.,2025,static 2025 ERP denominator from local processed file; quarterly interpolation unavailable without annual series,derived_from_local_curated_source
2025Q2,2025 Q2,2024-12-31,ndia_service_area,Ipswich,Ipswich,QLD,Inner Regional Australia,388213.0,13122.0,13122.0,33.80103190774137,33.80103190774137,0.036902410114579176,0.036902410114579176,81000.0,31800.0,1062882000.0,763689000.0,58199.13122999543,58199.13122999543,1967190.6917079028,0.7185077929629066,299193000.0,22800.868770004574,0.74,26.957763247112997,0.7465297732931997,82492.94748629373,60067.7940397898,30.345785307596167,0.7338446519006651,79096.43428753808,56188.57394969421,-6.843268660628375,0.006529773293199668,1492.947486293735,1868.6628097943685,-3.455246600145202,-0.00615534809933493,-1903.5657124619174,-2010.5572803012183,,,,,,,0.019943746694517372,0.0,,0.28149220703709343,0.7375,0.7721518987341772,0.5,0.4125,0.19375,0.25625,0.24375,0.21875,,0.50625,0.4625,0.23958333333333334,0.35625,0.35,0.47125000000000006,0.31527777777777777,0.3932638888888889,68.0,monitor,"Proxy score from public NDIA service-area data. It combines benchmark gaps, utilisation friction, unspent committed funding and provider-activity indicators; it is a triage signal, not proof of unmet need.",supply_response_gap is participant growth minus provider growth; it is not a provider caseload measure.,2025,static 2025 ERP denominator from local processed file; quarterly interpolation unavailable without annual series,derived_from_local_curated_source
2025Q3,2025 Q3,2025-03-31,ndia_service_area,Ipswich,Ipswich,QLD,Inner Regional Australia,388213.0,,13332.0,,34.341972061729,,0.016003657978966634,84000.0,,1119888000.0,786874000.0,59021.45214521452,,2026913.0606136322,0.7026363350620777,333014000.0,24978.54785478548,0.74,27.40732028960876,0.7506086859240299,84432.45028614352,60802.47507148593,30.943280669707555,0.735953040708486,80949.4227901239,56650.43820079907,-6.93465177212024,0.010608685924029828,432.4502861435176,1781.0229262714129,-3.398691392021448,-0.004046959291514014,-3050.5772098760935,-2371.0139444154483,,,,,,,0.030359216906358455,0.03703703703703698,,0.2973636649379223,0.7375,0.759493670886076,0.525,0.4625,0.2125,0.25625,0.25625,0.225,,0.50625,0.5125,0.24583333333333332,0.3958333333333333,0.359375,0.4960416666666666,0.33368055555555554,0.41486111111111107,64.0,monitor,"Proxy score from public NDIA service-area data. It combines benchmark gaps, utilisation friction, unspent committed funding and provider-activity indicators; it is a triage signal, not proof of unmet need.",supply_response_gap is participant growth minus provider growth; it is not a provider caseload measure.,2025,static 2025 ERP denominator from local processed file; quarterly interpolation unavailable without annual series,funded_plan_context_only
2025Q4,2025 Q4,2025-06-30,ndia_service_area,Ipswich,Ipswich,QLD,Inner Regional Australia,388213.0,,13588.0,,35.00140386849488,,0.019201920192019273,85000.0,,1154980000.0,820626000.0,60393.4353841625,,2113855.0228869203,0.7105110045195587,334354000.0,24606.564615837502,0.74,27.77839830958376,0.7514285432706143,85151.38506175322,62192.49868267691,31.40646420190928,0.7357142727569568,81348.30207161774,57871.566955701484,-7.223005558911119,0.011428543270614284,151.38506175321527,1799.0632985144111,-3.5949396665855997,-0.004285727243043169,-3651.6979283822584,-2521.8684284610135,,,,,,,0.042893779690267975,0.011904761904761862,,0.28948899548044127,0.75,0.759493670886076,0.5375,0.475,0.1875,0.26875,0.25,0.21875,,0.50625,0.55,0.24583333333333335,0.4041666666666666,0.346875,0.5027083333333333,0.33229166666666665,0.4175,59.0,monitor,"Proxy score from public NDIA service-area data. It combines benchmark gaps, utilisation friction, unspent committed funding and provider-activity indicators; it is a triage signal, not proof of unmet need.",supply_response_gap is participant growth minus provider growth; it is not a provider caseload measure.,2025,static 2025 ERP denominator from local processed file; quarterly interpolation unavailable without annual series,funded_plan_context_only
2026Q1,2026 Q1,2025-09-30,ndia_service_area,Ipswich,Ipswich,QLD,Inner Regional Australia,388213.0,,13821.0,,35.60158984887162,,0.01714748307330005,84000.0,,1160964000.0,847312000.0,61306.1283554012,,2182595.636931272,0.7298348613738238,313652000.0,22693.8716445988,0.73,28.253214646769933,0.7386029448813405,85151.81887829916,62709.42778038322,32.03344264863498,0.7233427743146025,81102.38055009648,58210.68357447111,-7.348375202101685,0.008602944881340448,1151.8188782991638,1403.2994249820258,-3.5681472002366377,-0.006657225685397492,-2897.619449903519,-3095.4447809300837,,,,,,,0.032519076899830024,-0.0117647058823529,,0.2701651386261762,0.7375,0.759493670886076,0.55,0.35,0.2,0.26875,0.24375,0.21875,,0.50625,0.4125,0.24375,0.32083333333333336,0.353125,0.46229166666666666,0.3059027777777778,0.3840972222222222,66.0,monitor,"Proxy score from public NDIA service-area data. It combines benchmark gaps, utilisation friction, unspent committed funding and provider-activity indicators; it is a triage signal, not proof of unmet need.",supply_response_gap is participant growth minus provider growth; it is not a provider caseload measure.,2025,static 2025 ERP denominator from local processed file; quarterly interpolation unavailable without annual series,funded_plan_context_only
2024Q2,2024 Q2,2023-12-31,ndia_service_area,Katherine,Katherine,NT,Remote Australia,11282.0,347.0,347.0,30.756957986172665,30.756957986172665,,,147000.0,44400.0,51009000.0,36200000.0,104322.7665706052,104322.76657060519,3208650.948413402,0.7096786841537768,14809000.0,42677.233429394815,0.79,24.12050932082575,0.774810548394224,79559.82881407744,60116.50993792392,24.02634249609882,0.7224571363687976,79668.8997388441,54482.11649824004,-6.636448665346915,-0.015189451605776014,-67440.17118592256,-44206.25663268129,-6.730615490073845,-0.06754286363120243,-67331.1002611559,-49840.65007236517,76.0,222.0,4.565789473684211,4.565789473684211,219.02017291066284,,,,,0.2903213158462232,0.0375,0.7974683544303798,0.9875,0.9625,0.1875,0.24375,0.25625,0.225,0.025,0.50625,0.6625,0.24166666666666667,0.6041666666666666,0.23958333333333334,0.56625,0.36180555555555555,0.4640277777777778,53.0,monitor,"Proxy score from public NDIA service-area data. It combines benchmark gaps, utilisation friction, unspent committed funding and provider-activity indicators; it is a triage signal, not proof of unmet need.",supply_response_gap is participant growth minus provider growth; it is not a provider caseload measure.,2025,static 2025 ERP denominator from local processed file; quarterly interpolation unavailable without annual series,derived_from_local_curated_source
2024Q3,2024 Q3,2024-03-31,ndia_service_area,Katherine,Katherine,NT,Remote Australia,11282.0,373.0,373.0,33.06151391597235,33.06151391597235,0.0749279538904899,0.0749279538904899,151000.0,45800.0,56323000.0,38549000.0,103348.5254691689,103348.5254691689,3416858.71299415,0.6844273209878735,17774000.0,47651.474530831096,0.79,24.68676284471637,0.7773084731227313,81027.36890354347,60498.99233345409,24.7574722552625,0.7261652892561983,82596.36363636363,55098.732782369145,-8.374751071255982,-0.012691526877268728,-69972.63109645653,-42849.53313571482,-8.30404166070985,-0.06383471074380168,-68403.63636363637,-48249.79268679976,,,,,,,0.064889502762431,0.027210884353741527,,0.3155726790121265,0.02564102564102564,0.8701298701298701,0.9871794871794872,0.9875,0.20625,0.26875,0.2625,0.23125,,0.50625,0.75,0.25416666666666665,0.6479166666666667,0.35624999999999996,0.6008974358974358,0.41944444444444445,0.5101709401709401,39.0,monitor,"Proxy score from public NDIA service-area data. It combines benchmark gaps, utilisation friction, unspent committed funding and provider-activity indicators; it is a triage signal, not proof of unmet need.",supply_response_gap is participant growth minus provider growth; it is not a provider caseload measure.,2025,static 2025 ERP denominator from local processed file; quarterly interpolation unavailable without annual series,derived_from_local_curated_source
2024Q4,2024 Q4,2024-06-30,ndia_service_area,Katherine,Katherine,NT,Remote Australia,11282.0,385.0,385.0,34.12515511434143,34.12515511434143,0.03217158176943702,0.03217158176943702,160000.0,47700.0,61600000.0,41419000.0,107581.81818181818,107581.81818181818,3671246.2329374226,0.6723863636363636,20181000.0,52418.181818181816,0.81,25.27144981343164,0.7784608418203379,82439.3926044259,61164.480098449734,25.15304619212344,0.7224088937093275,83827.87418655098,56104.77223427332,-8.853705300909795,-0.03153915817966208,-77560.6073955741,-46417.33808336844,-8.972108922217991,-0.08759110629067252,-76172.12581344902,-51477.04594754486,,,,,,,0.0744506991102234,0.0596026490066226,,0.3276136363636364,0.0375,0.8860759493670886,0.9875,0.975,0.2125,0.25625,0.25625,0.225,,0.50625,0.775,0.24583333333333332,0.6541666666666667,0.359375,0.6027083333333334,0.4197916666666666,0.51125,35.0,monitor,"Proxy score from public NDIA service-area data. It combines benchmark gaps, utilisation friction, unspent committed funding and provider-activity indicators; it is a triage signal, not proof of unmet need.",supply_response_gap is participant growth minus provider growth; it is not a provider caseload measure.,2025,static 2025 ERP denominator from local processed file; quarterly interpolation unavailable without annual series,derived_from_local_curated_source
2025Q1,2025 Q1,2024-09-30,ndia_service_area,Katherine,Katherine,NT,Remote Australia,11282.0,389.0,389.0,34.47970218046446,34.47970218046446,0.010389610389610393,0.010389610389610393,161000.0,51400.0,62629000.0,44712000.0,114940.87403598972,114940.87403598972,3963127.105123205,0.713918472273228,17917000.0,46059.12596401028,0.81,26.153554026565185,0.7601002932313932,82459.7494204458,60716.14056683959,25.966018834775586,0.705875183862156,83531.09897037192,55810.77957554108,-8.326148153899272,-0.04989970676860679,-78540.2505795542,-54224.73346915013,-8.513683345688872,-0.10412481613784408,-77468.90102962808,-59130.09446044864,,,,,,,0.0795045751949588,0.006250000000000089,,0.286081527726772,0.0375,0.8734177215189873,0.9875,0.9375,0.21875,0.25625,0.25,0.225,,0.50625,0.575,0.24375,0.5770833333333333,0.3625,0.5804166666666667,0.39444444444444443,0.4874305555555556,43.0,monitor,"Proxy score from public NDIA service-area data. It combines benchmark gaps, utilisation friction, unspent committed funding and provider-activity indicators; it is a triage signal, not proof of unmet need.",supply_response_gap is participant growth minus provider growth; it is not a provider caseload measure.,2025,static 2025 ERP denominator from local processed file; quarterly interpolation unavailable without annual series,derived_from_local_curated_source
2025Q2,2025 Q2,2024-12-31,ndia_service_area,Katherine,Katherine,NT,Remote Australia,11282.0,392.0,392.0,34.74561248005673,34.74561248005673,0.007712082262210762,0.007712082262210762,164000.0,49700.0,64288000.0,47014000.0,119933.67346938777,119933.67346938775,4167168.941677008,0.7313028870084619,17274000.0,44066.32653061225,0.82,26.957763247112997,0.7465297732931997,82492.94748629373,60067.7940397898,26.680780017241567,0.6975378323108384,85021.06339468302,55637.83231083844,-7.787849232943735,-0.07347022670680033,-81507.05251370627,-59865.87942959797,-8.064832462815161,-0.12246216768916156,-78978.93660531698,-64295.84115854932,,,,,,,0.0514850599391663,0.01863354037267073,,0.2686971129915381,0.0375,0.8354430379746836,0.9875,0.95,0.19375,0.25625,0.24375,0.21875,,0.50625,0.3,0.23958333333333334,0.48125,0.35,0.56125,0.35694444444444445,0.45909722222222227,52.0,monitor,"Proxy score from public NDIA service-area data. It combines benchmark gaps, utilisation friction, unspent committed funding and provider-activity indicators; it is a triage signal, not proof of unmet need.",supply_response_gap is participant growth minus provider growth; it is not a provider caseload measure.,2025,static 2025 ERP denominator from local processed file; quarterly interpolation unavailable without annual series,derived_from_local_curated_source
2025Q3,2025 Q3,2025-03-31,ndia_service_area,Katherine,Katherine,NT,Remote Australia,11282.0,,409.0,,36.25243751107959,,0.04336734693877542,163000.0,,66667000.0,48543000.0,118687.04156479218,,4302694.557702536,0.7281413592932036,18124000.0,44312.958435207824,0.83,27.40732028960876,0.7506086859240299,84432.45028614352,60802.47507148593,27.089994434683923,0.7040251762336355,86631.31923464249,56813.29305135952,-8.84511722147083,-0.07939131407597017,-78567.54971385648,-57884.56649330624,-9.162443076395668,-0.12597482376636449,-76368.68076535751,-61873.748513432656,,,,,,,0.03252222742161903,-0.0060975609756097615,,0.27185864070679644,0.0375,0.8987341772151899,0.9875,0.9375,0.2125,0.25625,0.25625,0.225,,0.50625,0.275,0.24583333333333332,0.4749999999999999,0.359375,0.559375,0.3600694444444444,0.45972222222222214,54.0,monitor,"Proxy score from public NDIA service-area data. It combines benchmark gaps, utilisation friction, unspent committed funding and provider-activity indicators; it is a triage signal, not proof of unmet need.",supply_response_gap is participant growth minus provider growth; it is not a provider caseload measure.,2025,static 2025 ERP denominator from local processed file; quarterly interpolation unavailable without annual series,funded_plan_context_only
2025Q4,2025 Q4,2025-06-30,ndia_service_area,Katherine,Katherine,NT,Remote Australia,11282.0,,418.0,,37.0501684098564,,0.022004889975550057,165000.0,,68970000.0,49525000.0,118480.86124401914,,4389735.862435739,0.7180658257213282,19445000.0,46519.138755980865,0.81,27.77839830958376,0.7514285432706143,85151.38506175322,62192.49868267691,27.289145451172534,0.7043007097870638,87268.51944416676,58336.399080275914,-9.271770100272647,-0.05857145672938571,-79848.61493824678,-56288.36256134223,-9.76102295868387,-0.10569929021293617,-77731.48055583324,-60144.46216374322,,,,,,,0.02022948725871898,0.012269938650306678,,0.28193417427867185,0.0375,0.8987341772151899,0.9875,0.95,0.1875,0.26875,0.25,0.21875,,0.50625,0.4625,0.24583333333333335,0.5333333333333333,0.346875,0.5710416666666667,0.3753472222222222,0.4731944444444445,49.0,monitor,"Proxy score from public NDIA service-area data. It combines benchmark gaps, utilisation friction, unspent committed funding and provider-activity indicators; it is a triage signal, not proof of unmet need.",supply_response_gap is participant growth minus provider growth; it is not a provider caseload measure.,2025,static 2025 ERP denominator from local processed file; quarterly interpolation unavailable without annual series,funded_plan_context_only
2026Q1,2026 Q1,2025-09-30,ndia_service_area,Katherine,Katherine,NT,Remote Australia,11282.0,,404.0,,35.809253678425804,,-0.03349282296650713,174000.0,,70296000.0,48643000.0,120403.46534653463,,4311558.234355611,0.6919739387731877,21653000.0,53596.53465346534,0.71,28.253214646769933,0.7386029448813405,85151.81887829916,62709.42778038322,27.59196412007988,0.6915315404389955,88616.37334387976,59932.27209808187,-7.556039031655871,0.02860294488134045,-88848.18112170084,-57694.03756615141,-8.217289558345925,-0.01846845956100452,-85383.62665612024,-60471.193248452764,,,,,,,-0.017809187279151928,0.05454545454545445,,0.3080260612268123,0.0375,0.7721518987341772,0.9875,0.975,0.2,0.26875,0.24375,0.21875,,0.50625,0.6375,0.24375,0.6041666666666666,0.353125,0.5914583333333334,0.40034722222222224,0.4959027777777778,44.0,monitor,"Proxy score from public NDIA service-area data. It combines benchmark gaps, utilisation friction, unspent committed funding and provider-activity indicators; it is a triage signal, not proof of unmet need.",supply_response_gap is participant growth minus provider growth; it is not a provider caseload measure.,2025,static 2025 ERP denominator from local processed file; quarterly interpolation unavailable without annual series,funded_plan_context_only
2024Q2,2024 Q2,2023-12-31,ndia_service_area,Kimberley-Pilbara,Kimberley-Pilbara,WA,Very Remote Australia,102732.0,1746.0,1746.0,16.99567807499124,16.99567807499124,,,94000.0,44300.0,164124000.0,107749000.0,61711.91294387171,61711.91294387171,1048835.8057859284,0.6565097121688479,56375000.0,32288.087056128294,0.71,24.12050932082575,0.774810548394224,79559.82881407744,60116.50993792392,26.179182279595977,0.7299395777967206,87236.47395075967,60770.62127062127,7.12483124583451,0.06481054839422398,-14440.171185922562,-1595.4030059477882,9.183504204604738,0.019939577796720585,-6763.526049240332,-941.2916732504382,151.0,480.0,11.562913907284768,11.562913907284768,86.48339060710194,,,,,0.3434902878311521,0.175,0.10126582278481013,0.675,0.8875,0.61875,0.95,0.25625,0.225,0.2375,0.50625,0.8375,0.4770833333333333,0.78125,0.4541666666666666,0.5945833333333332,0.5708333333333333,0.5827083333333333,24.0,monitor,"Proxy score from public NDIA service-area data. It combines benchmark gaps, utilisation friction, unspent committed funding and provider-activity indicators; it is a triage signal, not proof of unmet need.",supply_response_gap is participant growth minus provider growth; it is not a provider caseload measure.,2025,static 2025 ERP denominator from local processed file; quarterly interpolation unavailable without annual series,derived_from_local_curated_source
2024Q3,2024 Q3,2024-03-31,ndia_service_area,Kimberley-Pilbara,Kimberley-Pilbara,WA,Very Remote Australia,102732.0,1824.0,1824.0,17.754935171124867,17.754935171124867,0.04467353951890041,0.04467353951890041,99000.0,45800.0,180576000.0,114221000.0,62621.16228070176,62621.162280701756,1111834.6766343496,0.6325369927343611,66355000.0,36378.837719298244,0.72,24.68676284471637,0.7773084731227313,81027.36890354347,60498.99233345409,26.741674362372237,0.7287384335959551,89029.82107355865,61786.02459318165,6.931827673591499,0.05730847312273127,-17972.631096456535,-2122.1699472476757,8.986739191247366,0.008738433595955115,-9970.178926441353,-835.1376875201095,,,,,,,0.06006552264986209,0.05319148936170204,,0.36746300726563885,0.16666666666666666,0.1038961038961039,0.6923076923076923,0.9125,0.5125,0.9625,0.2625,0.23125,,0.50625,0.9,0.48541666666666666,0.7749999999999999,0.5093749999999999,0.6111698717948718,0.5899305555555555,0.6005502136752137,19.0,monitor,"Proxy score from public NDIA service-area data. It combines benchmark gaps, utilisation friction, unspent committed funding and provider-activity indicators; it is a triage signal, not proof of unmet need.",supply_response_gap is participant growth minus provider growth; it is not a provider caseload measure.,2025,static 2025 ERP denominator from local processed file; quarterly interpolation unavailable without annual series,derived_from_local_curated_source
2024Q4,2024 Q4,2024-06-30,ndia_service_area,Kimberley-Pilbara,Kimberley-Pilbara,WA,Very Remote Australia,102732.0,1885.0,1885.0,18.348713156562706,18.348713156562702,0.03344298245614041,0.03344298245614041,104000.0,47700.0,196040000.0,120441000.0,63894.429708222815,63894.429708222815,1172380.563018339,0.6143695164252193,75599000.0,40105.570291777185,0.72,25.27144981343164,0.7784608418203379,82439.3926044259,61164.480098449734,27.315980747937253,0.7307607285309241,91044.45191984238,62759.91157672161,6.922736656868931,0.05846084182033792,-21560.6073955741,-2729.9496097730807,8.967267591374547,0.010760728530924126,-12955.54808015762,-1134.5181315012014,,,,,,,0.054455835616918025,0.05050505050505061,,0.3856304835747807,0.175,0.10126582278481013,0.7,0.9125,0.575,0.95,0.25625,0.225,,0.50625,0.8875,0.4770833333333333,0.7916666666666666,0.5406249999999999,0.6239583333333333,0.6031249999999999,0.6135416666666667,17.0,monitor,"Proxy score from public NDIA service-area data. It combines benchmark gaps, utilisation friction, unspent committed funding and provider-activity indicators; it is a triage signal, not proof of unmet need.",supply_response_gap is participant growth minus provider growth; it is not a provider caseload measure.,2025,static 2025 ERP denominator from local processed file; quarterly interpolation unavailable without annual series,derived_from_local_curated_source
2025Q1,2025 Q1,2024-09-30,ndia_service_area,Kimberley-Pilbara,Kimberley-Pilbara,WA,Very Remote Australia,102732.0,1916.0,1916.0,18.65046918194915,18.65046918194915,0.01644562334217503,0.01644562334217503,109000.0,48100.0,208844000.0,126111000.0,65819.93736951983,65819.93736951983,1227572.713468053,0.6038526364176131,82733000.0,43180.06263048017,0.71,26.153554026565185,0.7601002932313932,82459.7494204458,60716.14056683959,28.08981758060144,0.7175297333925275,91778.55924480688,62539.22003878777,7.503084844616037,0.05010029323139321,-26540.250579554195,-5103.796802680241,9.439348398652292,0.007529733392527476,-17221.44075519312,-3280.7173307320627,,,,,,,0.047076992054200906,0.04807692307692313,,0.3961473635823869,0.175,0.10126582278481013,0.7875,0.9125,0.4375,0.95,0.25,0.225,,0.50625,0.8875,0.47500000000000003,0.7458333333333332,0.471875,0.6185416666666665,0.564236111111111,0.5913888888888887,20.0,monitor,"Proxy score from public NDIA service-area data. It combines benchmark gaps, utilisation friction, unspent committed funding and provider-activity indicators; it is a triage signal, not proof of unmet need.",supply_response_gap is participant growth minus provider growth; it is not a provider caseload measure.,2025,static 2025 ERP denominator from local processed file; quarterly interpolation unavailable without annual series,derived_from_local_curated_source
2025Q2,2025 Q2,2024-12-31,ndia_service_area,Kimberley-Pilbara,Kimberley-Pilbara,WA,Very Remote Australia,102732.0,1967.0,1967.0,19.146906514036523,19.146906514036523,0.02661795407098122,0.02661795407098122,110000.0,48600.0,216370000.0,132260000.0,67239.45094051855,67239.45094051855,1287427.481213254,0.611267735822896,84110000.0,42760.54905948145,0.69,26.957763247112997,0.7465297732931997,82492.94748629373,60067.7940397898,28.799988448237272,0.6997169488821533,91472.6178809909,62312.67804644591,7.81085673307647,0.056529773293199664,-27507.052513706265,-7171.656900728754,9.653081934200747,0.009716948882153248,-18527.382119009097,-4926.772894072645,,,,,,,0.04875863326751828,0.00917431192660545,,0.38873226417710405,0.175,0.10126582278481013,0.8625,0.9125,0.55625,0.95,0.24375,0.21875,,0.50625,0.875,0.47083333333333327,0.78125,0.53125,0.6525000000000001,0.5944444444444444,0.6234722222222222,17.0,monitor,"Proxy score from public NDIA service-area data. It combines benchmark gaps, utilisation friction, unspent committed funding and provider-activity indicators; it is a triage signal, not proof of unmet need.",supply_response_gap is participant growth minus provider growth; it is not a provider caseload measure.,2025,static 2025 ERP denominator from local processed file; quarterly interpolation unavailable without annual series,derived_from_local_curated_source
2025Q3,2025 Q3,2025-03-31,ndia_service_area,Kimberley-Pilbara,Kimberley-Pilbara,WA,Very Remote Australia,102732.0,,2030.0,,19.760152630144454,,0.03202846975088969,113000.0,,229390000.0,141488000.0,69698.52216748768,,1377253.436125063,0.6168010811282096,87902000.0,43301.47783251232,0.7,27.40732028960876,0.7506086859240299,84432.45028614352,60802.47507148593,29.255495455759704,0.6998867027124044,93888.60969645302,63068.60655553811,7.647167659464307,0.050608685924029825,-28567.549713856482,-8896.047096001748,9.49534282561525,-0.000113297287595628,-19111.390303546985,-6629.915611949575,,,,,,,0.06977166187811878,0.027272727272727337,,0.38319891887179036,0.175,0.10126582278481013,0.875,0.9125,0.2125,0.95,0.25625,0.225,,0.50625,0.8625,0.4770833333333333,0.6625,0.359375,0.596875,0.4996527777777778,0.5482638888888889,24.0,monitor,"Proxy score from public NDIA service-area data. It combines benchmark gaps, utilisation friction, unspent committed funding and provider-activity indicators; it is a triage signal, not proof of unmet need.",supply_response_gap is participant growth minus provider growth; it is not a provider caseload measure.,2025,static 2025 ERP denominator from local processed file; quarterly interpolation unavailable without annual series,funded_plan_context_only
2025Q4,2025 Q4,2025-06-30,ndia_service_area,Kimberley-Pilbara,Kimberley-Pilbara,WA,Very Remote Australia,102732.0,,2063.0,,20.081376786200988,,0.01625615763546806,115000.0,,237245000.0,150498000.0,72951.04217159476,,1464957.3647938326,0.6343568884486501,86747000.0,42048.95782840523,0.69,27.77839830958376,0.7514285432706143,85151.38506175322,62192.49868267691,29.615831690817068,0.7017884845529896,94950.29032401046,64775.29808075883,7.6970215233827695,0.06142854327061428,-29848.614938246785,-10758.54348891785,9.53445490461608,0.011788484552989616,-20049.709675989536,-8175.744090835928,,,,,,,0.06368031211127456,0.017699115044247815,,0.3656431115513499,0.175,0.10126582278481013,0.9125,0.9,0.4875,0.9625,0.25,0.21875,,0.50625,0.825,0.4770833333333333,0.7374999999999999,0.49687499999999996,0.6443749999999999,0.570486111111111,0.6074305555555555,16.0,monitor,"Proxy score from public NDIA service-area data. It combines benchmark gaps, utilisation friction, unspent committed funding and provider-activity indicators; it is a triage signal, not proof of unmet need.",supply_response_gap is participant growth minus provider growth; it is not a provider caseload measure.,2025,static 2025 ERP denominator from local processed file; quarterly interpolation unavailable without annual series,funded_plan_context_only
2026Q1,2026 Q1,2025-09-30,ndia_service_area,Kimberley-Pilbara,Kimberley-Pilbara,WA,Very Remote Australia,102732.0,,2092.0,,20.36366468091734,,0.014057198254968428,113000.0,,236396000.0,156736000.0,74921.60611854684,,1525678.4643538527,0.6630230629959898,79660000.0,38078.39388145316,0.67,28.253214646769933,0.7386029448813405,85151.81887829916,62709.42778038322,29.935474216268688,0.6915735929312197,94840.2069766932,65463.76811594203,7.889549965852595,0.06860294488134044,-27848.181121700836,-12212.17833816362,9.571809535351347,0.021573592931219708,-18159.793023306804,-9457.83800260481,,,,,,,0.04144905580140601,-0.017391304347826098,,0.3369769370040102,0.175,0.10126582278481013,0.9375,0.9125,0.61875,0.9625,0.24375,0.21875,,0.50625,0.775,0.47500000000000003,0.7687499999999999,0.5625,0.67125,0.6020833333333333,0.6366666666666667,12.0,business opportunity: high demand friction,"Proxy score from public NDIA service-area data. It combines benchmark gaps, utilisation friction, unspent committed funding and provider-activity indicators; it is a triage signal, not proof of unmet need.",supply_response_gap is participant growth minus provider growth; it is not a provider caseload measure.,2025,static 2025 ERP denominator from local processed file; quarterly interpolation unavailable without annual series,funded_plan_context_only
2024Q2,2024 Q2,2023-12-31,ndia_service_area,Limestone Coast,Limestone Coast,SA,Outer Regional Australia,69717.0,1833.0,1833.0,26.292009122595637,26.29200912259564,,,75000.0,25900.0,137475000.0,91914000.0,50144.02618657938,50144.02618657938,1318387.1939412195,0.6685870158210584,45561000.0,24855.973813420624,0.72,24.12050932082575,0.774810548394224,79559.82881407744,60116.50993792392,29.44748036263278,0.7485395550523876,79779.69432547608,58182.44347371007,-2.1714998017698868,0.05481054839422399,4559.828814077438,9972.483751344538,3.1554712400371443,0.028539555052387585,4779.6943254760845,8038.417287130687,126.0,526.0,14.547619047619047,14.547619047619047,68.73977086743044,,,,,0.3314129841789416,0.1875,0.5443037974683544,0.225,0.725,0.71875,0.7125,0.7125,0.7625,0.55,0.50625,0.825,0.7291666666666666,0.75625,0.5916666666666667,0.4970833333333333,0.6923611111111111,0.5947222222222222,19.0,advocacy: funding or access gap,"Proxy score from public NDIA service-area data. It combines benchmark gaps, utilisation friction, unspent committed funding and provider-activity indicators; it is a triage signal, not proof of unmet need.",supply_response_gap is participant growth minus provider growth; it is not a provider caseload measure.,2025,static 2025 ERP denominator from local processed file; quarterly interpolation unavailable without annual series,derived_from_local_curated_source
2024Q3,2024 Q3,2024-03-31,ndia_service_area,Limestone Coast,Limestone Coast,SA,Outer Regional Australia,69717.0,1878.0,1878.0,26.937475794999784,26.937475794999784,0.02454991816693952,0.02454991816693952,78000.0,25900.0,146484000.0,96378000.0,51319.488817891375,51319.488817891375,1382417.4878437112,0.6579421643319406,50106000.0,26680.511182108625,0.73,24.68676284471637,0.7773084731227313,81027.36890354347,60498.99233345409,29.18486251877246,0.751550423518762,80452.36760997478,58049.56139405565,-2.2507129502834182,0.04730847312273127,3027.3689035434654,9179.503515562712,2.2473867237726743,0.021550423518762046,2452.3676099747827,6730.072576164275,,,,,,,0.04856713884718333,0.040000000000000036,,0.34205783566805936,0.1794871794871795,0.5194805194805194,0.2948717948717949,0.7875,0.65625,0.6875,0.63125,0.725,,0.50625,0.825,0.68125,0.75625,0.58125,0.5198717948717949,0.6729166666666666,0.5963942307692307,20.0,advocacy: funding or access gap,"Proxy score from public NDIA service-area data. It combines benchmark gaps, utilisation friction, unspent committed funding and provider-activity indicators; it is a triage signal, not proof of unmet need.",supply_response_gap is participant growth minus provider growth; it is not a provider caseload measure.,2025,static 2025 ERP denominator from local processed file; quarterly interpolation unavailable without annual series,derived_from_local_curated_source
2024Q4,2024 Q4,2024-06-30,ndia_service_area,Limestone Coast,Limestone Coast,SA,Outer Regional Australia,69717.0,1922.0,1922.0,27.56859876357273,27.56859876357273,0.023429179978700754,0.023429179978700754,78000.0,26200.0,149916000.0,99805000.0,51927.679500520295,51927.679500520295,1431573.3608732447,0.6657394807759012,50111000.0,26072.32049947971,0.73,25.27144981343164,0.7784608418203379,82439.3926044259,61164.480098449734,30.608345586211776,0.7572561652281135,82644.4615700781,59375.719276613236,-2.297148950141093,0.04846084182033792,4439.392604425899,9236.80059792944,3.039746822639046,0.027256165228113503,4644.4615700781,7448.039776092941,,,,,,,0.03555790740625464,0.0,,0.33426051922409883,0.1875,0.5569620253164557,0.2625,0.7375,0.7,0.6875,0.7125,0.725,,0.50625,0.8,0.7083333333333334,0.7458333333333332,0.6031249999999999,0.5072916666666666,0.6857638888888888,0.5965277777777778,19.0,advocacy: funding or access gap,"Proxy score from public NDIA service-area data. It combines benchmark gaps, utilisation friction, unspent committed funding and provider-activity indicators; it is a triage signal, not proof of unmet need.",supply_response_gap is participant growth minus provider growth; it is not a provider caseload measure.,2025,static 2025 ERP denominator from local processed file; quarterly interpolation unavailable without annual series,derived_from_local_curated_source
2025Q1,2025 Q1,2024-09-30,ndia_service_area,Limestone Coast,Limestone Coast,SA,Outer Regional Australia,69717.0,1975.0,1975.0,28.328815066626504,28.328815066626504,0.02757544224765862,0.02757544224765862,79000.0,26500.0,156025000.0,103401000.0,52354.93670886076,52354.93670886076,1483153.3198502518,0.6627207178336805,52624000.0,26645.063291139242,0.71,26.153554026565185,0.7601002932313932,82459.7494204458,60716.14056683959,31.532697494122548,0.7415501850207962,82697.75282019569,59065.36071574622,-2.1752610400613186,0.05010029323139321,3459.7494204458053,8361.203857978828,3.203882427496044,0.03155018502079613,3697.7528201956884,6710.424006885456,,,,,,,0.03603025900505985,0.012820512820512775,,0.3372792821663195,0.1875,0.5316455696202531,0.3,0.7375,0.75625,0.7,0.65,0.725,,0.50625,0.7875,0.6916666666666668,0.7604166666666666,0.63125,0.5233333333333332,0.6944444444444445,0.6088888888888888,17.0,advocacy: funding or access gap,"Proxy score from public NDIA service-area data. It combines benchmark gaps, utilisation friction, unspent committed funding and provider-activity indicators; it is a triage signal, not proof of unmet need.",supply_response_gap is participant growth minus provider growth; it is not a provider caseload measure.,2025,static 2025 ERP denominator from local processed file; quarterly interpolation unavailable without annual series,derived_from_local_curated_source
2025Q2,2025 Q2,2024-12-31,ndia_service_area,Limestone Coast,Limestone Coast,SA,Outer Regional Australia,69717.0,2041.0,2041.0,29.275499519485923,29.275499519485923,0.03341772151898725,0.03341772151898725,81000.0,26400.0,165321000.0,105456000.0,51668.7898089172,51668.789808917194,1512629.6312233745,0.6378862939372494,59865000.0,29331.210191082802,0.69,26.957763247112997,0.7465297732931997,82492.94748629373,60067.7940397898,32.322438100030666,0.723891505303104,82921.77678310791,58404.145178554056,-2.3177362723729296,0.056529773293199664,1492.947486293735,8399.004230872597,3.046938580544744,0.03389150530310402,1921.776783107911,6735.355369636854,,,,,,,0.01987408245568223,0.025316455696202445,,0.3621137060627506,0.1875,0.5443037974683544,0.2875,0.8125,0.8,0.6625,0.5875,0.725,,0.50625,0.825,0.6583333333333333,0.8125,0.653125,0.5506249999999999,0.7079861111111111,0.6293055555555556,14.0,advocacy watchlist,"Proxy score from public NDIA service-area data. It combines benchmark gaps, utilisation friction, unspent committed funding and provider-activity indicators; it is a triage signal, not proof of unmet need.",supply_response_gap is participant growth minus provider growth; it is not a provider caseload measure.,2025,static 2025 ERP denominator from local processed file; quarterly interpolation unavailable without annual series,derived_from_local_curated_source
2025Q3,2025 Q3,2025-03-31,ndia_service_area,Limestone Coast,Limestone Coast,SA,Outer Regional Australia,69717.0,,2089.0,,29.96399730338368,,0.023517883390494765,84000.0,,175476000.0,110511000.0,52901.38822403064,,1585137.054090107,0.62977843123846,64965000.0,31098.611775969362,0.69,27.40732028960876,0.7506086859240299,84432.45028614352,60802.47507148593,32.730046154692914,0.7269261814617647,84888.12868756366,59134.059154767165,-2.556677013774916,0.06060868592402983,432.4502861435176,7901.086847455292,2.766048851309236,0.03692618146176471,888.1286875636579,6232.670930736524,,,,,,,0.04793468365953579,0.03703703703703698,,0.37022156876154,0.1875,0.5443037974683544,0.3,0.825,0.825,0.6375,0.53125,0.7,,0.50625,0.825,0.6229166666666667,0.8249999999999998,0.6656249999999999,0.5606249999999999,0.7045138888888888,0.6325694444444443,12.0,advocacy watchlist,"Proxy score from public NDIA service-area data. It combines benchmark gaps, utilisation friction, unspent committed funding and provider-activity indicators; it is a triage signal, not proof of unmet need.",supply_response_gap is participant growth minus provider growth; it is not a provider caseload measure.,2025,static 2025 ERP denominator from local processed file; quarterly interpolation unavailable without annual series,funded_plan_context_only
2025Q4,2025 Q4,2025-06-30,ndia_service_area,Limestone Coast,Limestone Coast,SA,Outer Regional Australia,69717.0,,2115.0,,30.336933602994968,,0.012446146481570164,84000.0,,177660000.0,111742000.0,52833.09692671394,,1602794.1535063186,0.6289654396037375,65918000.0,31166.903073286052,0.69,27.77839830958376,0.7514285432706143,85151.38506175322,62192.49868267691,33.11060614399949,0.7308756031764125,85664.50093088642,60376.25859645123,-2.558535293411211,0.06142854327061428,1151.3850617532153,9359.401755962972,2.7736725410045224,0.040875603176412485,1664.5009308864246,7543.161669737296,,,,,,,0.011139162617296083,0.0,,0.3710345603962625,0.1875,0.5316455696202531,0.275,0.825,0.85,0.65,0.575,0.7375,,0.50625,0.8625,0.6541666666666667,0.8458333333333332,0.678125,0.5622916666666666,0.7260416666666667,0.6441666666666667,10.0,provider opportunity: under-serviced,"Proxy score from public NDIA service-area data. It combines benchmark gaps, utilisation friction, unspent committed funding and provider-activity indicators; it is a triage signal, not proof of unmet need.",supply_response_gap is participant growth minus provider growth; it is not a provider caseload measure.,2025,static 2025 ERP denominator from local processed file; quarterly interpolation unavailable without annual series,funded_plan_context_only
2026Q1,2026 Q1,2025-09-30,ndia_service_area,Limestone Coast,Limestone Coast,SA,Outer Regional Australia,69717.0,,2135.0,,30.62380767961903,,0.009456264775413725,85000.0,,181475000.0,116844000.0,54727.86885245902,,1675975.7304531178,0.6438572806171649,64631000.0,30272.131147540982,0.68,28.253214646769933,0.7386029448813405,85151.81887829916,62709.42778038322,33.634269269780866,0.7179683189796243,85747.48693204664,60763.24328367979,-2.370593032849097,0.05860294488134045,151.81887829916377,7981.558927924205,3.0104615901618352,0.03796831897962434,747.4869320466387,6035.374431220771,,,,,,,0.045658749619659655,0.011904761904761862,,0.35614271938283515,0.1875,0.5443037974683544,0.275,0.825,0.80625,0.65,0.5375,0.6875,,0.50625,0.8375,0.625,0.8229166666666666,0.65625,0.5533333333333333,0.7013888888888888,0.627361111111111,15.0,advocacy watchlist,"Proxy score from public NDIA service-area data. It combines benchmark gaps, utilisation friction, unspent committed funding and provider-activity indicators; it is a triage signal, not proof of unmet need.",supply_response_gap is participant growth minus provider growth; it is not a provider caseload measure.,2025,static 2025 ERP denominator from local processed file; quarterly interpolation unavailable without annual series,funded_plan_context_only
2024Q2,2024 Q2,2023-12-31,ndia_service_area,Loddon,Loddon,VIC,Inner Regional Australia,261396.0,9248.0,9248.0,35.379271297188936,35.379271297188936,,,65000.0,25300.0,601120000.0,424967000.0,45952.31401384083,45952.31401384083,1625759.384229292,0.7069586771360128,176153000.0,19047.68598615917,0.73,24.12050932082575,0.774810548394224,79559.82881407744,60116.50993792392,26.8899974718611,0.7630061336695022,76355.8163924701,56667.37290379991,-11.258761976363186,0.044810548394223985,14559.828814077438,14164.195924083091,-8.489273825327835,0.033006133669502155,11355.816392470093,10715.05888995908,462.0,1735.0,20.017316017316016,20.017316017316016,49.95674740484429,,,,,0.2930413228639872,0.65,0.9620253164556962,0.1375,0.3,0.75,0.24375,0.925,0.85,0.8625,0.50625,0.7,0.6729166666666666,0.5833333333333334,0.7062499999999999,0.47541666666666665,0.6541666666666667,0.5647916666666667,26.0,under-funded and under-serviced,"Proxy score from public NDIA service-area data. It combines benchmark gaps, utilisation friction, unspent committed funding and provider-activity indicators; it is a triage signal, not proof of unmet need.",supply_response_gap is participant growth minus provider growth; it is not a provider caseload measure.,2025,static 2025 ERP denominator from local processed file; quarterly interpolation unavailable without annual series,derived_from_local_curated_source
2024Q3,2024 Q3,2024-03-31,ndia_service_area,Loddon,Loddon,VIC,Inner Regional Australia,261396.0,9518.0,9518.0,36.41218687355583,36.41218687355583,0.029195501730103768,0.029195501730103768,67000.0,25800.0,637706000.0,438836000.0,46105.9046018071,46105.9046018071,1678816.814335338,0.6881478298777179,198870000.0,20894.095398192898,0.72,24.68676284471637,0.7773084731227313,81027.36890354347,60498.99233345409,27.71623599286424,0.7648604023741618,77994.1725121406,56947.80441429636,-11.725424028839466,0.05730847312273127,14027.368903543465,14393.087731646985,-8.695950880691594,0.044860402374161765,10994.172512140605,10841.89981248926,,,,,,,0.03263547522513521,0.03076923076923066,,0.31185217012228206,0.6410256410256411,0.974025974025974,0.11538461538461539,0.425,0.81875,0.26875,0.9125,0.85,,0.50625,0.7125,0.6770833333333334,0.6520833333333332,0.6625,0.4991987179487179,0.6638888888888889,0.5815438034188034,23.0,advocacy: funding or access gap,"Proxy score from public NDIA service-area data. It combines benchmark gaps, utilisation friction, unspent committed funding and provider-activity indicators; it is a triage signal, not proof of unmet need.",supply_response_gap is participant growth minus provider growth; it is not a provider caseload measure.,2025,static 2025 ERP denominator from local processed file; quarterly interpolation unavailable without annual series,derived_from_local_curated_source
2024Q4,2024 Q4,2024-06-30,ndia_service_area,Loddon,Loddon,VIC,Inner Regional Australia,261396.0,9717.0,9717.0,37.17348390947069,37.17348390947069,0.02090775372977527,0.02090775372977527,68000.0,26000.0,660756000.0,450122000.0,46323.14500360194,46323.14500360194,1721992.685427474,0.6812227206412049,210634000.0,21676.854996398066,0.72,25.27144981343164,0.7784608418203379,82439.3926044259,61164.480098449734,28.31985586047522,0.7685814728943384,79139.48388848934,57480.02092208034,-11.902034096039053,0.05846084182033792,14439.392604425899,14841.335094847796,-8.853628048995471,0.048581472894338444,11139.48388848934,11156.8759184784,,,,,,,0.02571803589495847,0.014925373134328401,,0.3187772793587951,0.65,0.9746835443037974,0.1,0.4375,0.88125,0.25625,0.9,0.8625,,0.50625,0.725,0.6729166666666666,0.68125,0.69375,0.5125,0.6826388888888889,0.5975694444444444,18.0,under-funded and under-serviced,"Proxy score from public NDIA service-area data. It combines benchmark gaps, utilisation friction, unspent committed funding and provider-activity indicators; it is a triage signal, not proof of unmet need.",supply_response_gap is participant growth minus provider growth; it is not a provider caseload measure.,2025,static 2025 ERP denominator from local processed file; quarterly interpolation unavailable without annual series,derived_from_local_curated_source
2025Q1,2025 Q1,2024-09-30,ndia_service_area,Loddon,Loddon,VIC,Inner Regional Australia,261396.0,10118.0,10118.0,38.70755482103781,38.70755482103781,0.04126788103324075,0.04126788103324075,67000.0,25800.0,677906000.0,460640000.0,45526.78394939711,45526.78394939711,1762230.4855468331,0.6795042380507031,217266000.0,21473.216050602885,0.71,26.153554026565185,0.7601002932313932,82459.7494204458,60716.14056683959,29.378540729741957,0.749585874550338,79082.76206451863,56908.5598208139,-12.554000794472625,0.05010029323139321,15459.749420445805,15189.356617442478,-9.329014091295855,0.039585874550337935,12082.762064518625,11381.775871416787,,,,,,,0.02336699828046629,-0.014705882352941124,,0.32049576194929685,0.65,0.9746835443037974,0.0875,0.35,0.80625,0.25625,0.9375,0.85,,0.50625,0.725,0.68125,0.6270833333333333,0.65625,0.47416666666666674,0.6548611111111111,0.564513888888889,26.0,advocacy: funding or access gap,"Proxy score from public NDIA service-area data. It combines benchmark gaps, utilisation friction, unspent committed funding and provider-activity indicators; it is a triage signal, not proof of unmet need.",supply_response_gap is participant growth minus provider growth; it is not a provider caseload measure.,2025,static 2025 ERP denominator from local processed file; quarterly interpolation unavailable without annual series,derived_from_local_curated_source
2025Q2,2025 Q2,2024-12-31,ndia_service_area,Loddon,Loddon,VIC,Inner Regional Australia,261396.0,10407.0,10407.0,39.81315704907497,39.81315704907497,0.028562957106147424,0.028562957106147424,67000.0,25600.0,697269000.0,462025000.0,44395.59911597963,44395.59911597963,1767528.9598922706,0.6626208823280542,235244000.0,22604.40088402037,0.69,26.957763247112997,0.7465297732931997,82492.94748629373,60067.7940397898,30.345785307596167,0.7338446519006651,79096.43428753808,56188.57394969421,-12.855393801961974,0.056529773293199664,15492.947486293735,15672.194923810166,-9.4673717414788,0.04384465190066507,12096.434287538083,11792.97483371458,,,,,,,0.0030066863494269125,0.0,,0.33737911767194584,0.65,0.9746835443037974,0.075,0.3875,0.84375,0.25625,0.9375,0.875,,0.50625,0.75,0.6895833333333333,0.6604166666666667,0.675,0.48958333333333337,0.6750000000000002,0.5822916666666668,19.0,under-funded and under-serviced,"Proxy score from public NDIA service-area data. It combines benchmark gaps, utilisation friction, unspent committed funding and provider-activity indicators; it is a triage signal, not proof of unmet need.",supply_response_gap is participant growth minus provider growth; it is not a provider caseload measure.,2025,static 2025 ERP denominator from local processed file; quarterly interpolation unavailable without annual series,derived_from_local_curated_source
2025Q3,2025 Q3,2025-03-31,ndia_service_area,Loddon,Loddon,VIC,Inner Regional Australia,261396.0,,10571.0,,40.44055762138671,,0.015758624003074928,68000.0,,718828000.0,471213000.0,44576.009838236685,,1802678.6943947116,0.6555295564446572,247615000.0,23423.990161763315,0.69,27.40732028960876,0.7506086859240299,84432.45028614352,60802.47507148593,30.943280669707555,0.735953040708486,80949.4227901239,56650.43820079907,-13.033237331777949,0.06060868592402983,16432.450286143518,16226.465233249248,-9.497276951679154,0.045953040708485986,12949.422790123906,12074.428362562387,,,,,,,0.019886369785184765,0.014925373134328401,,0.34447044355534284,0.65,0.9746835443037974,0.075,0.3375,0.8625,0.25625,0.9375,0.8625,,0.50625,0.7625,0.6854166666666668,0.6541666666666667,0.684375,0.4802083333333333,0.6746527777777779,0.5774305555555556,18.0,under-funded and under-serviced,"Proxy score from public NDIA service-area data. It combines benchmark gaps, utilisation friction, unspent committed funding and provider-activity indicators; it is a triage signal, not proof of unmet need.",supply_response_gap is participant growth minus provider growth; it is not a provider caseload measure.,2025,static 2025 ERP denominator from local processed file; quarterly interpolation unavailable without annual series,funded_plan_context_only
2025Q4,2025 Q4,2025-06-30,ndia_service_area,Loddon,Loddon,VIC,Inner Regional Australia,261396.0,,10704.0,,40.94936418307855,,0.012581591145586879,68000.0,,727872000.0,489152000.0,45698.05680119582,,1871306.370411177,0.672030247076409,238720000.0,22301.943198804187,0.69,27.77839830958376,0.7514285432706143,85151.38506175322,62192.49868267691,31.40646420190928,0.7357142727569568,81348.30207161774,57871.566955701484,-13.170965873494794,0.06142854327061428,17151.385061753215,16494.441881481092,-9.542899981169274,0.04571427275695683,13348.302071617742,12173.510154505668,,,,,,,0.03806983253857599,0.0,,0.327969752923591,0.65,0.9746835443037974,0.075,0.3,0.8625,0.26875,0.9375,0.85,,0.50625,0.725,0.6854166666666667,0.6291666666666668,0.684375,0.4677083333333333,0.6663194444444445,0.5670138888888889,23.0,under-funded and under-serviced,"Proxy score from public NDIA service-area data. It combines benchmark gaps, utilisation friction, unspent committed funding and provider-activity indicators; it is a triage signal, not proof of unmet need.",supply_response_gap is participant growth minus provider growth; it is not a provider caseload measure.,2025,static 2025 ERP denominator from local processed file; quarterly interpolation unavailable without annual series,funded_plan_context_only
2026Q1,2026 Q1,2025-09-30,ndia_service_area,Loddon,Loddon,VIC,Inner Regional Australia,261396.0,,10950.0,,41.89046504154616,,0.02298206278026904,68000.0,,744600000.0,499462000.0,45612.96803652968,,1910748.442975409,0.6707789417136718,245138000.0,22387.03196347032,0.68,28.253214646769933,0.7386029448813405,85151.81887829916,62709.42778038322,32.03344264863498,0.7233427743146025,81102.38055009648,58210.68357447111,-13.637250394776224,0.05860294488134045,17151.818878299164,17096.459743853542,-9.857022392911176,0.04334277431460251,13102.38055009648,12597.715537941433,,,,,,,0.021077292947795367,0.0,,0.3292210582863282,0.65,0.9746835443037974,0.0875,0.325,0.85625,0.26875,0.9375,0.8625,,0.50625,0.7375,0.6895833333333333,0.6395833333333333,0.6812499999999999,0.4766666666666667,0.6701388888888888,0.5734027777777777,21.0,under-funded and under-serviced,"Proxy score from public NDIA service-area data. It combines benchmark gaps, utilisation friction, unspent committed funding and provider-activity indicators; it is a triage signal, not proof of unmet need.",supply_response_gap is participant growth minus provider growth; it is not a provider caseload measure.,2025,static 2025 ERP denominator from local processed file; quarterly interpolation unavailable without annual series,funded_plan_context_only
2024Q2,2024 Q2,2023-12-31,ndia_service_area,Mackay,Mackay,QLD,Remote Australia,193813.0,4335.0,4335.0,22.366920691594476,22.36692069159448,,,71000.0,24900.0,307785000.0,219726000.0,50686.50519031142,50686.50519031142,1133701.0417257873,0.7138944393001608,88059000.0,20313.494809688582,0.73,24.12050932082575,0.774810548394224,79559.82881407744,60116.50993792392,24.02634249609882,0.7224571363687976,79668.8997388441,54482.11649824004,1.753588629231274,0.044810548394223985,8559.828814077438,9430.004747612496,1.659421804504344,-0.007542863631202437,8668.899738844106,3795.611307928615,265.0,1113.0,16.358490566037737,16.358490566037737,61.13033448673587,,,,,0.28610556069983917,0.35,0.3291139240506329,0.2625,0.4375,0.1875,0.625,0.825,0.625,0.7125,0.50625,0.6375,0.6916666666666668,0.42083333333333334,0.46875,0.3879166666666667,0.5270833333333333,0.4575,56.0,advocacy: funding or access gap,"Proxy score from public NDIA service-area data. It combines benchmark gaps, utilisation friction, unspent committed funding and provider-activity indicators; it is a triage signal, not proof of unmet need.",supply_response_gap is participant growth minus provider growth; it is not a provider caseload measure.,2025,static 2025 ERP denominator from local processed file; quarterly interpolation unavailable without annual series,derived_from_local_curated_source
2024Q3,2024 Q3,2024-03-31,ndia_service_area,Mackay,Mackay,QLD,Remote Australia,193813.0,4440.0,4440.0,22.908680016304377,22.908680016304377,0.02422145328719716,0.02422145328719716,74000.0,25300.0,328560000.0,225969000.0,50893.91891891892,50893.91891891892,1165912.503289253,0.6877556610664719,102591000.0,23106.08108108108,0.73,24.68676284471637,0.7773084731227313,81027.36890354347,60498.99233345409,24.7574722552625,0.7261652892561983,82596.36363636363,55098.732782369145,1.7780828284119892,0.04730847312273127,7027.368903543465,9605.073414535167,1.8487922389581224,-0.0038347107438016794,8596.363636363632,4204.813863450225,,,,,,,0.02841265940307469,0.04225352112676051,,0.3122443389335281,0.3333333333333333,0.3246753246753247,0.23076923076923078,0.6125,0.20625,0.65,0.7875,0.65,,0.50625,0.725,0.6958333333333333,0.5145833333333334,0.35624999999999996,0.40948717948717944,0.5222222222222223,0.4658547008547008,53.0,advocacy: funding or access gap,"Proxy score from public NDIA service-area data. It combines benchmark gaps, utilisation friction, unspent committed funding and provider-activity indicators; it is a triage signal, not proof of unmet need.",supply_response_gap is participant growth minus provider growth; it is not a provider caseload measure.,2025,static 2025 ERP denominator from local processed file; quarterly interpolation unavailable without annual series,derived_from_local_curated_source
2024Q4,2024 Q4,2024-06-30,ndia_service_area,Mackay,Mackay,QLD,Remote Australia,193813.0,4516.0,4516.0,23.30081057514202,23.30081057514202,0.017117117117117164,0.017117117117117164,76000.0,25900.0,343216000.0,232538000.0,51492.02834366696,51492.02834366696,1199805.9985656277,0.67752668873246,110678000.0,24507.971656333037,0.73,25.27144981343164,0.7784608418203379,82439.3926044259,61164.480098449734,25.15304619212344,0.7224088937093275,83827.87418655098,56104.77223427332,1.9706392382896176,0.04846084182033792,6439.392604425899,9672.45175478277,1.852235616981421,-0.007591106290672513,7827.87418655098,4612.743890606354,,,,,,,0.029070359208563934,0.027027027027026973,,0.32247331126754,0.35,0.3291139240506329,0.2125,0.625,0.2125,0.625,0.775,0.65,,0.50625,0.75,0.6833333333333332,0.5291666666666667,0.359375,0.41520833333333335,0.5239583333333333,0.46958333333333335,51.0,advocacy: funding or access gap,"Proxy score from public NDIA service-area data. It combines benchmark gaps, utilisation friction, unspent committed funding and provider-activity indicators; it is a triage signal, not proof of unmet need.",supply_response_gap is participant growth minus provider growth; it is not a provider caseload measure.,2025,static 2025 ERP denominator from local processed file; quarterly interpolation unavailable without annual series,derived_from_local_curated_source
2025Q1,2025 Q1,2024-09-30,ndia_service_area,Mackay,Mackay,QLD,Remote Australia,193813.0,4647.0,4647.0,23.976719827875325,23.976719827875325,0.029007971656332954,0.029007971656332954,76000.0,26000.0,353172000.0,239121000.0,51457.06907682376,51457.069076823755,1233771.7284186303,0.6770666983792599,114051000.0,24542.93092317624,0.71,26.153554026565185,0.7601002932313932,82459.7494204458,60716.14056683959,25.966018834775586,0.705875183862156,83531.09897037192,55810.77957554108,2.1768341986898605,0.05010029323139321,6459.749420445805,9259.071490015827,1.9892990069002607,-0.004124816137844078,7531.098970371924,4353.710498717315,,,,,,,0.028309351589847598,0.0,,0.3229333016207401,0.35,0.3291139240506329,0.25,0.5875,0.21875,0.625,0.7875,0.65,,0.50625,0.7375,0.6875,0.5145833333333334,0.3625,0.4129166666666667,0.5215277777777778,0.46722222222222226,49.0,advocacy: funding or access gap,"Proxy score from public NDIA service-area data. It combines benchmark gaps, utilisation friction, unspent committed funding and provider-activity indicators; it is a triage signal, not proof of unmet need.",supply_response_gap is participant growth minus provider growth; it is not a provider caseload measure.,2025,static 2025 ERP denominator from local processed file; quarterly interpolation unavailable without annual series,derived_from_local_curated_source
2025Q2,2025 Q2,2024-12-31,ndia_service_area,Mackay,Mackay,QLD,Remote Australia,193813.0,4778.0,4778.0,24.652629080608627,24.652629080608627,0.02819023025607925,0.02819023025607925,78000.0,26200.0,372684000.0,244878000.0,51251.151109250735,51251.151109250735,1263475.6182505817,0.6570660398621889,127806000.0,26748.84889074927,0.69,26.957763247112997,0.7465297732931997,82492.94748629373,60067.7940397898,26.680780017241567,0.6975378323108384,85021.06339468302,55637.83231083844,2.3051341665043665,0.056529773293199664,4492.947486293735,8816.642930539063,2.02815093663294,0.00753783231083844,7021.06339468302,4386.681201587708,,,,,,,0.024075677167626486,0.026315789473684292,,0.3429339601378111,0.35,0.3291139240506329,0.25,0.675,0.5375,0.5875,0.7875,0.6625,,0.50625,0.775,0.6791666666666667,0.6625,0.521875,0.49187499999999995,0.6211805555555556,0.5565277777777777,27.0,advocacy: funding or access gap,"Proxy score from public NDIA service-area data. It combines benchmark gaps, utilisation friction, unspent committed funding and provider-activity indicators; it is a triage signal, not proof of unmet need.",supply_response_gap is participant growth minus provider growth; it is not a provider caseload measure.,2025,static 2025 ERP denominator from local processed file; quarterly interpolation unavailable without annual series,derived_from_local_curated_source
2025Q3,2025 Q3,2025-03-31,ndia_service_area,Mackay,Mackay,QLD,Remote Australia,193813.0,,4799.0,,24.760980945550607,,0.00439514441188793,79000.0,,379121000.0,252832000.0,52684.30923108981,,1304515.177000511,0.6668899902669596,126289000.0,26315.69076891019,0.7,27.40732028960876,0.7506086859240299,84432.45028614352,60802.47507148593,27.089994434683923,0.7040251762336355,86631.31923464249,56813.29305135952,2.6463393440581555,0.050608685924029825,5432.450286143518,8118.165840396126,2.3290134891333167,0.004025176233635505,7631.319234642491,4128.983820269714,,,,,,,0.03248148057400013,0.012820512820512775,,0.3331100097330404,0.35,0.27848101265822783,0.2875,0.625,0.475,0.6125,0.7875,0.6375,,0.50625,0.7125,0.6791666666666666,0.6041666666666666,0.490625,0.47145833333333337,0.5913194444444444,0.5313888888888889,29.0,advocacy: funding or access gap,"Proxy score from public NDIA service-area data. It combines benchmark gaps, utilisation friction, unspent committed funding and provider-activity indicators; it is a triage signal, not proof of unmet need.",supply_response_gap is participant growth minus provider growth; it is not a provider caseload measure.,2025,static 2025 ERP denominator from local processed file; quarterly interpolation unavailable without annual series,funded_plan_context_only
2025Q4,2025 Q4,2025-06-30,ndia_service_area,Mackay,Mackay,QLD,Remote Australia,193813.0,,4799.0,,24.760980945550607,,0.0,80000.0,,383920000.0,262081000.0,54611.58574703063,,1352236.4340885286,0.6826448218378829,121839000.0,25388.414252969367,0.71,27.77839830958376,0.7514285432706143,85151.38506175322,62192.49868267691,27.289145451172534,0.7043007097870638,87268.51944416676,58336.399080275914,3.0174173640331503,0.041428543270614286,5151.385061753215,7580.91293564628,2.528164505621927,-0.005699290212936177,7268.519444166755,3724.8133332452853,,,,,,,0.036581603594481704,0.012658227848101333,,0.3173551781621171,0.35,0.26582278481012656,0.3,0.575,0.1875,0.625,0.7875,0.6375,,0.50625,0.6875,0.6833333333333332,0.48333333333333334,0.346875,0.41104166666666664,0.5045138888888888,0.45777777777777773,55.0,advocacy: funding or access gap,"Proxy score from public NDIA service-area data. It combines benchmark gaps, utilisation friction, unspent committed funding and provider-activity indicators; it is a triage signal, not proof of unmet need.",supply_response_gap is participant growth minus provider growth; it is not a provider caseload measure.,2025,static 2025 ERP denominator from local processed file; quarterly interpolation unavailable without annual series,funded_plan_context_only
2026Q1,2026 Q1,2025-09-30,ndia_service_area,Mackay,Mackay,QLD,Remote Australia,193813.0,,4825.0,,24.89513087357401,,0.005417795374036194,82000.0,,395650000.0,271441000.0,56257.20207253886,,1400530.4081769541,0.6860634399090105,124209000.0,25742.79792746114,0.7,28.253214646769933,0.7386029448813405,85151.81887829916,62709.42778038322,27.59196412007988,0.6915315404389955,88616.37334387976,59932.27209808187,3.3580837731959186,0.038602944881340445,3151.8188782991638,6452.225707844365,2.6968332465058644,-0.008468459561004522,6616.373343879764,3675.070025543013,,,,,,,0.035714149442348075,0.02499999999999991,,0.31393656009098947,0.35,0.25316455696202533,0.3625,0.6375,0.2,0.625,0.75,0.6375,,0.50625,0.675,0.6708333333333334,0.5041666666666667,0.353125,0.4414583333333333,0.509375,0.47541666666666665,49.0,advocacy: funding or access gap,"Proxy score from public NDIA service-area data. It combines benchmark gaps, utilisation friction, unspent committed funding and provider-activity indicators; it is a triage signal, not proof of unmet need.",supply_response_gap is participant growth minus provider growth; it is not a provider caseload measure.,2025,static 2025 ERP denominator from local processed file; quarterly interpolation unavailable without annual series,funded_plan_context_only
2024Q2,2024 Q2,2023-12-31,ndia_service_area,Mallee,Mallee,VIC,Outer Regional Australia,94469.0,3086.0,3086.0,32.66680074945221,32.66680074945221,,,69000.0,29400.0,212934000.0,134430000.0,43561.24432922877,43561.24432922877,1423006.488901121,0.6313223815830257,78504000.0,25438.755670771225,0.69,24.12050932082575,0.774810548394224,79559.82881407744,60116.50993792392,29.44748036263278,0.7485395550523876,79779.69432547608,58182.44347371007,-8.546291428626457,0.08481054839422399,10559.828814077438,16555.265608695147,-3.219320386819426,0.05853955505238759,10779.694325476084,14621.199144481296,152.0,702.0,20.30263157894737,20.30263157894737,49.254698639014904,,,,,0.36867761841697433,0.2625,0.8987341772151899,0.075,0.775,0.875,0.24375,0.89375,0.925,0.8875,0.50625,0.8875,0.6875,0.8458333333333332,0.75625,0.5429166666666666,0.7631944444444444,0.6530555555555555,3.0,under-funded and under-serviced,"Proxy score from public NDIA service-area data. It combines benchmark gaps, utilisation friction, unspent committed funding and provider-activity indicators; it is a triage signal, not proof of unmet need.",supply_response_gap is participant growth minus provider growth; it is not a provider caseload measure.,2025,static 2025 ERP denominator from local processed file; quarterly interpolation unavailable without annual series,derived_from_local_curated_source
2024Q3,2024 Q3,2024-03-31,ndia_service_area,Mallee,Mallee,VIC,Outer Regional Australia,94469.0,3154.0,3154.0,33.38661359811155,33.38661359811155,0.022034996759559222,0.022034996759559222,70000.0,29600.0,220780000.0,142598000.0,45211.79454660748,45211.79454660748,1509468.714604791,0.6458827792372498,78182000.0,24788.20545339252,0.7,24.68676284471637,0.7773084731227313,81027.36890354347,60498.99233345409,29.18486251877246,0.751550423518762,80452.36760997478,58049.56139405565,-8.699850753395186,0.07730847312273127,11027.368903543465,15287.197786846606,-4.201751079339093,0.051550423518762045,10452.367609974783,12837.766847448169,,,,,,,0.06076024696868254,0.01449275362318847,,0.3541172207627502,0.2564102564102564,0.8961038961038961,0.07692307692307693,0.6875,0.8625,0.26875,0.89375,0.925,,0.50625,0.8625,0.6958333333333334,0.8041666666666667,0.684375,0.501875,0.728125,0.615,16.0,under-funded and under-serviced,"Proxy score from public NDIA service-area data. It combines benchmark gaps, utilisation friction, unspent committed funding and provider-activity indicators; it is a triage signal, not proof of unmet need.",supply_response_gap is participant growth minus provider growth; it is not a provider caseload measure.,2025,static 2025 ERP denominator from local processed file; quarterly interpolation unavailable without annual series,derived_from_local_curated_source
2024Q4,2024 Q4,2024-06-30,ndia_service_area,Mallee,Mallee,VIC,Outer Regional Australia,94469.0,3228.0,3228.0,34.169939345182016,34.169939345182016,0.023462270133164154,0.023462270133164154,70000.0,29800.0,225960000.0,148627000.0,46043.06071871128,46043.06071871128,1573288.592024897,0.657758010267304,77333000.0,23956.939281288724,0.71,25.27144981343164,0.7784608418203379,82439.3926044259,61164.480098449734,30.608345586211776,0.7572561652281135,82644.4615700781,59375.719276613236,-8.898489531750378,0.06846084182033792,12439.392604425899,15121.419379738458,-3.56159375897024,0.0472561652281135,12644.4615700781,13332.65855790196,,,,,,,0.04227969536739651,0.0,,0.34224198973269604,0.2625,0.8987341772151899,0.0875,0.575,0.83125,0.25625,0.95,0.9125,,0.50625,0.8125,0.7062499999999999,0.7395833333333334,0.66875,0.4666666666666666,0.704861111111111,0.5857638888888889,20.0,advocacy: funding or access gap,"Proxy score from public NDIA service-area data. It combines benchmark gaps, utilisation friction, unspent committed funding and provider-activity indicators; it is a triage signal, not proof of unmet need.",supply_response_gap is participant growth minus provider growth; it is not a provider caseload measure.,2025,static 2025 ERP denominator from local processed file; quarterly interpolation unavailable without annual series,derived_from_local_curated_source
2025Q1,2025 Q1,2024-09-30,ndia_service_area,Mallee,Mallee,VIC,Outer Regional Australia,94469.0,3335.0,3335.0,35.30258603351364,35.30258603351364,0.03314745972738531,0.03314745972738531,70000.0,29600.0,233450000.0,151216000.0,45342.12893553224,45342.12893553224,1600694.4076892948,0.6477446990790319,82234000.0,24657.871064467767,0.7,26.153554026565185,0.7601002932313932,82459.7494204458,60716.14056683959,31.532697494122548,0.7415501850207962,82697.75282019569,59065.36071574622,-9.149032006948456,0.06010029323139321,12459.749420445805,15374.011631307352,-3.7698885393910935,0.04155018502079613,12697.752820195688,13723.23178021398,,,,,,,0.01741944599568046,0.0,,0.35225530092096813,0.26875,0.9113924050632911,0.075,0.6125,0.83125,0.25625,0.95,0.925,,0.50625,0.825,0.7104166666666666,0.75625,0.66875,0.47625,0.7118055555555555,0.5940277777777777,19.0,advocacy: funding or access gap,"Proxy score from public NDIA service-area data. It combines benchmark gaps, utilisation friction, unspent committed funding and provider-activity indicators; it is a triage signal, not proof of unmet need.",supply_response_gap is participant growth minus provider growth; it is not a provider caseload measure.,2025,static 2025 ERP denominator from local processed file; quarterly interpolation unavailable without annual series,derived_from_local_curated_source
2025Q2,2025 Q2,2024-12-31,ndia_service_area,Mallee,Mallee,VIC,Outer Regional Australia,94469.0,3483.0,3483.0,36.86923752765457,36.86923752765457,0.044377811094452824,0.044377811094452824,69000.0,28800.0,240327000.0,157021000.0,45082.11312087281,45082.11312087281,1662143.1369020524,0.653363958273519,83306000.0,23917.88687912719,0.69,26.957763247112997,0.7465297732931997,82492.94748629373,60067.7940397898,32.322438100030666,0.723891505303104,82921.77678310791,58404.145178554056,-9.911474280541576,0.056529773293199664,13492.947486293735,14985.680918916987,-4.546799427623903,0.03389150530310402,13921.77678310791,13322.032057681245,,,,,,,0.03838879483652513,-0.014285714285714235,,0.346636041726481,0.275,0.9240506329113924,0.0875,0.4875,0.8,0.25625,0.95,0.9375,,0.50625,0.8,0.7145833333333332,0.6958333333333334,0.653125,0.4397916666666667,0.6878472222222222,0.5638194444444444,23.0,advocacy: funding or access gap,"Proxy score from public NDIA service-area data. It combines benchmark gaps, utilisation friction, unspent committed funding and provider-activity indicators; it is a triage signal, not proof of unmet need.",supply_response_gap is participant growth minus provider growth; it is not a provider caseload measure.,2025,static 2025 ERP denominator from local processed file; quarterly interpolation unavailable without annual series,derived_from_local_curated_source
2025Q3,2025 Q3,2025-03-31,ndia_service_area,Mallee,Mallee,VIC,Outer Regional Australia,94469.0,,3529.0,,37.35616974880649,,0.013207005455067478,71000.0,,250559000.0,160264000.0,45413.43156701615,,1696471.8584932622,0.6396257967185374,90295000.0,25586.568432983848,0.71,27.40732028960876,0.7506086859240299,84432.45028614352,60802.47507148593,32.730046154692914,0.7269261814617647,84888.12868756366,59134.059154767165,-9.948849459197724,0.04060868592402983,13432.450286143518,15389.04350446978,-4.626123594113572,0.016926181461764712,13888.128687563658,13720.627587751012,,,,,,,0.02065328841365166,0.02898550724637672,,0.36037420328146264,0.2625,0.9240506329113924,0.1,0.5,0.6125,0.25625,0.95,0.9125,,0.50625,0.8,0.7062499999999999,0.6375000000000001,0.559375,0.41187500000000005,0.634375,0.5231250000000001,31.0,advocacy: funding or access gap,"Proxy score from public NDIA service-area data. It combines benchmark gaps, utilisation friction, unspent committed funding and provider-activity indicators; it is a triage signal, not proof of unmet need.",supply_response_gap is participant growth minus provider growth; it is not a provider caseload measure.,2025,static 2025 ERP denominator from local processed file; quarterly interpolation unavailable without annual series,funded_plan_context_only
2025Q4,2025 Q4,2025-06-30,ndia_service_area,Mallee,Mallee,VIC,Outer Regional Australia,94469.0,,3540.0,,37.4726100625602,,0.0031170303202039396,72000.0,,254880000.0,166314000.0,46981.35593220339,,1760514.0310578074,0.6525188323917137,88566000.0,25018.64406779661,0.71,27.77839830958376,0.7514285432706143,85151.38506175322,62192.49868267691,33.11060614399949,0.7308756031764125,85664.50093088642,60376.25859645123,-9.694211752976445,0.041428543270614286,13151.385061753215,15211.142750473518,-4.36200391856071,0.02087560317641248,13664.500930886425,13394.902664247842,,,,,,,0.03775021214995267,0.014084507042253502,,0.3474811676082863,0.2625,0.9113924050632911,0.1125,0.5375,0.6,0.26875,0.95,0.8875,,0.50625,0.7875,0.7020833333333334,0.6416666666666666,0.553125,0.4214583333333334,0.6322916666666667,0.526875,32.0,advocacy: funding or access gap,"Proxy score from public NDIA service-area data. It combines benchmark gaps, utilisation friction, unspent committed funding and provider-activity indicators; it is a triage signal, not proof of unmet need.",supply_response_gap is participant growth minus provider growth; it is not a provider caseload measure.,2025,static 2025 ERP denominator from local processed file; quarterly interpolation unavailable without annual series,funded_plan_context_only
2026Q1,2026 Q1,2025-09-30,ndia_service_area,Mallee,Mallee,VIC,Outer Regional Australia,94469.0,,3604.0,,38.15008097894548,,0.01807909604519775,72000.0,,259488000.0,172525000.0,47870.4217536071,,1826260.466396384,0.6648669688000987,86963000.0,24129.578246392895,0.7,28.253214646769933,0.7386029448813405,85151.81887829916,62709.42778038322,33.634269269780866,0.7179683189796243,85747.48693204664,60763.24328367979,-9.89686633217554,0.038602944881340445,13151.818878299164,14839.006026776122,-4.515811709164609,0.017968318979624344,13747.486932046639,12892.821530072688,,,,,,,0.0373450220666931,0.0,,0.33513303119990134,0.2625,0.9113924050632911,0.1375,0.5,0.5625,0.26875,0.95,0.875,,0.50625,0.7625,0.6979166666666666,0.6083333333333333,0.534375,0.4085416666666667,0.6135416666666667,0.5110416666666666,35.0,advocacy: funding or access gap,"Proxy score from public NDIA service-area data. It combines benchmark gaps, utilisation friction, unspent committed funding and provider-activity indicators; it is a triage signal, not proof of unmet need.",supply_response_gap is participant growth minus provider growth; it is not a provider caseload measure.,2025,static 2025 ERP denominator from local processed file; quarterly interpolation unavailable without annual series,funded_plan_context_only
2024Q2,2024 Q2,2023-12-31,ndia_service_area,Maroochydore,Maroochydore,QLD,Inner Regional Australia,499995.0,12448.0,12448.0,24.896248962489626,24.896248962489626,,,84000.0,36800.0,1045632000.0,798085000.0,64113.51221079692,64113.512210796915,1596185.9618596185,0.7632560977475823,247547000.0,19886.487789203085,0.78,24.12050932082575,0.774810548394224,79559.82881407744,60116.50993792392,26.8899974718611,0.7630061336695022,76355.8163924701,56667.37290379991,-0.7757396416638755,-0.005189451605776014,-4440.171185922562,-3997.0022728730037,1.9937485093714749,-0.016993866330497837,-7644.183607529907,-7446.1393069970145,626.0,2405.0,19.884984025559106,19.884984025559106,50.289203084832906,,,,,0.2367439022524177,0.8125,0.46835443037974683,0.7375,0.4,0.1875,0.6375,0.25625,0.225,0.8375,0.50625,0.325,0.3729166666666666,0.3041666666666667,0.5104166666666666,0.5529166666666667,0.3958333333333333,0.474375,48.0,monitor,"Proxy score from public NDIA service-area data. It combines benchmark gaps, utilisation friction, unspent committed funding and provider-activity indicators; it is a triage signal, not proof of unmet need.",supply_response_gap is participant growth minus provider growth; it is not a provider caseload measure.,2025,static 2025 ERP denominator from local processed file; quarterly interpolation unavailable without annual series,derived_from_local_curated_source
2024Q3,2024 Q3,2024-03-31,ndia_service_area,Maroochydore,Maroochydore,QLD,Inner Regional Australia,499995.0,12824.0,12824.0,25.648256482564825,25.648256482564825,0.03020565552699228,0.03020565552699228,87000.0,37500.0,1115688000.0,822980000.0,64174.984404242045,64174.984404242045,1645976.4597645977,0.7376434988993339,292708000.0,22825.015595757955,0.78,24.68676284471637,0.7773084731227313,81027.36890354347,60498.99233345409,27.71623599286424,0.7648604023741618,77994.1725121406,56947.80441429636,-0.9614936378484592,-0.002691526877268728,-5972.631096456535,-3675.9920707879573,2.0679795102994127,-0.015139597625838237,-9005.827487859395,-7227.179989945682,,,,,,,0.03119341924732333,0.03571428571428581,,0.2623565011006661,0.8076923076923077,0.4675324675324675,0.7307692307692307,0.5625,0.20625,0.675,0.2625,0.23125,,0.50625,0.425,0.38958333333333334,0.3979166666666667,0.35624999999999996,0.5710256410256409,0.38125000000000003,0.4761378205128205,47.0,monitor,"Proxy score from public NDIA service-area data. It combines benchmark gaps, utilisation friction, unspent committed funding and provider-activity indicators; it is a triage signal, not proof of unmet need.",supply_response_gap is participant growth minus provider growth; it is not a provider caseload measure.,2025,static 2025 ERP denominator from local processed file; quarterly interpolation unavailable without annual series,derived_from_local_curated_source
2024Q4,2024 Q4,2024-06-30,ndia_service_area,Maroochydore,Maroochydore,QLD,Inner Regional Australia,499995.0,13053.0,13053.0,26.106261062610628,26.106261062610628,0.017857142857142794,0.017857142857142794,88000.0,38000.0,1148664000.0,846360000.0,64840.26660537807,64840.26660537807,1692736.9273692737,0.7368212114247509,302304000.0,23159.733394621926,0.78,25.27144981343164,0.7784608418203379,82439.3926044259,61164.480098449734,28.31985586047522,0.7685814728943384,79139.48388848934,57480.02092208034,-0.8348112491789905,-0.0015391581796620809,-5560.607395574101,-3675.786506928336,2.213594797864591,-0.011418527105661552,-8860.51611151066,-7360.245683297733,,,,,,,0.028408952829959366,0.011494252873563315,,0.2631787885752491,0.8125,0.4810126582278481,0.7125,0.525,0.2125,0.6375,0.25625,0.225,,0.50625,0.4,0.3729166666666666,0.3791666666666667,0.359375,0.5577083333333334,0.37048611111111107,0.4640972222222222,53.0,monitor,"Proxy score from public NDIA service-area data. It combines benchmark gaps, utilisation friction, unspent committed funding and provider-activity indicators; it is a triage signal, not proof of unmet need.",supply_response_gap is participant growth minus provider growth; it is not a provider caseload measure.,2025,static 2025 ERP denominator from local processed file; quarterly interpolation unavailable without annual series,derived_from_local_curated_source
2025Q1,2025 Q1,2024-09-30,ndia_service_area,Maroochydore,Maroochydore,QLD,Inner Regional Australia,499995.0,13478.0,13478.0,26.956269562695628,26.956269562695628,0.032559564850992206,0.032559564850992206,88000.0,38000.0,1186064000.0,868993000.0,64474.92209526636,64474.92209526636,1738003.3800338004,0.7326695692643904,317071000.0,23525.07790473364,0.75,26.153554026565185,0.7601002932313932,82459.7494204458,60716.14056683959,29.378540729741957,0.749585874550338,79082.76206451863,56908.5598208139,-0.8027155361304423,0.01010029323139321,-5540.250579554195,-3758.781528426771,2.422271167046325,-0.00041412544966206604,-8917.237935481375,-7566.362274452462,,,,,,,0.026741575688832286,0.0,,0.2673304307356096,0.8125,0.4810126582278481,0.7,0.5375,0.21875,0.6375,0.25,0.225,,0.50625,0.375,0.37083333333333335,0.3770833333333334,0.3625,0.5579166666666666,0.37013888888888896,0.4640277777777778,50.0,monitor,"Proxy score from public NDIA service-area data. It combines benchmark gaps, utilisation friction, unspent committed funding and provider-activity indicators; it is a triage signal, not proof of unmet need.",supply_response_gap is participant growth minus provider growth; it is not a provider caseload measure.,2025,static 2025 ERP denominator from local processed file; quarterly interpolation unavailable without annual series,derived_from_local_curated_source
2025Q2,2025 Q2,2024-12-31,ndia_service_area,Maroochydore,Maroochydore,QLD,Inner Regional Australia,499995.0,13919.0,13919.0,27.838278382783827,27.838278382783827,0.0327199881288025,0.0327199881288025,88000.0,37800.0,1224872000.0,888550000.0,63837.20094834399,63837.20094834399,1777117.771177712,0.7254227380493635,336322000.0,24162.79905165601,0.74,26.957763247112997,0.7465297732931997,82492.94748629373,60067.7940397898,30.345785307596167,0.7338446519006651,79096.43428753808,56188.57394969421,-0.8805151356708336,0.006529773293199668,-5507.052513706265,-3769.4069085541923,2.50750692481234,-0.00615534809933493,-8903.565712461917,-7648.626998649779,,,,,,,0.02250535965191891,0.0,,0.2745772619506365,0.8125,0.4810126582278481,0.7125,0.525,0.19375,0.625,0.24375,0.21875,,0.50625,0.35,0.3625,0.35625,0.35,0.5512499999999999,0.35625,0.45375,56.0,monitor,"Proxy score from public NDIA service-area data. It combines benchmark gaps, utilisation friction, unspent committed funding and provider-activity indicators; it is a triage signal, not proof of unmet need.",supply_response_gap is participant growth minus provider growth; it is not a provider caseload measure.,2025,static 2025 ERP denominator from local processed file; quarterly interpolation unavailable without annual series,derived_from_local_curated_source
2025Q3,2025 Q3,2025-03-31,ndia_service_area,Maroochydore,Maroochydore,QLD,Inner Regional Australia,499995.0,,14220.0,,28.44028440284403,,0.021625116746892825,90000.0,,1279800000.0,911428000.0,64094.79606188467,,1822874.2287422875,0.7121644006876074,368372000.0,25905.20393811533,0.74,27.40732028960876,0.7506086859240299,84432.45028614352,60802.47507148593,30.943280669707555,0.735953040708486,80949.4227901239,56650.43820079907,-1.0329641132352665,0.010608685924029828,-5567.549713856482,-3292.320990398737,2.5029962668635264,-0.004046959291514014,-9050.577209876094,-7444.357861085598,,,,,,,0.02574756625963648,0.022727272727272707,,0.28783559931239255,0.825,0.4810126582278481,0.6875,0.5625,0.2125,0.625,0.25625,0.225,,0.50625,0.3875,0.36874999999999997,0.3875,0.359375,0.564375,0.371875,0.468125,51.0,monitor,"Proxy score from public NDIA service-area data. It combines benchmark gaps, utilisation friction, unspent committed funding and provider-activity indicators; it is a triage signal, not proof of unmet need.",supply_response_gap is participant growth minus provider growth; it is not a provider caseload measure.,2025,static 2025 ERP denominator from local processed file; quarterly interpolation unavailable without annual series,funded_plan_context_only
2025Q4,2025 Q4,2025-06-30,ndia_service_area,Maroochydore,Maroochydore,QLD,Inner Regional Australia,499995.0,,14392.0,,28.784287842878427,,0.012095639943741299,91000.0,,1309672000.0,943573000.0,65562.32629238466,,1887164.8716487165,0.7204651240921391,366099000.0,25437.67370761534,0.74,27.77839830958376,0.7514285432706143,85151.38506175322,62192.49868267691,31.40646420190928,0.7357142727569568,81348.30207161774,57871.566955701484,-1.0058895332946705,0.011428543270614284,-5848.614938246785,-3369.827609707754,2.622176359030849,-0.004285727243043169,-9651.697928382258,-7690.759336683179,,,,,,,0.03526883088954924,0.011111111111111072,,0.27953487590786086,0.825,0.46835443037974683,0.7125,0.6,0.1875,0.6375,0.25,0.21875,,0.50625,0.4125,0.36874999999999997,0.39999999999999997,0.346875,0.576875,0.37187499999999996,0.474375,48.0,monitor,"Proxy score from public NDIA service-area data. It combines benchmark gaps, utilisation friction, unspent committed funding and provider-activity indicators; it is a triage signal, not proof of unmet need.",supply_response_gap is participant growth minus provider growth; it is not a provider caseload measure.,2025,static 2025 ERP denominator from local processed file; quarterly interpolation unavailable without annual series,funded_plan_context_only
2026Q1,2026 Q1,2025-09-30,ndia_service_area,Maroochydore,Maroochydore,QLD,Inner Regional Australia,499995.0,,14666.0,,29.33229332293323,,0.019038354641467414,91000.0,,1334606000.0,973303000.0,66364.58475385245,,1946625.4662546625,0.7292811511412357,361303000.0,24635.415246147553,0.73,28.253214646769933,0.7386029448813405,85151.81887829916,62709.42778038322,32.03344264863498,0.7233427743146025,81102.38055009648,58210.68357447111,-1.0790786761632951,0.008602944881340448,-5848.181121700836,-3655.156973469231,2.7011493257017527,-0.006657225685397492,-9897.61944990352,-8153.901179381341,,,,,,,0.03150789605043802,0.0,,0.2707188488587643,0.825,0.46835443037974683,0.7125,0.575,0.2,0.6375,0.24375,0.21875,,0.50625,0.425,0.3666666666666667,0.39999999999999997,0.353125,0.5731249999999999,0.37326388888888884,0.47319444444444436,50.0,monitor,"Proxy score from public NDIA service-area data. It combines benchmark gaps, utilisation friction, unspent committed funding and provider-activity indicators; it is a triage signal, not proof of unmet need.",supply_response_gap is participant growth minus provider growth; it is not a provider caseload measure.,2025,static 2025 ERP denominator from local processed file; quarterly interpolation unavailable without annual series,funded_plan_context_only
2024Q2,2024 Q2,2023-12-31,ndia_service_area,Maryborough,Maryborough,QLD,Outer Regional Australia,169886.0,5564.0,5564.0,32.7513744511025,32.7513744511025,,,81000.0,35100.0,450684000.0,329758000.0,59266.35514018692,59266.35514018692,1941054.5895482854,0.7316833967924311,120926000.0,21733.644859813085,0.77,24.12050932082575,0.774810548394224,79559.82881407744,60116.50993792392,29.44748036263278,0.7485395550523876,79779.69432547608,58182.44347371007,-8.63086513027675,0.0048105483942239855,-1440.1711859225616,850.1547977369992,-3.3038940884697183,-0.021460444947612414,-1220.3056745239155,-1083.9116664768517,368.0,1624.0,15.119565217391305,15.119565217391305,66.13946800862688,,,,,0.2683166032075689,0.45,0.9113924050632911,0.5625,0.55,0.1875,0.24375,0.25625,0.225,0.5875,0.50625,0.5,0.24166666666666667,0.41250000000000003,0.4270833333333333,0.4804166666666667,0.36041666666666666,0.42041666666666666,65.0,monitor,"Proxy score from public NDIA service-area data. It combines benchmark gaps, utilisation friction, unspent committed funding and provider-activity indicators; it is a triage signal, not proof of unmet need.",supply_response_gap is participant growth minus provider growth; it is not a provider caseload measure.,2025,static 2025 ERP denominator from local processed file; quarterly interpolation unavailable without annual series,derived_from_local_curated_source
2024Q3,2024 Q3,2024-03-31,ndia_service_area,Maryborough,Maryborough,QLD,Outer Regional Australia,169886.0,5706.0,5706.0,33.587229083032156,33.58722908303216,0.025521207764198417,0.025521207764198417,83000.0,35900.0,473598000.0,343347000.0,60172.97581493165,60172.97581493165,2021043.5233038627,0.7249756122280921,130251000.0,22827.02418506835,0.77,24.68676284471637,0.7773084731227313,81027.36890354347,60498.99233345409,29.18486251877246,0.751550423518762,80452.36760997478,58049.56139405565,-8.90046623831579,0.0073084731227312716,-1972.6310964565346,326.0165185224396,-4.402366564259697,-0.018449576481237958,-2547.6323900252173,-2123.414420875997,,,,,,,0.041209007817854415,0.024691358024691468,,0.27502438777190785,0.4358974358974359,0.9090909090909091,0.6025641025641025,0.575,0.20625,0.26875,0.2625,0.23125,,0.50625,0.55,0.25416666666666665,0.44375000000000003,0.35624999999999996,0.48269230769230764,0.3513888888888889,0.41704059829059825,59.0,monitor,"Proxy score from public NDIA service-area data. It combines benchmark gaps, utilisation friction, unspent committed funding and provider-activity indicators; it is a triage signal, not proof of unmet need.",supply_response_gap is participant growth minus provider growth; it is not a provider caseload measure.,2025,static 2025 ERP denominator from local processed file; quarterly interpolation unavailable without annual series,derived_from_local_curated_source
2024Q4,2024 Q4,2024-06-30,ndia_service_area,Maryborough,Maryborough,QLD,Outer Regional Australia,169886.0,5818.0,5818.0,34.2464947082161,34.2464947082161,0.01962846126883977,0.01962846126883977,84000.0,36700.0,488712000.0,353497000.0,60759.1955998625,60759.1955998625,2080789.4705861576,0.7233237571412202,135215000.0,23240.804400137506,0.78,25.27144981343164,0.7784608418203379,82439.3926044259,61164.480098449734,30.608345586211776,0.7572561652281135,82644.4615700781,59375.719276613236,-8.97504489478446,-0.0015391581796620809,-1560.6073955741012,405.28449858723616,-3.6381491220043216,-0.022743834771886497,-1355.5384299219004,-1383.4763232492624,,,,,,,0.0295619300590948,0.012048192771084265,,0.2766762428587798,0.45,0.9113924050632911,0.5875,0.5375,0.2125,0.25625,0.25625,0.225,,0.50625,0.525,0.24583333333333332,0.425,0.359375,0.471875,0.3434027777777778,0.4076388888888889,64.0,monitor,"Proxy score from public NDIA service-area data. It combines benchmark gaps, utilisation friction, unspent committed funding and provider-activity indicators; it is a triage signal, not proof of unmet need.",supply_response_gap is participant growth minus provider growth; it is not a provider caseload measure.,2025,static 2025 ERP denominator from local processed file; quarterly interpolation unavailable without annual series,derived_from_local_curated_source
2025Q1,2025 Q1,2024-09-30,ndia_service_area,Maryborough,Maryborough,QLD,Outer Regional Australia,169886.0,5951.0,5951.0,35.02937263812204,35.02937263812204,0.022860089377793047,0.022860089377793047,84000.0,37200.0,499884000.0,361507000.0,60747.26936649303,60747.26936649303,2127938.7353872596,0.723181778172536,138377000.0,23252.730633506973,0.75,26.153554026565185,0.7601002932313932,82459.7494204458,60716.14056683959,31.532697494122548,0.7415501850207962,82697.75282019569,59065.36071574622,-8.875818611556856,0.01010029323139321,-1540.2505795541947,-31.128799653437454,-3.496675143999493,-0.008449814979203864,-1302.2471798043116,-1681.9086507468091,,,,,,,0.022659315354868648,0.0,,0.27681822182746396,0.4375,0.8987341772151899,0.6,0.5125,0.21875,0.25625,0.25,0.225,,0.50625,0.4875,0.24375,0.40625,0.3625,0.46375,0.33749999999999997,0.400625,66.0,monitor,"Proxy score from public NDIA service-area data. It combines benchmark gaps, utilisation friction, unspent committed funding and provider-activity indicators; it is a triage signal, not proof of unmet need.",supply_response_gap is participant growth minus provider growth; it is not a provider caseload measure.,2025,static 2025 ERP denominator from local processed file; quarterly interpolation unavailable without annual series,derived_from_local_curated_source
2025Q2,2025 Q2,2024-12-31,ndia_service_area,Maryborough,Maryborough,QLD,Outer Regional Australia,169886.0,6050.0,6050.0,35.61211636038285,35.61211636038285,0.01663585951940849,0.01663585951940849,85000.0,37500.0,514250000.0,368464000.0,60903.14049586777,60903.14049586777,2168889.726051587,0.7165075352455031,145786000.0,24096.85950413223,0.73,26.957763247112997,0.7465297732931997,82492.94748629373,60067.7940397898,32.322438100030666,0.723891505303104,82921.77678310791,58404.145178554056,-8.654353113269856,0.016529773293199667,-2507.052513706265,-835.3464560779685,-3.289678260352183,-0.006108494696895974,-2078.223216892089,-2498.995317313711,,,,,,,0.019244440633238158,0.011904761904761862,,0.28349246475449685,0.4375,0.8860759493670886,0.65,0.5125,0.19375,0.25625,0.24375,0.21875,,0.50625,0.4875,0.23958333333333334,0.39791666666666664,0.35,0.4695833333333333,0.32916666666666666,0.399375,66.0,monitor,"Proxy score from public NDIA service-area data. It combines benchmark gaps, utilisation friction, unspent committed funding and provider-activity indicators; it is a triage signal, not proof of unmet need.",supply_response_gap is participant growth minus provider growth; it is not a provider caseload measure.,2025,static 2025 ERP denominator from local processed file; quarterly interpolation unavailable without annual series,derived_from_local_curated_source
2025Q3,2025 Q3,2025-03-31,ndia_service_area,Maryborough,Maryborough,QLD,Outer Regional Australia,169886.0,,6127.0,,36.06536147769681,,0.012727272727272698,87000.0,,533049000.0,378333000.0,61748.49028888526,,2226981.622970698,0.70975276194121,154716000.0,25251.509711114737,0.74,27.40732028960876,0.7506086859240299,84432.45028614352,60802.47507148593,32.730046154692914,0.7269261814617647,84888.12868756366,59134.059154767165,-8.658041188088049,0.010608685924029828,-2567.5497138564824,-946.0152173993265,-3.335315323003897,-0.013073818538235289,-2111.871312436342,-2614.4311341180946,,,,,,,0.026784163446089693,0.0235294117647058,,0.29024723805879005,0.4375,0.8734177215189873,0.6375,0.475,0.2125,0.25625,0.25625,0.225,,0.50625,0.4125,0.24583333333333332,0.3666666666666667,0.359375,0.4552083333333333,0.32395833333333335,0.38958333333333334,71.0,monitor,"Proxy score from public NDIA service-area data. It combines benchmark gaps, utilisation friction, unspent committed funding and provider-activity indicators; it is a triage signal, not proof of unmet need.",supply_response_gap is participant growth minus provider growth; it is not a provider caseload measure.,2025,static 2025 ERP denominator from local processed file; quarterly interpolation unavailable without annual series,funded_plan_context_only
2025Q4,2025 Q4,2025-06-30,ndia_service_area,Maryborough,Maryborough,QLD,Outer Regional Australia,169886.0,,6126.0,,36.05947517747195,,-0.00016321201240410144,88000.0,,539088000.0,387569000.0,63266.24224616389,,2281347.491847474,0.7189345709791352,151519000.0,24733.757753836107,0.75,27.77839830958376,0.7514285432706143,85151.38506175322,62192.49868267691,33.11060614399949,0.7308756031764125,85664.50093088642,60376.25859645123,-8.281076867888196,0.001428543270614284,-2848.6149382467847,-1073.7435634869835,-2.9488690334724623,-0.01912439682358752,-2335.4990691135754,-2889.98364971266,,,,,,,0.024412356310446137,0.011494252873563315,,0.28106542902086484,0.425,0.8354430379746836,0.6375,0.5,0.1875,0.26875,0.25,0.21875,,0.50625,0.4375,0.24583333333333335,0.375,0.346875,0.456875,0.32256944444444446,0.3897222222222222,68.0,monitor,"Proxy score from public NDIA service-area data. It combines benchmark gaps, utilisation friction, unspent committed funding and provider-activity indicators; it is a triage signal, not proof of unmet need.",supply_response_gap is participant growth minus provider growth; it is not a provider caseload measure.,2025,static 2025 ERP denominator from local processed file; quarterly interpolation unavailable without annual series,funded_plan_context_only
2026Q1,2026 Q1,2025-09-30,ndia_service_area,Maryborough,Maryborough,QLD,Outer Regional Australia,169886.0,,6149.0,,36.19486008264366,,0.0037544890630101246,88000.0,,541112000.0,395340000.0,64293.38103756709,,2327089.9308948354,0.730606602699626,145772000.0,23706.618962432916,0.73,28.253214646769933,0.7386029448813405,85151.81887829916,62709.42778038322,33.634269269780866,0.7179683189796243,85747.48693204664,60763.24328367979,-7.941645435873724,0.008602944881340448,-2848.1811217008362,-1583.9532571838645,-2.560590812862792,-0.012031681020375655,-2252.5130679533613,-3530.1377538872985,,,,,,,0.020050623243861088,0.0,,0.26939339730037404,0.425,0.810126582278481,0.65,0.475,0.2,0.26875,0.24375,0.21875,,0.50625,0.375,0.24375,0.35000000000000003,0.353125,0.45062500000000005,0.315625,0.38312500000000005,69.0,monitor,"Proxy score from public NDIA service-area data. It combines benchmark gaps, utilisation friction, unspent committed funding and provider-activity indicators; it is a triage signal, not proof of unmet need.",supply_response_gap is participant growth minus provider growth; it is not a provider caseload measure.,2025,static 2025 ERP denominator from local processed file; quarterly interpolation unavailable without annual series,funded_plan_context_only
2024Q2,2024 Q2,2023-12-31,ndia_service_area,Mid North Coast,Mid North Coast,NSW,Outer Regional Australia,241076.0,8202.0,8202.0,34.022465944349506,34.022465944349506,,,75000.0,26400.0,615150000.0,457908000.0,55828.82223847842,55828.82223847842,1899434.203321774,0.7443842965130456,157242000.0,19171.17776152158,0.76,24.12050932082575,0.774810548394224,79559.82881407744,60116.50993792392,29.44748036263278,0.7485395550523876,79779.69432547608,58182.44347371007,-9.901956623523755,0.014810548394223987,4559.828814077438,4287.6876994455015,-4.574985581716724,-0.011460444947612416,4779.6943254760845,2353.6212352316506,387.0,1763.0,21.1937984496124,21.1937984496124,47.183613752743234,,,,,0.2556157034869544,0.6,0.9367088607594937,0.45,0.3375,0.1875,0.24375,0.7125,0.5375,0.9375,0.50625,0.4375,0.4979166666666666,0.32083333333333336,0.5437500000000001,0.45041666666666663,0.45416666666666666,0.45229166666666665,58.0,monitor,"Proxy score from public NDIA service-area data. It combines benchmark gaps, utilisation friction, unspent committed funding and provider-activity indicators; it is a triage signal, not proof of unmet need.",supply_response_gap is participant growth minus provider growth; it is not a provider caseload measure.,2025,static 2025 ERP denominator from local processed file; quarterly interpolation unavailable without annual series,derived_from_local_curated_source
2024Q3,2024 Q3,2024-03-31,ndia_service_area,Mid North Coast,Mid North Coast,NSW,Outer Regional Australia,241076.0,8428.0,8428.0,34.95992964874148,34.95992964874148,0.027554255059741628,0.027554255059741628,76000.0,26800.0,640528000.0,474920000.0,56350.26103464641,56350.26103464641,1970001.161459457,0.7414508030874528,165608000.0,19649.738965353583,0.77,24.68676284471637,0.7773084731227313,81027.36890354347,60498.99233345409,29.18486251877246,0.751550423518762,80452.36760997478,58049.56139405565,-10.273166804025111,0.0073084731227312716,5027.368903543465,4148.731298807674,-5.77506712996902,-0.018449576481237958,4452.367609974783,1699.300359409237,,,,,,,0.03715156756379012,0.01333333333333342,,0.2585491969125472,0.5897435897435898,0.935064935064935,0.46153846153846156,0.275,0.20625,0.26875,0.725,0.525,,0.50625,0.3875,0.50625,0.28958333333333336,0.35624999999999996,0.3944230769230769,0.3840277777777778,0.3892254273504273,65.0,monitor,"Proxy score from public NDIA service-area data. It combines benchmark gaps, utilisation friction, unspent committed funding and provider-activity indicators; it is a triage signal, not proof of unmet need.",supply_response_gap is participant growth minus provider growth; it is not a provider caseload measure.,2025,static 2025 ERP denominator from local processed file; quarterly interpolation unavailable without annual series,derived_from_local_curated_source
2024Q4,2024 Q4,2024-06-30,ndia_service_area,Mid North Coast,Mid North Coast,NSW,Outer Regional Australia,241076.0,8565.0,8565.0,35.5282151686605,35.5282151686605,0.01625533934504042,0.01625533934504042,77000.0,27500.0,659505000.0,489704000.0,57175.01459427904,57175.01459427904,2031326.2207768506,0.742532657068559,169801000.0,19824.985405720956,0.78,25.27144981343164,0.7784608418203379,82439.3926044259,61164.480098449734,30.608345586211776,0.7572561652281135,82644.4615700781,59375.719276613236,-10.256765355228865,-0.0015391581796620809,5439.392604425899,3989.4655041706937,-4.919869582448726,-0.022743834771886497,5644.4615700781,2200.7046823341952,,,,,,,0.031129453381622207,0.013157894736842035,,0.257467342931441,0.6,0.9367088607594937,0.45,0.2,0.2125,0.25625,0.725,0.5125,,0.50625,0.325,0.4979166666666666,0.24583333333333335,0.359375,0.37104166666666666,0.3677083333333333,0.369375,71.0,monitor,"Proxy score from public NDIA service-area data. It combines benchmark gaps, utilisation friction, unspent committed funding and provider-activity indicators; it is a triage signal, not proof of unmet need.",supply_response_gap is participant growth minus provider growth; it is not a provider caseload measure.,2025,static 2025 ERP denominator from local processed file; quarterly interpolation unavailable without annual series,derived_from_local_curated_source
2025Q1,2025 Q1,2024-09-30,ndia_service_area,Mid North Coast,Mid North Coast,NSW,Outer Regional Australia,241076.0,8892.0,8892.0,36.88463389138695,36.88463389138695,0.03817863397548171,0.03817863397548171,77000.0,27200.0,684684000.0,508458000.0,57181.51147098516,57181.511470985155,2109119.1159634306,0.7426170320907163,176226000.0,19818.488529014845,0.76,26.153554026565185,0.7601002932313932,82459.7494204458,60716.14056683959,31.532697494122548,0.7415501850207962,82697.75282019569,59065.36071574622,-10.731079864821762,0.000100293231393209,5459.749420445805,3534.629095854427,-5.351936397264399,-0.018449814979203866,5697.752820195688,1883.8492447610552,,,,,,,0.038296603662620665,0.0,,0.2573829679092837,0.6,0.9367088607594937,0.4625,0.1625,0.21875,0.25625,0.75,0.5375,,0.50625,0.275,0.5145833333333334,0.21875,0.3625,0.36125,0.3652777777777778,0.36326388888888894,75.0,monitor,"Proxy score from public NDIA service-area data. It combines benchmark gaps, utilisation friction, unspent committed funding and provider-activity indicators; it is a triage signal, not proof of unmet need.",supply_response_gap is participant growth minus provider growth; it is not a provider caseload measure.,2025,static 2025 ERP denominator from local processed file; quarterly interpolation unavailable without annual series,derived_from_local_curated_source
2025Q2,2025 Q2,2024-12-31,ndia_service_area,Mid North Coast,Mid North Coast,NSW,Outer Regional Australia,241076.0,9092.0,9092.0,37.71424778907896,37.71424778907896,0.02249212775528564,0.02249212775528564,78000.0,27700.0,709176000.0,515806000.0,56731.85217773867,56731.85217773867,2139599.130564635,0.7273314381761368,193370000.0,21268.14782226133,0.74,26.957763247112997,0.7465297732931997,82492.94748629373,60067.7940397898,32.322438100030666,0.723891505303104,82921.77678310791,58404.145178554056,-10.756484541965968,0.006529773293199668,4492.947486293735,3335.941862051128,-5.391809689048294,-0.016108494696895972,4921.776783107911,1672.2930008153853,,,,,,,0.014451537786798418,0.01298701298701288,,0.27266856182386323,0.5875,0.9367088607594937,0.4625,0.2375,0.19375,0.25625,0.70625,0.5125,,0.50625,0.325,0.4916666666666667,0.2520833333333334,0.35,0.37791666666666673,0.3645833333333333,0.37125,74.0,monitor,"Proxy score from public NDIA service-area data. It combines benchmark gaps, utilisation friction, unspent committed funding and provider-activity indicators; it is a triage signal, not proof of unmet need.",supply_response_gap is participant growth minus provider growth; it is not a provider caseload measure.,2025,static 2025 ERP denominator from local processed file; quarterly interpolation unavailable without annual series,derived_from_local_curated_source
2025Q3,2025 Q3,2025-03-31,ndia_service_area,Mid North Coast,Mid North Coast,NSW,Outer Regional Australia,241076.0,,9206.0,,38.187127710763406,,0.012538495380554293,80000.0,,736480000.0,524595000.0,56984.032152943735,,2176056.513298711,0.7123004019117967,211885000.0,23015.96784705627,0.74,27.40732028960876,0.7506086859240299,84432.45028614352,60802.47507148593,32.730046154692914,0.7269261814617647,84888.12868756366,59134.059154767165,-10.779807421154644,0.010608685924029828,4432.450286143518,3818.4429185421977,-5.457081556070492,-0.013073818538235289,4888.128687563658,2150.0270018234296,,,,,,,0.017039352004435848,0.02564102564102555,,0.28769959808820333,0.5875,0.9367088607594937,0.475,0.3125,0.2125,0.25625,0.7125,0.55,,0.50625,0.375,0.50625,0.3,0.359375,0.406875,0.3885416666666666,0.39770833333333333,68.0,monitor,"Proxy score from public NDIA service-area data. It combines benchmark gaps, utilisation friction, unspent committed funding and provider-activity indicators; it is a triage signal, not proof of unmet need.",supply_response_gap is participant growth minus provider growth; it is not a provider caseload measure.,2025,static 2025 ERP denominator from local processed file; quarterly interpolation unavailable without annual series,funded_plan_context_only
2025Q4,2025 Q4,2025-06-30,ndia_service_area,Mid North Coast,Mid North Coast,NSW,Outer Regional Australia,241076.0,,9290.0,,38.53556554779406,,0.009124484032152935,80000.0,,743200000.0,546202000.0,58794.617868676,,2265683.8507358674,0.73493272335845,196998000.0,21205.382131324004,0.74,27.77839830958376,0.7514285432706143,85151.38506175322,62192.49868267691,33.11060614399949,0.7308756031764125,85664.50093088642,60376.25859645123,-10.7571672382103,0.011428543270614284,5151.385061753215,3397.880814000906,-5.424959403794567,-0.009124396823587516,5664.500930886425,1581.6407277752296,,,,,,,0.04118796404845648,0.0,,0.26506727664155005,0.5875,0.9493670886075949,0.4875,0.1875,0.1875,0.26875,0.74375,0.525,,0.50625,0.2875,0.5125000000000001,0.22083333333333333,0.346875,0.3660416666666667,0.3600694444444445,0.3630555555555556,73.0,monitor,"Proxy score from public NDIA service-area data. It combines benchmark gaps, utilisation friction, unspent committed funding and provider-activity indicators; it is a triage signal, not proof of unmet need.",supply_response_gap is participant growth minus provider growth; it is not a provider caseload measure.,2025,static 2025 ERP denominator from local processed file; quarterly interpolation unavailable without annual series,funded_plan_context_only
2026Q1,2026 Q1,2025-09-30,ndia_service_area,Mid North Coast,Mid North Coast,NSW,Outer Regional Australia,241076.0,,9428.0,,39.107999137201546,,0.014854682454251922,81000.0,,763668000.0,557588000.0,59141.7055579126,,2312913.769931474,0.7301445130606494,206080000.0,21858.2944420874,0.73,28.253214646769933,0.7386029448813405,85151.81887829916,62709.42778038322,33.634269269780866,0.7179683189796243,85747.48693204664,60763.24328367979,-10.854784490431612,0.008602944881340448,4151.818878299164,3567.72222247062,-5.47372986742068,-0.012031681020375655,4747.486932046639,1621.5377257671862,,,,,,,0.020845767683018268,0.012499999999999956,,0.2698554869393506,0.5875,0.9493670886075949,0.475,0.275,0.2,0.26875,0.7,0.5375,,0.50625,0.4,0.5020833333333333,0.2916666666666667,0.353125,0.39645833333333336,0.3822916666666667,0.389375,63.0,monitor,"Proxy score from public NDIA service-area data. It combines benchmark gaps, utilisation friction, unspent committed funding and provider-activity indicators; it is a triage signal, not proof of unmet need.",supply_response_gap is participant growth minus provider growth; it is not a provider caseload measure.,2025,static 2025 ERP denominator from local processed file; quarterly interpolation unavailable without annual series,funded_plan_context_only
2024Q2,2024 Q2,2023-12-31,ndia_service_area,Midwest-Gascoyne,Midwest-Gascoyne,WA,Very Remote Australia,70223.0,1464.0,1464.0,20.847870355866313,20.847870355866316,,,76000.0,36300.0,111264000.0,65556000.0,44778.688524590165,44778.688524590165,933540.2930663743,0.5891932700603969,45708000.0,31221.311475409835,0.65,24.12050932082575,0.774810548394224,79559.82881407744,60116.50993792392,26.179182279595977,0.7299395777967206,87236.47395075967,60770.62127062127,3.2726389649594374,0.12481054839422401,3559.8288140774384,15337.821413333753,5.331311923729665,0.07993957779672058,11236.473950759668,15991.932746031103,116.0,396.0,12.620689655172415,12.620689655172415,79.23497267759564,,,,,0.4108067299396031,0.1375,0.22784810126582278,0.1,0.875,0.95,0.85,0.9125,0.95,0.35,0.50625,0.9125,0.9041666666666667,0.9125,0.6020833333333333,0.5254166666666666,0.80625,0.6658333333333333,1.0,advocacy: funding or access gap,"Proxy score from public NDIA service-area data. It combines benchmark gaps, utilisation friction, unspent committed funding and provider-activity indicators; it is a triage signal, not proof of unmet need.",supply_response_gap is participant growth minus provider growth; it is not a provider caseload measure.,2025,static 2025 ERP denominator from local processed file; quarterly interpolation unavailable without annual series,derived_from_local_curated_source
2024Q3,2024 Q3,2024-03-31,ndia_service_area,Midwest-Gascoyne,Midwest-Gascoyne,WA,Very Remote Australia,70223.0,1513.0,1513.0,21.54564743744927,21.54564743744927,0.03346994535519121,0.03346994535519121,79000.0,37300.0,119527000.0,68757000.0,45444.15069398546,45444.15069398546,979123.6489469262,0.5752424138479172,50770000.0,33555.84930601454,0.66,24.68676284471637,0.7773084731227313,81027.36890354347,60498.99233345409,26.741674362372237,0.7287384335959551,89029.82107355865,61786.02459318165,3.141115407267097,0.11730847312273127,2027.3689035434654,15054.841639468628,5.196026924922965,0.06873843359595512,10029.821073558647,16341.873899196195,,,,,,,0.048828482518762595,0.03947368421052633,,0.4247575861520828,0.1282051282051282,0.23376623376623376,0.08974358974358974,0.9,0.9375,0.8375,0.86875,0.9625,,0.50625,0.925,0.8895833333333334,0.9208333333333334,0.721875,0.5521314102564103,0.8440972222222222,0.6981143162393162,4.0,under-funded and under-serviced,"Proxy score from public NDIA service-area data. It combines benchmark gaps, utilisation friction, unspent committed funding and provider-activity indicators; it is a triage signal, not proof of unmet need.",supply_response_gap is participant growth minus provider growth; it is not a provider caseload measure.,2025,static 2025 ERP denominator from local processed file; quarterly interpolation unavailable without annual series,derived_from_local_curated_source
2024Q4,2024 Q4,2024-06-30,ndia_service_area,Midwest-Gascoyne,Midwest-Gascoyne,WA,Very Remote Australia,70223.0,1544.0,1544.0,21.98709824416502,21.98709824416502,0.020489094514210215,0.020489094514210215,83000.0,38900.0,128152000.0,72589000.0,47013.60103626943,47013.60103626943,1033692.6647964342,0.5664289281478244,55563000.0,35986.39896373057,0.67,25.27144981343164,0.7784608418203379,82439.3926044259,61164.480098449734,27.315980747937253,0.7307607285309241,91044.45191984238,62759.91157672161,3.2843515692666188,0.10846084182033792,-560.6073955741012,14150.879062180305,5.328882503772235,0.060760728530924124,8044.45191984238,15746.310540452185,,,,,,,0.05573250723562695,0.05063291139240511,,0.4335710718521756,0.1375,0.24050632911392406,0.1375,0.8875,0.9375,0.825,0.7875,0.9625,,0.50625,0.925,0.8583333333333333,0.9166666666666666,0.721875,0.5602083333333333,0.8322916666666668,0.69625,3.0,under-funded and under-serviced,"Proxy score from public NDIA service-area data. It combines benchmark gaps, utilisation friction, unspent committed funding and provider-activity indicators; it is a triage signal, not proof of unmet need.",supply_response_gap is participant growth minus provider growth; it is not a provider caseload measure.,2025,static 2025 ERP denominator from local processed file; quarterly interpolation unavailable without annual series,derived_from_local_curated_source
2025Q1,2025 Q1,2024-09-30,ndia_service_area,Midwest-Gascoyne,Midwest-Gascoyne,WA,Very Remote Australia,70223.0,1605.0,1605.0,22.855759508992783,22.855759508992783,0.03950777202072531,0.03950777202072531,85000.0,39900.0,136425000.0,76573000.0,47709.03426791277,47709.03426791277,1090426.2136337098,0.5612827560930914,59852000.0,37290.96573208723,0.65,26.153554026565185,0.7601002932313932,82459.7494204458,60716.14056683959,28.08981758060144,0.7175297333925275,91778.55924480688,62539.22003878777,3.2977945175724024,0.1101002932313932,-2540.2505795541947,13007.106298926818,5.234058071608658,0.06752973339252748,6778.559244806878,14830.185770874996,,,,,,,0.05488434886828575,0.024096385542168752,,0.4387172439069086,0.1375,0.24050632911392406,0.15,0.9,0.93125,0.8,0.7625,0.9625,,0.50625,0.9125,0.8416666666666667,0.9145833333333333,0.71875,0.5641666666666667,0.8250000000000001,0.6945833333333333,3.0,under-funded and under-serviced,"Proxy score from public NDIA service-area data. It combines benchmark gaps, utilisation friction, unspent committed funding and provider-activity indicators; it is a triage signal, not proof of unmet need.",supply_response_gap is participant growth minus provider growth; it is not a provider caseload measure.,2025,static 2025 ERP denominator from local processed file; quarterly interpolation unavailable without annual series,derived_from_local_curated_source
2025Q2,2025 Q2,2024-12-31,ndia_service_area,Midwest-Gascoyne,Midwest-Gascoyne,WA,Very Remote Australia,70223.0,1667.0,1667.0,23.738661122424276,23.73866112242428,0.038629283489096666,0.038629283489096666,86000.0,39200.0,143362000.0,82339000.0,49393.52129574085,49393.52129574085,1172536.0636828388,0.5743432708807076,61023000.0,36606.47870425915,0.63,26.957763247112997,0.7465297732931997,82492.94748629373,60067.7940397898,28.799988448237272,0.6997169488821533,91472.6178809909,62312.67804644591,3.219102124688717,0.11652977329319969,-3507.052513706265,10674.272744048947,5.0613273258129965,0.06971694888215324,5472.617880990903,12919.156750705057,,,,,,,0.07530069345591794,0.0117647058823529,,0.4256567291192924,0.1375,0.25316455696202533,0.175,0.8875,0.9375,0.8,0.75,0.9125,,0.50625,0.9125,0.8208333333333333,0.9125,0.721875,0.566875,0.8184027777777777,0.6926388888888888,3.0,under-funded and under-serviced,"Proxy score from public NDIA service-area data. It combines benchmark gaps, utilisation friction, unspent committed funding and provider-activity indicators; it is a triage signal, not proof of unmet need.",supply_response_gap is participant growth minus provider growth; it is not a provider caseload measure.,2025,static 2025 ERP denominator from local processed file; quarterly interpolation unavailable without annual series,derived_from_local_curated_source
2025Q3,2025 Q3,2025-03-31,ndia_service_area,Midwest-Gascoyne,Midwest-Gascoyne,WA,Very Remote Australia,70223.0,,1699.0,,24.19435227774376,,0.01919616076784636,90000.0,,152910000.0,86178000.0,50722.77810476751,,1227204.7619725731,0.5635864233863057,66732000.0,39277.22189523249,0.64,27.40732028960876,0.7506086859240299,84432.45028614352,60802.47507148593,29.255495455759704,0.6998867027124044,93888.60969645302,63068.60655553811,3.212968011865001,0.11060868592402985,-5567.549713856482,10079.696966718424,5.061143178015943,0.05988670271240437,3888.609696453015,12345.828450770598,,,,,,,0.04662432140298045,0.04651162790697683,,0.4364135766136943,0.1375,0.25316455696202533,0.2125,0.9,0.93125,0.8,0.675,0.875,,0.50625,0.9125,0.7833333333333333,0.9145833333333333,0.71875,0.5766666666666667,0.8055555555555555,0.691111111111111,3.0,under-funded and under-serviced,"Proxy score from public NDIA service-area data. It combines benchmark gaps, utilisation friction, unspent committed funding and provider-activity indicators; it is a triage signal, not proof of unmet need.",supply_response_gap is participant growth minus provider growth; it is not a provider caseload measure.,2025,static 2025 ERP denominator from local processed file; quarterly interpolation unavailable without annual series,funded_plan_context_only
2025Q4,2025 Q4,2025-06-30,ndia_service_area,Midwest-Gascoyne,Midwest-Gascoyne,WA,Very Remote Australia,70223.0,,1718.0,,24.464918901214705,,0.011183048852265953,91000.0,,156338000.0,90433000.0,52638.533178114085,,1287797.4452814606,0.5784454195397152,65905000.0,38361.466821885915,0.64,27.77839830958376,0.7514285432706143,85151.38506175322,62192.49868267691,29.615831690817068,0.7017884845529896,94950.29032401046,64775.29808075883,3.313479408369055,0.11142854327061429,-5848.614938246785,9553.965504562824,5.150912789602366,0.06178848455298962,3950.2903240104642,12136.764902644747,,,,,,,0.04937455034927707,0.011111111111111072,,0.4215545804602848,0.1375,0.25316455696202533,0.2625,0.875,0.925,0.7875,0.7,0.8375,,0.50625,0.9125,0.7749999999999999,0.9041666666666667,0.715625,0.5789583333333332,0.7982638888888888,0.6886111111111111,3.0,under-funded and under-serviced,"Proxy score from public NDIA service-area data. It combines benchmark gaps, utilisation friction, unspent committed funding and provider-activity indicators; it is a triage signal, not proof of unmet need.",supply_response_gap is participant growth minus provider growth; it is not a provider caseload measure.,2025,static 2025 ERP denominator from local processed file; quarterly interpolation unavailable without annual series,funded_plan_context_only
2026Q1,2026 Q1,2025-09-30,ndia_service_area,Midwest-Gascoyne,Midwest-Gascoyne,WA,Very Remote Australia,70223.0,,1732.0,,24.664283781666978,,0.008149010477299212,90000.0,,155880000.0,93147000.0,53780.02309468822,,1326445.751391994,0.5975558121632024,62733000.0,36219.97690531178,0.62,28.253214646769933,0.7386029448813405,85151.81887829916,62709.42778038322,29.935474216268688,0.6915735929312197,94840.2069766932,65463.76811594203,3.588930865102956,0.11860294488134045,-4848.181121700836,8929.404685695,5.27119043460171,0.0715735929312197,4840.206976693196,11683.74502125381,,,,,,,0.030011168489378903,-0.01098901098901095,,0.4024441878367976,0.1375,0.24050632911392406,0.25,0.875,0.9375,0.8,0.7125,0.8375,,0.50625,0.9125,0.7833333333333333,0.9083333333333333,0.721875,0.5785416666666666,0.8045138888888889,0.6915277777777777,3.0,under-funded and under-serviced,"Proxy score from public NDIA service-area data. It combines benchmark gaps, utilisation friction, unspent committed funding and provider-activity indicators; it is a triage signal, not proof of unmet need.",supply_response_gap is participant growth minus provider growth; it is not a provider caseload measure.,2025,static 2025 ERP denominator from local processed file; quarterly interpolation unavailable without annual series,funded_plan_context_only
2024Q2,2024 Q2,2023-12-31,ndia_service_area,Murray and Mallee,Murray and Mallee,SA,Outer Regional Australia,74882.0,2290.0,2291.0,30.5814481450816,30.59480248924975,,,69000.0,27000.0,158079000.0,103397000.0,45131.82016586643,45151.528384279474,1380799.1239550225,0.6540843502299483,54682000.0,23868.179834133567,0.72,24.12050932082575,0.774810548394224,79559.82881407744,60116.50993792392,29.44748036263278,0.7485395550523876,79779.69432547608,58182.44347371007,-6.474293168424001,0.05481054839422399,10559.828814077438,14984.689772057485,-1.1473221266169702,0.028539555052387585,10779.694325476084,13050.623307843634,200.0,726.0,11.455,11.45,87.29812309035356,,,,,0.34591564977005174,0.2125,0.7848101265822784,0.1125,0.6875,0.71875,0.24375,0.89375,0.8875,0.2125,0.50625,0.85,0.6749999999999999,0.7520833333333333,0.4791666666666667,0.4487500000000001,0.6354166666666666,0.5420833333333334,31.0,advocacy: funding or access gap,"Proxy score from public NDIA service-area data. It combines benchmark gaps, utilisation friction, unspent committed funding and provider-activity indicators; it is a triage signal, not proof of unmet need.",supply_response_gap is participant growth minus provider growth; it is not a provider caseload measure.,2025,static 2025 ERP denominator from local processed file; quarterly interpolation unavailable without annual series,derived_from_local_curated_source
2024Q3,2024 Q3,2024-03-31,ndia_service_area,Murray and Mallee,Murray and Mallee,SA,Outer Regional Australia,74882.0,2381.0,2381.0,31.796693464383964,31.796693464383964,0.03973799126637556,0.0392841553906591,68000.0,28000.0,161908000.0,108401000.0,45527.509449811005,45527.509449811005,1447624.2621724848,0.6695221977913383,53507000.0,22472.490550188995,0.73,24.68676284471637,0.7773084731227313,81027.36890354347,60498.99233345409,29.18486251877246,0.751550423518762,80452.36760997478,58049.56139405565,-7.1099306196675975,0.04730847312273127,13027.368903543465,14971.482883643082,-2.611830945611505,0.021550423518762046,12452.367609974783,12522.051944244646,,,,,,,0.048395988278189916,-0.01449275362318836,,0.33047780220866174,0.21794871794871795,0.8051948051948052,0.10256410256410256,0.55,0.65625,0.26875,0.9375,0.9,,0.50625,0.8125,0.7020833333333334,0.6729166666666666,0.58125,0.4249358974358975,0.6520833333333333,0.5385096153846154,32.0,advocacy: funding or access gap,"Proxy score from public NDIA service-area data. It combines benchmark gaps, utilisation friction, unspent committed funding and provider-activity indicators; it is a triage signal, not proof of unmet need.",supply_response_gap is participant growth minus provider growth; it is not a provider caseload measure.,2025,static 2025 ERP denominator from local processed file; quarterly interpolation unavailable without annual series,derived_from_local_curated_source
2024Q4,2024 Q4,2024-06-30,ndia_service_area,Murray and Mallee,Murray and Mallee,SA,Outer Regional Australia,74882.0,2427.0,2427.0,32.41099329611922,32.41099329611922,0.019319613607727826,0.019319613607727826,72000.0,30000.0,174744000.0,112626000.0,46405.43881334981,46405.438813349814,1504046.3662829518,0.6445199835187474,62118000.0,25594.561186650186,0.73,25.27144981343164,0.7784608418203379,82439.3926044259,61164.480098449734,30.608345586211776,0.7572561652281135,82644.4615700781,59375.719276613236,-7.139543482687586,0.04846084182033792,10439.392604425899,14759.041285099927,-1.802647709907447,0.027256165228113503,10644.4615700781,12970.280463263429,,,,,,,0.038975655206132886,0.05882352941176472,,0.3554800164812526,0.225,0.810126582278481,0.1125,0.6875,0.7,0.25625,0.8875,0.8875,,0.50625,0.85,0.6770833333333334,0.7458333333333332,0.6031249999999999,0.47479166666666667,0.6753472222222222,0.5750694444444444,21.0,advocacy: funding or access gap,"Proxy score from public NDIA service-area data. It combines benchmark gaps, utilisation friction, unspent committed funding and provider-activity indicators; it is a triage signal, not proof of unmet need.",supply_response_gap is participant growth minus provider growth; it is not a provider caseload measure.,2025,static 2025 ERP denominator from local processed file; quarterly interpolation unavailable without annual series,derived_from_local_curated_source
2025Q1,2025 Q1,2024-09-30,ndia_service_area,Murray and Mallee,Murray and Mallee,SA,Outer Regional Australia,74882.0,2495.0,2495.0,33.319088699553966,33.319088699553966,0.028018129377832768,0.028018129377832768,72000.0,30200.0,179640000.0,118051000.0,47315.03006012024,47315.03006012024,1576493.6833952086,0.6571531952794478,61589000.0,24684.96993987976,0.7,26.153554026565185,0.7601002932313932,82459.7494204458,60716.14056683959,31.532697494122548,0.7415501850207962,82697.75282019569,59065.36071574622,-7.16553467298878,0.06010029323139321,10459.749420445805,13401.11050671935,-1.7863912054314175,0.04155018502079613,10697.752820195688,11750.330655625978,,,,,,,0.04816827375561594,0.0,,0.3428468047205522,0.2125,0.810126582278481,0.125,0.625,0.83125,0.25625,0.89375,0.8625,,0.50625,0.8,0.6708333333333334,0.7520833333333333,0.66875,0.4766666666666667,0.6972222222222223,0.5869444444444445,21.0,advocacy: funding or access gap,"Proxy score from public NDIA service-area data. It combines benchmark gaps, utilisation friction, unspent committed funding and provider-activity indicators; it is a triage signal, not proof of unmet need.",supply_response_gap is participant growth minus provider growth; it is not a provider caseload measure.,2025,static 2025 ERP denominator from local processed file; quarterly interpolation unavailable without annual series,derived_from_local_curated_source
2025Q2,2025 Q2,2024-12-31,ndia_service_area,Murray and Mallee,Murray and Mallee,SA,Outer Regional Australia,74882.0,2578.0,2578.0,34.427499265511074,34.427499265511074,0.033266533066132364,0.033266533066132364,73000.0,30800.0,188194000.0,120912000.0,46901.47401086113,46901.47401086113,1614700.462060308,0.6424859453542621,67282000.0,26098.525989138867,0.7,26.957763247112997,0.7465297732931997,82492.94748629373,60067.7940397898,32.322438100030666,0.723891505303104,82921.77678310791,58404.145178554056,-7.46973601839808,0.04652977329319967,9492.947486293735,13166.320028928669,-2.1050611654804072,0.023891505303104025,9921.77678310791,11502.671167692926,,,,,,,0.024235288138177546,0.01388888888888884,,0.35751405464573793,0.2125,0.7974683544303798,0.15,0.625,0.7375,0.25625,0.85,0.85,,0.50625,0.8125,0.6520833333333332,0.725,0.621875,0.46687499999999993,0.6663194444444444,0.5665972222222222,21.0,monitor,"Proxy score from public NDIA service-area data. It combines benchmark gaps, utilisation friction, unspent committed funding and provider-activity indicators; it is a triage signal, not proof of unmet need.",supply_response_gap is participant growth minus provider growth; it is not a provider caseload measure.,2025,static 2025 ERP denominator from local processed file; quarterly interpolation unavailable without annual series,derived_from_local_curated_source
2025Q3,2025 Q3,2025-03-31,ndia_service_area,Murray and Mallee,Murray and Mallee,SA,Outer Regional Australia,74882.0,,2623.0,,35.028444753078176,,0.01745539177657096,76000.0,,199348000.0,124356000.0,47409.83606557377,,1660692.8233754442,0.6238136324417601,74992000.0,28590.16393442623,0.71,27.40732028960876,0.7506086859240299,84432.45028614352,60802.47507148593,32.730046154692914,0.7269261814617647,84888.12868756366,59134.059154767165,-7.621124463469414,0.04060868592402983,8432.450286143518,13392.639005912162,-2.298398598385262,0.016926181461764712,8888.128687563658,11724.223089193394,,,,,,,0.028483525208416127,0.041095890410958846,,0.37618636755823986,0.2125,0.7974683544303798,0.1625,0.6875,0.6125,0.25625,0.825,0.85,,0.50625,0.8375,0.6437499999999999,0.7125,0.559375,0.46687499999999993,0.6385416666666667,0.5527083333333334,22.0,monitor,"Proxy score from public NDIA service-area data. It combines benchmark gaps, utilisation friction, unspent committed funding and provider-activity indicators; it is a triage signal, not proof of unmet need.",supply_response_gap is participant growth minus provider growth; it is not a provider caseload measure.,2025,static 2025 ERP denominator from local processed file; quarterly interpolation unavailable without annual series,funded_plan_context_only
2025Q4,2025 Q4,2025-06-30,ndia_service_area,Murray and Mallee,Murray and Mallee,SA,Outer Regional Australia,74882.0,,2680.0,,35.789642370663174,,0.02173084254670221,77000.0,,206360000.0,130091000.0,48541.41791044776,,1737279.9871798295,0.6304080248110099,76269000.0,28458.582089552237,0.7,27.77839830958376,0.7514285432706143,85151.38506175322,62192.49868267691,33.11060614399949,0.7308756031764125,85664.50093088642,60376.25859645123,-8.011244061079417,0.05142854327061428,8151.385061753215,13651.08077222915,-2.679036226663684,0.030875603176412483,8664.500930886425,11834.840686003474,,,,,,,0.046117597864196336,0.013157894736842035,,0.3695919751889901,0.2125,0.7974683544303798,0.1625,0.75,0.73125,0.26875,0.81875,0.825,,0.50625,0.85,0.6375,0.7770833333333332,0.6187499999999999,0.5041666666666667,0.6777777777777777,0.5909722222222222,19.0,advocacy watchlist,"Proxy score from public NDIA service-area data. It combines benchmark gaps, utilisation friction, unspent committed funding and provider-activity indicators; it is a triage signal, not proof of unmet need.",supply_response_gap is participant growth minus provider growth; it is not a provider caseload measure.,2025,static 2025 ERP denominator from local processed file; quarterly interpolation unavailable without annual series,funded_plan_context_only
2026Q1,2026 Q1,2025-09-30,ndia_service_area,Murray and Mallee,Murray and Mallee,SA,Outer Regional Australia,74882.0,,2755.0,,36.79121818327502,,0.027985074626865725,78000.0,,214890000.0,134984000.0,48996.00725952813,,1802622.7931946262,0.6281539392247196,79906000.0,29003.99274047187,0.67,28.253214646769933,0.7386029448813405,85151.81887829916,62709.42778038322,33.634269269780866,0.7179683189796243,85747.48693204664,60763.24328367979,-8.538003536505087,0.06860294488134044,7151.818878299164,13713.420520855092,-3.156948913494155,0.04796831897962434,7747.486932046639,11767.236024151658,,,,,,,0.03761213304532984,0.01298701298701288,,0.3718460607752804,0.2125,0.8734177215189873,0.175,0.8,0.8875,0.26875,0.8,0.85,,0.50625,0.8625,0.6395833333333334,0.85,0.6968749999999999,0.546875,0.7288194444444445,0.6378472222222222,11.0,provider opportunity: under-serviced,"Proxy score from public NDIA service-area data. It combines benchmark gaps, utilisation friction, unspent committed funding and provider-activity indicators; it is a triage signal, not proof of unmet need.",supply_response_gap is participant growth minus provider growth; it is not a provider caseload measure.,2025,static 2025 ERP denominator from local processed file; quarterly interpolation unavailable without annual series,funded_plan_context_only
2024Q2,2024 Q2,2023-12-31,ndia_service_area,Murrumbidgee,Murrumbidgee,NSW,Outer Regional Australia,311023.0,8686.0,8687.0,27.92719509489652,27.93041029120033,,,76000.0,30900.0,660212000.0,481055000.0,55376.42454241971,55382.79990789777,1546686.257929478,0.7286371650318383,179157000.0,20623.575457580293,0.75,24.12050932082575,0.774810548394224,79559.82881407744,60116.50993792392,29.44748036263278,0.7485395550523876,79779.69432547608,58182.44347371007,-3.809900970374581,0.024810548394223985,3559.8288140774384,4740.085395504211,1.5170700714324497,-0.001460444947612416,3779.6943254760845,2806.0189312903603,427.0,1812.0,20.34426229508197,20.34192037470726,49.153908138597906,,,,,0.2713628349681617,0.6375,0.5949367088607594,0.4125,0.5,0.1875,0.5875,0.675,0.5625,0.9,0.50625,0.5375,0.6083333333333334,0.4083333333333334,0.53125,0.4979166666666666,0.5159722222222223,0.5069444444444444,37.0,monitor,"Proxy score from public NDIA service-area data. It combines benchmark gaps, utilisation friction, unspent committed funding and provider-activity indicators; it is a triage signal, not proof of unmet need.",supply_response_gap is participant growth minus provider growth; it is not a provider caseload measure.,2025,static 2025 ERP denominator from local processed file; quarterly interpolation unavailable without annual series,derived_from_local_curated_source
2024Q3,2024 Q3,2024-03-31,ndia_service_area,Murrumbidgee,Murrumbidgee,NSW,Outer Regional Australia,311023.0,8940.0,8940.0,28.743854956064343,28.743854956064343,0.029242459129633858,0.029123978358466696,77000.0,30700.0,688380000.0,495486000.0,55423.4899328859,55423.4899328859,1593084.755789765,0.7197855835439728,192894000.0,21576.510067114094,0.75,24.68676284471637,0.7773084731227313,81027.36890354347,60498.99233345409,29.18486251877246,0.751550423518762,80452.36760997478,58049.56139405565,-4.057092111347977,0.027308473122731273,4027.3689035434654,5075.502400568184,0.4410075627081156,0.001550423518762045,3452.3676099747827,2626.0714611697476,,,,,,,0.029998648803151395,0.013157894736842035,,0.2802144164560272,0.6282051282051282,0.5844155844155844,0.41025641025641024,0.5,0.4125,0.55,0.7,0.5625,,0.50625,0.575,0.6041666666666666,0.4958333333333333,0.459375,0.4987339743589743,0.5197916666666665,0.5092628205128205,40.0,monitor,"Proxy score from public NDIA service-area data. It combines benchmark gaps, utilisation friction, unspent committed funding and provider-activity indicators; it is a triage signal, not proof of unmet need.",supply_response_gap is participant growth minus provider growth; it is not a provider caseload measure.,2025,static 2025 ERP denominator from local processed file; quarterly interpolation unavailable without annual series,derived_from_local_curated_source
2024Q4,2024 Q4,2024-06-30,ndia_service_area,Murrumbidgee,Murrumbidgee,NSW,Outer Regional Australia,311023.0,9062.0,9062.0,29.136108905129202,29.1361089051292,0.013646532438478687,0.013646532438478687,79000.0,31400.0,715898000.0,510027000.0,56281.9465901567,56281.9465901567,1639836.9252434706,0.7124297036728696,205871000.0,22718.0534098433,0.76,25.27144981343164,0.7784608418203379,82439.3926044259,61164.480098449734,30.608345586211776,0.7572561652281135,82644.4615700781,59375.719276613236,-3.8646590916975647,0.01846084182033792,3439.3926044258988,4882.533508293032,1.472236681082574,-0.002743834771886497,3644.4615700780996,3093.772686456534,,,,,,,0.02934694421234907,0.025974025974025983,,0.2875702963271304,0.6375,0.5949367088607594,0.425,0.5,0.2125,0.5625,0.6625,0.575,,0.50625,0.6,0.6,0.4375,0.359375,0.471875,0.465625,0.46875,52.0,monitor,"Proxy score from public NDIA service-area data. It combines benchmark gaps, utilisation friction, unspent committed funding and provider-activity indicators; it is a triage signal, not proof of unmet need.",supply_response_gap is participant growth minus provider growth; it is not a provider caseload measure.,2025,static 2025 ERP denominator from local processed file; quarterly interpolation unavailable without annual series,derived_from_local_curated_source
2025Q1,2025 Q1,2024-09-30,ndia_service_area,Murrumbidgee,Murrumbidgee,NSW,Outer Regional Australia,311023.0,9351.0,9351.0,30.065300636930388,30.065300636930388,0.031891414698741904,0.031891414698741904,78000.0,30900.0,729378000.0,516287000.0,55211.95594054112,55211.95594054112,1659964.0541053233,0.7078455889812963,213091000.0,22788.04405945888,0.73,26.153554026565185,0.7601002932313932,82459.7494204458,60716.14056683959,31.532697494122548,0.7415501850207962,82697.75282019569,59065.36071574622,-3.9117466103652023,0.03010029323139321,4459.749420445805,5504.184626298469,1.4673968571921598,0.011550185020796135,4697.752820195688,3853.4047752050974,,,,,,,0.012273860011332793,-0.012658227848101222,,0.29215441101870365,0.6375,0.5822784810126582,0.3875,0.4625,0.63125,0.55,0.68125,0.6375,,0.50625,0.5875,0.6229166666666667,0.5604166666666667,0.56875,0.5233333333333333,0.5840277777777777,0.5536805555555555,29.0,monitor,"Proxy score from public NDIA service-area data. It combines benchmark gaps, utilisation friction, unspent committed funding and provider-activity indicators; it is a triage signal, not proof of unmet need.",supply_response_gap is participant growth minus provider growth; it is not a provider caseload measure.,2025,static 2025 ERP denominator from local processed file; quarterly interpolation unavailable without annual series,derived_from_local_curated_source
2025Q2,2025 Q2,2024-12-31,ndia_service_area,Murrumbidgee,Murrumbidgee,NSW,Outer Regional Australia,311023.0,9586.0,9586.0,30.820871768325816,30.820871768325816,0.025131002031868244,0.025131002031868244,78000.0,30800.0,747708000.0,520058000.0,54251.82557896933,54251.82557896933,1672088.559366992,0.6955362253714017,227650000.0,23748.17442103067,0.71,26.957763247112997,0.7465297732931997,82492.94748629373,60067.7940397898,32.322438100030666,0.723891505303104,82921.77678310791,58404.145178554056,-3.863108521212823,0.036529773293199674,4492.947486293735,5815.96846082047,1.5015663317048509,0.013891505303104026,4921.776783107911,4152.319599584727,,,,,,,0.007304076995934494,0.0,,0.3044637746285983,0.6375,0.5822784810126582,0.3625,0.4625,0.5875,0.55,0.70625,0.65,,0.50625,0.6,0.6354166666666666,0.5499999999999999,0.546875,0.511875,0.5774305555555556,0.5446527777777778,29.0,monitor,"Proxy score from public NDIA service-area data. It combines benchmark gaps, utilisation friction, unspent committed funding and provider-activity indicators; it is a triage signal, not proof of unmet need.",supply_response_gap is participant growth minus provider growth; it is not a provider caseload measure.,2025,static 2025 ERP denominator from local processed file; quarterly interpolation unavailable without annual series,derived_from_local_curated_source
2025Q3,2025 Q3,2025-03-31,ndia_service_area,Murrumbidgee,Murrumbidgee,NSW,Outer Regional Australia,311023.0,,9651.0,,31.029859528073487,,0.006780721886083807,81000.0,,781731000.0,533570000.0,55286.49880841364,,1715532.2918240773,0.6825493680051066,248161000.0,25713.501191586365,0.72,27.40732028960876,0.7506086859240299,84432.45028614352,60802.47507148593,32.730046154692914,0.7269261814617647,84888.12868756366,59134.059154767165,-3.622539238464725,0.03060868592402983,3432.4502861435176,5515.976263072291,1.700186626619427,0.006926181461764713,3888.128687563658,3847.5603463535226,,,,,,,0.025981717423825712,0.03846153846153855,,0.31745063199489343,0.625,0.5822784810126582,0.3875,0.55,0.53125,0.55,0.6625,0.6125,,0.50625,0.6125,0.6083333333333333,0.5645833333333333,0.51875,0.5291666666666666,0.5638888888888889,0.5465277777777777,25.0,monitor,"Proxy score from public NDIA service-area data. It combines benchmark gaps, utilisation friction, unspent committed funding and provider-activity indicators; it is a triage signal, not proof of unmet need.",supply_response_gap is participant growth minus provider growth; it is not a provider caseload measure.,2025,static 2025 ERP denominator from local processed file; quarterly interpolation unavailable without annual series,funded_plan_context_only
2025Q4,2025 Q4,2025-06-30,ndia_service_area,Murrumbidgee,Murrumbidgee,NSW,Outer Regional Australia,311023.0,,9685.0,,31.13917620240304,,0.003522950989534701,82000.0,,794170000.0,553664000.0,57167.165720185854,,1780138.446352842,0.6971605575632421,240506000.0,24832.834279814146,0.73,27.77839830958376,0.7514285432706143,85151.38506175322,62192.49868267691,33.11060614399949,0.7308756031764125,85664.50093088642,60376.25859645123,-3.360777892819278,0.021428543270614286,3151.3850617532153,5025.332962491055,1.971429941596455,0.000875603176412482,3664.5009308864246,3209.0928762653784,,,,,,,0.037659538579755125,0.012345679012345734,,0.30283944243675787,0.625,0.569620253164557,0.4125,0.525,0.38125,0.575,0.6875,0.6,,0.50625,0.6,0.6208333333333332,0.5020833333333333,0.44375,0.5016666666666667,0.5222222222222221,0.5119444444444444,35.0,monitor,"Proxy score from public NDIA service-area data. It combines benchmark gaps, utilisation friction, unspent committed funding and provider-activity indicators; it is a triage signal, not proof of unmet need.",supply_response_gap is participant growth minus provider growth; it is not a provider caseload measure.,2025,static 2025 ERP denominator from local processed file; quarterly interpolation unavailable without annual series,funded_plan_context_only
2026Q1,2026 Q1,2025-09-30,ndia_service_area,Murrumbidgee,Murrumbidgee,NSW,Outer Regional Australia,311023.0,,9824.0,,31.58608848863268,,0.01435209086215794,82000.0,,805568000.0,565803000.0,57593.95358306189,,1819167.7142847958,0.7023652875983157,239765000.0,24406.046416938112,0.71,28.253214646769933,0.7386029448813405,85151.81887829916,62709.42778038322,33.634269269780866,0.7179683189796243,85747.48693204664,60763.24328367979,-3.3328738418627424,0.02860294488134045,3151.8188782991638,5115.474197321331,2.04818078114819,0.007968318979624342,3747.4869320466387,3169.2897006178973,,,,,,,0.021924849728355067,0.0,,0.29763471240168426,0.625,0.569620253164557,0.4,0.5375,0.4625,0.5875,0.675,0.6125,,0.50625,0.6,0.6250000000000001,0.5333333333333333,0.484375,0.5160416666666666,0.5475694444444444,0.5318055555555555,31.0,monitor,"Proxy score from public NDIA service-area data. It combines benchmark gaps, utilisation friction, unspent committed funding and provider-activity indicators; it is a triage signal, not proof of unmet need.",supply_response_gap is participant growth minus provider growth; it is not a provider caseload measure.,2025,static 2025 ERP denominator from local processed file; quarterly interpolation unavailable without annual series,funded_plan_context_only
2024Q2,2024 Q2,2023-12-31,ndia_service_area,Nepean Blue Mountains,Nepean Blue Mountains,NSW,Inner Regional Australia,400929.0,11589.0,11590.0,28.90536728448179,28.90786149168556,,,77000.0,26800.0,892430000.0,684884000.0,59092.66609145815,59097.76512209854,1708242.6065462963,0.767437221966989,207546000.0,17907.333908541845,0.79,24.12050932082575,0.774810548394224,79559.82881407744,60116.50993792392,26.8899974718611,0.7630061336695022,76355.8163924701,56667.37290379991,-4.787352170859808,-0.015189451605776014,2559.8288140774384,1023.8438464657665,-2.017864019824458,-0.026993866330497843,-644.183607529907,-2425.2931876582443,1089.0,3008.0,10.64279155188246,10.641873278236915,93.96031061259706,,,,,0.23256277803301095,0.7375,0.6835443037974683,0.55,0.1875,0.1875,0.24375,0.25625,0.225,0.175,0.50625,0.225,0.24166666666666667,0.19999999999999998,0.2895833333333333,0.3929166666666667,0.24375,0.31833333333333336,80.0,monitor,"Proxy score from public NDIA service-area data. It combines benchmark gaps, utilisation friction, unspent committed funding and provider-activity indicators; it is a triage signal, not proof of unmet need.",supply_response_gap is participant growth minus provider growth; it is not a provider caseload measure.,2025,static 2025 ERP denominator from local processed file; quarterly interpolation unavailable without annual series,derived_from_local_curated_source
2024Q3,2024 Q3,2024-03-31,ndia_service_area,Nepean Blue Mountains,Nepean Blue Mountains,NSW,Inner Regional Australia,400929.0,11919.0,11919.0,29.728455661725643,29.728455661725643,0.028475278281128613,0.02838654012079389,78000.0,27300.0,929682000.0,709509000.0,59527.56103699975,59527.561036999745,1769662.4589391141,0.7631738594487147,220173000.0,18472.43896300025,0.79,24.68676284471637,0.7773084731227313,81027.36890354347,60498.99233345409,27.71623599286424,0.7648604023741618,77994.1725121406,56947.80441429636,-5.041692817009277,-0.012691526877268728,3027.3689035434654,971.4312964543351,-2.0122196688614054,-0.025139597625838235,-5.827487859394751,-2579.7566227033894,,,,,,,0.03595499383837253,0.01298701298701288,,0.23682614055128526,0.7307692307692307,0.6753246753246753,0.5512820512820513,0.15,0.20625,0.26875,0.2625,0.23125,,0.50625,0.225,0.25416666666666665,0.19374999999999998,0.35624999999999996,0.3964102564102564,0.26805555555555555,0.332232905982906,78.0,monitor,"Proxy score from public NDIA service-area data. It combines benchmark gaps, utilisation friction, unspent committed funding and provider-activity indicators; it is a triage signal, not proof of unmet need.",supply_response_gap is participant growth minus provider growth; it is not a provider caseload measure.,2025,static 2025 ERP denominator from local processed file; quarterly interpolation unavailable without annual series,derived_from_local_curated_source
2024Q4,2024 Q4,2024-06-30,ndia_service_area,Nepean Blue Mountains,Nepean Blue Mountains,NSW,Inner Regional Australia,400929.0,12203.0,12203.0,30.43681050759611,30.43681050759611,0.02382750230724051,0.02382750230724051,80000.0,27900.0,976240000.0,738520000.0,60519.54437433418,60519.54437433418,1842021.9041276635,0.7564943046791772,237720000.0,19480.45562566582,0.81,25.27144981343164,0.7784608418203379,82439.3926044259,61164.480098449734,28.31985586047522,0.7685814728943384,79139.48388848934,57480.02092208034,-5.165360694164473,-0.03153915817966208,2439.3926044258988,644.9357241155521,-2.116954647120892,-0.04141852710566155,-860.5161115106603,-3039.523452253845,,,,,,,0.04088884002880855,0.02564102564102555,,0.24350569532082278,0.7375,0.6835443037974683,0.5625,0.1375,0.2125,0.25625,0.25625,0.225,,0.50625,0.225,0.24583333333333332,0.19166666666666665,0.359375,0.39770833333333333,0.265625,0.33166666666666667,80.0,monitor,"Proxy score from public NDIA service-area data. It combines benchmark gaps, utilisation friction, unspent committed funding and provider-activity indicators; it is a triage signal, not proof of unmet need.",supply_response_gap is participant growth minus provider growth; it is not a provider caseload measure.,2025,static 2025 ERP denominator from local processed file; quarterly interpolation unavailable without annual series,derived_from_local_curated_source
2025Q1,2025 Q1,2024-09-30,ndia_service_area,Nepean Blue Mountains,Nepean Blue Mountains,NSW,Inner Regional Australia,400929.0,12660.0,12660.0,31.576663199718656,31.576663199718656,0.03744980742440385,0.03744980742440385,80000.0,27500.0,1012800000.0,758962000.0,59949.60505529226,59949.60505529226,1893008.4877871145,0.7493700631911533,253838000.0,20050.39494470774,0.79,26.153554026565185,0.7601002932313932,82459.7494204458,60716.14056683959,29.378540729741957,0.749585874550338,79082.76206451863,56908.5598208139,-5.42310917315347,-0.02989970676860679,2459.7494204458053,766.5355115473285,-2.1981224699767026,-0.04041412544966207,-917.2379354813747,-3041.0452344783625,,,,,,,0.0276796836917077,0.0,,0.2506299368088467,0.7375,0.6708860759493671,0.5375,0.2125,0.21875,0.25625,0.25,0.225,,0.50625,0.2375,0.24375,0.22291666666666665,0.3625,0.4145833333333333,0.27638888888888885,0.34548611111111105,80.0,monitor,"Proxy score from public NDIA service-area data. It combines benchmark gaps, utilisation friction, unspent committed funding and provider-activity indicators; it is a triage signal, not proof of unmet need.",supply_response_gap is participant growth minus provider growth; it is not a provider caseload measure.,2025,static 2025 ERP denominator from local processed file; quarterly interpolation unavailable without annual series,derived_from_local_curated_source
2025Q2,2025 Q2,2024-12-31,ndia_service_area,Nepean Blue Mountains,Nepean Blue Mountains,NSW,Inner Regional Australia,400929.0,13061.0,13061.0,32.57684028843012,32.57684028843012,0.03167456556082149,0.03167456556082149,79000.0,27000.0,1031819000.0,775548000.0,59378.914325089965,59378.914325089965,1934377.408468831,0.751631826899873,256271000.0,19621.08567491004,0.77,26.957763247112997,0.7465297732931997,82492.94748629373,60067.7940397898,30.345785307596167,0.7338446519006651,79096.43428753808,56188.57394969421,-5.619077041317127,-0.023470226706800327,3492.947486293735,688.8797146998331,-2.231054980833953,-0.03615534809933493,96.43428753808257,-3190.3403753957537,,,,,,,0.02185353153385816,-0.012499999999999956,,0.24836817310012704,0.725,0.6708860759493671,0.5375,0.1,0.19375,0.25625,0.49375,0.21875,,0.50625,0.1625,0.3229166666666667,0.15208333333333335,0.35,0.3729166666666667,0.27499999999999997,0.32395833333333335,80.0,monitor,"Proxy score from public NDIA service-area data. It combines benchmark gaps, utilisation friction, unspent committed funding and provider-activity indicators; it is a triage signal, not proof of unmet need.",supply_response_gap is participant growth minus provider growth; it is not a provider caseload measure.,2025,static 2025 ERP denominator from local processed file; quarterly interpolation unavailable without annual series,derived_from_local_curated_source
2025Q3,2025 Q3,2025-03-31,ndia_service_area,Nepean Blue Mountains,Nepean Blue Mountains,NSW,Inner Regional Australia,400929.0,,13335.0,,33.26025306226289,,0.02097848556772064,81000.0,,1080135000.0,794642000.0,59590.70116235471,,1982001.8008176011,0.7356876686710457,285493000.0,21409.298837645296,0.78,27.40732028960876,0.7506086859240299,84432.45028614352,60802.47507148593,30.943280669707555,0.735953040708486,80949.4227901239,56650.43820079907,-5.852932772654128,-0.029391314075970173,3432.4502861435176,1211.773909131225,-2.316972392555336,-0.04404695929151401,-50.57720987609355,-2940.262961555636,,,,,,,0.024620010624745392,0.025316455696202445,,0.26431233132895426,0.75,0.6708860759493671,0.55,0.125,0.2125,0.25625,0.25625,0.225,,0.50625,0.1875,0.24583333333333332,0.17500000000000002,0.359375,0.39187500000000003,0.26006944444444446,0.3259722222222222,80.0,monitor,"Proxy score from public NDIA service-area data. It combines benchmark gaps, utilisation friction, unspent committed funding and provider-activity indicators; it is a triage signal, not proof of unmet need.",supply_response_gap is participant growth minus provider growth; it is not a provider caseload measure.,2025,static 2025 ERP denominator from local processed file; quarterly interpolation unavailable without annual series,funded_plan_context_only
2025Q4,2025 Q4,2025-06-30,ndia_service_area,Nepean Blue Mountains,Nepean Blue Mountains,NSW,Inner Regional Australia,400929.0,,13553.0,,33.80399023268459,,0.016347956505436745,81000.0,,1097793000.0,816408000.0,60238.17604958312,,2036290.7148148424,0.7436811857973225,281385000.0,20761.82395041688,0.78,27.77839830958376,0.7514285432706143,85151.38506175322,62192.49868267691,31.40646420190928,0.7357142727569568,81348.30207161774,57871.566955701484,-6.0255919231008335,-0.02857145672938572,4151.385061753215,1954.3226330937905,-2.397526030775314,-0.044285727243043166,348.3020716177416,-2366.609093881634,,,,,,,0.027390950893609878,0.0,,0.25631881420267755,0.7375,0.6708860759493671,0.5,0.1375,0.1875,0.26875,0.5125,0.21875,,0.50625,0.2125,0.3333333333333333,0.17916666666666667,0.346875,0.38020833333333337,0.2864583333333333,0.33333333333333337,78.0,monitor,"Proxy score from public NDIA service-area data. It combines benchmark gaps, utilisation friction, unspent committed funding and provider-activity indicators; it is a triage signal, not proof of unmet need.",supply_response_gap is participant growth minus provider growth; it is not a provider caseload measure.,2025,static 2025 ERP denominator from local processed file; quarterly interpolation unavailable without annual series,funded_plan_context_only
2026Q1,2026 Q1,2025-09-30,ndia_service_area,Nepean Blue Mountains,Nepean Blue Mountains,NSW,Inner Regional Australia,400929.0,,13845.0,,34.53229873618521,,0.021545045377407313,81000.0,,1121445000.0,840844000.0,60732.68327916215,,2097239.1620461475,0.7497862133229896,280601000.0,20267.316720837847,0.76,28.253214646769933,0.7386029448813405,85151.81887829916,62709.42778038322,32.03344264863498,0.7233427743146025,81102.38055009648,58210.68357447111,-6.279084089415278,-0.021397055118659553,4151.818878299164,1976.7445012210737,-2.49885608755023,-0.03665722568539749,102.38055009648087,-2521.9997046910357,,,,,,,0.029931112874935106,0.0,,0.25021378667701044,0.75,0.6708860759493671,0.5,0.1375,0.2,0.26875,0.49375,0.21875,,0.50625,0.1875,0.32708333333333334,0.17500000000000002,0.353125,0.38312500000000005,0.28506944444444443,0.33409722222222227,79.0,monitor,"Proxy score from public NDIA service-area data. It combines benchmark gaps, utilisation friction, unspent committed funding and provider-activity indicators; it is a triage signal, not proof of unmet need.",supply_response_gap is participant growth minus provider growth; it is not a provider caseload measure.,2025,static 2025 ERP denominator from local processed file; quarterly interpolation unavailable without annual series,funded_plan_context_only
2024Q2,2024 Q2,2023-12-31,ndia_service_area,North East Melbourne,North East Melbourne,VIC,Major Cities of Australia,720178.0,16948.0,16948.0,23.533070990782832,23.533070990782832,,,79000.0,31200.0,1338892000.0,1053654000.0,62169.81354732122,62169.81354732122,1463046.6356928425,0.7869596651559648,285238000.0,16830.186452678783,0.79,24.12050932082575,0.774810548394224,79559.82881407744,60116.50993792392,21.54075115403415,0.7958582408716173,80400.51139569166,62712.29290901039,0.587438330042918,-0.015189451605776014,559.8288140774384,-2053.3036093972987,-1.9923198367486807,0.005858240871617255,1400.5113956916612,542.4793616891766,1183.0,3217.0,14.326289095519865,14.326289095519865,69.80174651876328,,,,,0.21304033484403517,0.9,0.4050632911392405,0.6875,0.1,0.44375,0.24375,0.60625,0.4875,0.5125,0.50625,0.0875,0.4458333333333333,0.21041666666666667,0.4875,0.4770833333333333,0.38125000000000003,0.4291666666666667,63.0,monitor,"Proxy score from public NDIA service-area data. It combines benchmark gaps, utilisation friction, unspent committed funding and provider-activity indicators; it is a triage signal, not proof of unmet need.",supply_response_gap is participant growth minus provider growth; it is not a provider caseload measure.,2025,static 2025 ERP denominator from local processed file; quarterly interpolation unavailable without annual series,derived_from_local_curated_source
2024Q3,2024 Q3,2024-03-31,ndia_service_area,North East Melbourne,North East Melbourne,VIC,Major Cities of Australia,720178.0,17389.0,17389.0,24.145419604597752,24.145419604597752,0.02602076941232001,0.02602076941232001,80000.0,31400.0,1391120000.0,1085992000.0,62452.81499798723,62452.81499798723,1507949.4236147176,0.7806601874748405,305128000.0,17547.185002012768,0.79,24.68676284471637,0.7773084731227313,81027.36890354347,60498.99233345409,22.15635799622129,0.7987044245491112,81921.83021338335,63196.969696969696,0.5413432401186142,-0.012691526877268728,1027.3689035434654,-1953.8226645331451,-1.98906160837646,0.008704424549111139,1921.8302133833495,744.1546989824637,,,,,,,0.030691289550459633,0.012658227848101333,,0.21933981252515955,0.8974358974358975,0.38961038961038963,0.6794871794871795,0.125,0.4875,0.26875,0.6,0.4875,,0.50625,0.1125,0.45208333333333334,0.2416666666666667,0.49687499999999996,0.4880929487179488,0.39687500000000003,0.4424839743589744,56.0,monitor,"Proxy score from public NDIA service-area data. It combines benchmark gaps, utilisation friction, unspent committed funding and provider-activity indicators; it is a triage signal, not proof of unmet need.",supply_response_gap is participant growth minus provider growth; it is not a provider caseload measure.,2025,static 2025 ERP denominator from local processed file; quarterly interpolation unavailable without annual series,derived_from_local_curated_source
2024Q4,2024 Q4,2024-06-30,ndia_service_area,North East Melbourne,North East Melbourne,VIC,Major Cities of Australia,720178.0,17665.0,17665.0,24.52865819283566,24.52865819283566,0.015872103053654607,0.015872103053654607,82000.0,31700.0,1448530000.0,1105387000.0,62574.978771582224,62574.978771582224,1534880.2657120877,0.7631094972144173,343143000.0,19425.021228417776,0.79,25.27144981343164,0.7784608418203379,82439.3926044259,61164.480098449734,22.563669931499856,0.7973695351274968,83207.46100966579,63732.73450666296,0.7427916205959768,-0.01153915817966208,439.39260442589875,-1410.4986731324898,-1.9649882613358045,0.007369535127496789,1207.4610096657852,1157.7557350807328,,,,,,,0.017859247581934357,0.02499999999999991,,0.23689050278558266,0.9,0.3924050632911392,0.675,0.125,0.475,0.25625,0.575,0.4875,,0.50625,0.15,0.43958333333333327,0.25,0.490625,0.48812500000000003,0.39340277777777777,0.4407638888888889,56.0,monitor,"Proxy score from public NDIA service-area data. It combines benchmark gaps, utilisation friction, unspent committed funding and provider-activity indicators; it is a triage signal, not proof of unmet need.",supply_response_gap is participant growth minus provider growth; it is not a provider caseload measure.,2025,static 2025 ERP denominator from local processed file; quarterly interpolation unavailable without annual series,derived_from_local_curated_source
2025Q1,2025 Q1,2024-09-30,ndia_service_area,North East Melbourne,North East Melbourne,VIC,Major Cities of Australia,720178.0,18284.0,18284.0,25.388167925151837,25.38816792515184,0.03504104160769894,0.03504104160769894,81000.0,31100.0,1481004000.0,1126488000.0,61610.58849267119,61610.58849267119,1564179.9666193635,0.7606245492922369,354516000.0,19389.411507328812,0.77,26.153554026565185,0.7601002932313932,82459.7494204458,60716.14056683959,23.368427888963133,0.777901017449582,83196.99210700695,63287.15620185708,0.7653861014133483,-0.009899706768606792,1459.7494204458053,-894.4479258315987,-2.019740036188704,0.007901017449581929,2196.992107006954,1676.5677091858888,,,,,,,0.019089242048260013,-0.012195121951219523,,0.23937545070776312,0.9,0.3924050632911392,0.6625,0.0875,0.49375,0.25625,0.6125,0.5125,,0.50625,0.15,0.4604166666666667,0.24375000000000002,0.5,0.47874999999999995,0.40138888888888885,0.4400694444444444,55.0,monitor,"Proxy score from public NDIA service-area data. It combines benchmark gaps, utilisation friction, unspent committed funding and provider-activity indicators; it is a triage signal, not proof of unmet need.",supply_response_gap is participant growth minus provider growth; it is not a provider caseload measure.,2025,static 2025 ERP denominator from local processed file; quarterly interpolation unavailable without annual series,derived_from_local_curated_source
2025Q2,2025 Q2,2024-12-31,ndia_service_area,North East Melbourne,North East Melbourne,VIC,Major Cities of Australia,720178.0,18967.0,18967.0,26.336544576479703,26.336544576479703,0.03735506453730042,0.03735506453730042,80000.0,30300.0,1517360000.0,1152772000.0,60777.77191964992,60777.77191964992,1600676.4994209763,0.759722148995624,364588000.0,19222.228080350083,0.77,26.957763247112997,0.7465297732931997,82492.94748629373,60067.7940397898,24.112356938543137,0.7670216640247125,83199.73444972835,62621.1139562926,0.6212186706332901,-0.023470226706800327,2492.947486293735,-709.9778798601183,-2.2241876379365664,-0.0029783359752875074,3199.7344497283484,1843.34203664268,,,,,,,0.023332694178721747,-0.012345679012345734,,0.24027785100437604,0.9,0.4050632911392405,0.6375,0.0875,0.19375,0.25625,0.66875,0.525,,0.50625,0.125,0.48333333333333334,0.13541666666666666,0.35,0.4220833333333333,0.3229166666666667,0.3725,73.0,monitor,"Proxy score from public NDIA service-area data. It combines benchmark gaps, utilisation friction, unspent committed funding and provider-activity indicators; it is a triage signal, not proof of unmet need.",supply_response_gap is participant growth minus provider growth; it is not a provider caseload measure.,2025,static 2025 ERP denominator from local processed file; quarterly interpolation unavailable without annual series,derived_from_local_curated_source
2025Q3,2025 Q3,2025-03-31,ndia_service_area,North East Melbourne,North East Melbourne,VIC,Major Cities of Australia,720178.0,,19320.0,,26.82670117665355,,0.018611272209627217,82000.0,,1584240000.0,1191554000.0,61674.637681159424,,1654527.0752508407,0.7521297278190173,392686000.0,20325.36231884058,0.78,27.40732028960876,0.7506086859240299,84432.45028614352,60802.47507148593,24.50313856910154,0.7729322500306646,85141.60084900781,63507.002181182106,0.5806191129552118,-0.029391314075970173,2432.4502861435176,-872.1626096734908,-2.323562607552009,-0.007067749969335466,3141.6008490078093,1832.3645000226825,,,,,,,0.0336423854847272,0.02499999999999991,,0.24787027218098268,0.9,0.4050632911392405,0.625,0.0875,0.2125,0.25625,0.65,0.525,,0.50625,0.1125,0.4770833333333333,0.13749999999999998,0.359375,0.4218749999999999,0.32465277777777773,0.37326388888888884,74.0,monitor,"Proxy score from public NDIA service-area data. It combines benchmark gaps, utilisation friction, unspent committed funding and provider-activity indicators; it is a triage signal, not proof of unmet need.",supply_response_gap is participant growth minus provider growth; it is not a provider caseload measure.,2025,static 2025 ERP denominator from local processed file; quarterly interpolation unavailable without annual series,funded_plan_context_only
2025Q4,2025 Q4,2025-06-30,ndia_service_area,North East Melbourne,North East Melbourne,VIC,Major Cities of Australia,720178.0,,19584.0,,27.193277217576767,,0.013664596273291973,83000.0,,1625472000.0,1232697000.0,62944.08700980392,,1711656.0072648707,0.7583624940940231,392775000.0,20055.912990196077,0.78,27.77839830958376,0.7514285432706143,85151.38506175322,62192.49868267691,24.83518208130649,0.7733698580403464,85996.54571858524,64997.01926820798,0.5851210920069896,-0.02857145672938572,2151.3850617532153,-751.588327127014,-2.358095136270276,-0.0066301419596536,2996.545718585243,2052.9322584040565,,,,,,,0.03452885895225899,0.012195121951219523,,0.24163750590597688,0.9,0.3924050632911392,0.6125,0.1,0.1875,0.26875,0.65625,0.55,,0.50625,0.1125,0.4916666666666667,0.13333333333333333,0.346875,0.4185416666666667,0.32395833333333335,0.37125,72.0,monitor,"Proxy score from public NDIA service-area data. It combines benchmark gaps, utilisation friction, unspent committed funding and provider-activity indicators; it is a triage signal, not proof of unmet need.",supply_response_gap is participant growth minus provider growth; it is not a provider caseload measure.,2025,static 2025 ERP denominator from local processed file; quarterly interpolation unavailable without annual series,funded_plan_context_only
2026Q1,2026 Q1,2025-09-30,ndia_service_area,North East Melbourne,North East Melbourne,VIC,Major Cities of Australia,720178.0,,19902.0,,27.63483472141609,,0.016237745098039325,83000.0,,1651866000.0,1268216000.0,63723.04291026027,,1760975.7587707483,0.7677475049428949,383650000.0,19276.957089739724,0.76,28.253214646769933,0.7386029448813405,85151.81887829916,62709.42778038322,25.249615768421013,0.7599765041363589,86109.56887160339,65613.772509322,0.6183799253538389,-0.021397055118659553,2151.8188782991638,-1013.6151298770492,-2.385218952995082,-2.3495863641187e-05,3109.568871603391,1890.729599061735,,,,,,,0.02881405568440587,0.0,,0.2322524950571051,0.8875,0.3924050632911392,0.625,0.075,0.2,0.26875,0.65,0.55,,0.50625,0.1,0.4895833333333333,0.125,0.353125,0.4131250000000001,0.3225694444444444,0.3678472222222222,74.0,monitor,"Proxy score from public NDIA service-area data. It combines benchmark gaps, utilisation friction, unspent committed funding and provider-activity indicators; it is a triage signal, not proof of unmet need.",supply_response_gap is participant growth minus provider growth; it is not a provider caseload measure.,2025,static 2025 ERP denominator from local processed file; quarterly interpolation unavailable without annual series,funded_plan_context_only
2024Q2,2024 Q2,2023-12-31,ndia_service_area,North East Metro,North East Metro,WA,Inner Regional Australia,390470.0,8483.0,8483.0,21.72510051988629,21.72510051988629,,,89000.0,36700.0,754987000.0,564674000.0,66565.36602616998,66565.36602616998,1446139.2680615669,0.7479254609682021,190313000.0,22434.633973830012,0.77,24.12050932082575,0.774810548394224,79559.82881407744,60116.50993792392,26.8899974718611,0.7630061336695022,76355.8163924701,56667.37290379991,2.3954088009394603,0.0048105483942239855,-9440.171185922562,-6448.856088246066,5.164896951974811,-0.006993866330497838,-12644.183607529907,-9897.993122370077,743.0,1672.0,11.417227456258411,11.417227456258411,87.58693858304845,,,,,0.2520745390317979,0.6125,0.2911392405063291,0.8625,0.6,0.1875,0.8375,0.25625,0.225,0.2,0.50625,0.4,0.4395833333333334,0.3958333333333333,0.29791666666666666,0.5537500000000001,0.37777777777777777,0.4657638888888889,50.0,monitor,"Proxy score from public NDIA service-area data. It combines benchmark gaps, utilisation friction, unspent committed funding and provider-activity indicators; it is a triage signal, not proof of unmet need.",supply_response_gap is participant growth minus provider growth; it is not a provider caseload measure.,2025,static 2025 ERP denominator from local processed file; quarterly interpolation unavailable without annual series,derived_from_local_curated_source
2024Q3,2024 Q3,2024-03-31,ndia_service_area,North East Metro,North East Metro,WA,Inner Regional Australia,390470.0,8764.0,8764.0,22.44474607524266,22.44474607524266,0.033125073676765204,0.033125073676765204,91000.0,37000.0,797524000.0,587799000.0,67069.71702418987,67069.71702418987,1505362.767946321,0.7370298574086799,209725000.0,23930.282975810132,0.77,24.68676284471637,0.7773084731227313,81027.36890354347,60498.99233345409,27.71623599286424,0.7648604023741618,77994.1725121406,56947.80441429636,2.2420167694737074,0.0073084731227312716,-9972.631096456535,-6570.724690735784,5.27148991762158,-0.005139597625838235,-13005.827487859395,-10121.912609893508,,,,,,,0.040952832962027674,0.022471910112359605,,0.2629701425913201,0.6153846153846154,0.2987012987012987,0.8589743589743589,0.6375,0.20625,0.8625,0.2625,0.23125,,0.50625,0.45,0.45208333333333334,0.43124999999999997,0.35624999999999996,0.5798717948717949,0.4131944444444444,0.49653311965811964,41.0,monitor,"Proxy score from public NDIA service-area data. It combines benchmark gaps, utilisation friction, unspent committed funding and provider-activity indicators; it is a triage signal, not proof of unmet need.",supply_response_gap is participant growth minus provider growth; it is not a provider caseload measure.,2025,static 2025 ERP denominator from local processed file; quarterly interpolation unavailable without annual series,derived_from_local_curated_source
2024Q4,2024 Q4,2024-06-30,ndia_service_area,North East Metro,North East Metro,WA,Inner Regional Australia,390470.0,8940.0,8940.0,22.895484928419595,22.895484928419595,0.020082154267457852,0.020082154267457852,91000.0,37000.0,813540000.0,597886000.0,66877.62863534676,66877.62863534676,1531195.7384690244,0.7349189959928215,215654000.0,24122.371364653245,0.78,25.27144981343164,0.7784608418203379,82439.3926044259,61164.480098449734,28.31985586047522,0.7685814728943384,79139.48388848934,57480.02092208034,2.375964885012042,-0.0015391581796620809,-8560.607395574101,-5713.148536897024,5.424370932055624,-0.011418527105661552,-11860.51611151066,-9397.607713266421,,,,,,,0.017160628037815595,0.0,,0.2650810040071785,0.625,0.31645569620253167,0.8125,0.5875,0.2125,0.8375,0.25625,0.225,,0.50625,0.4125,0.4395833333333334,0.4041666666666666,0.359375,0.5577083333333334,0.4010416666666667,0.479375,44.0,monitor,"Proxy score from public NDIA service-area data. It combines benchmark gaps, utilisation friction, unspent committed funding and provider-activity indicators; it is a triage signal, not proof of unmet need.",supply_response_gap is participant growth minus provider growth; it is not a provider caseload measure.,2025,static 2025 ERP denominator from local processed file; quarterly interpolation unavailable without annual series,derived_from_local_curated_source
2025Q1,2025 Q1,2024-09-30,ndia_service_area,North East Metro,North East Metro,WA,Inner Regional Australia,390470.0,9282.0,9282.0,23.771352472661153,23.771352472661157,0.03825503355704707,0.03825503355704707,92000.0,36700.0,853944000.0,620506000.0,66850.46326222798,66850.46326222798,1589125.9251671063,0.7266354702416083,233438000.0,25149.536737772032,0.77,26.153554026565185,0.7601002932313932,82459.7494204458,60716.14056683959,29.378540729741957,0.749585874550338,79082.76206451863,56908.5598208139,2.382201553904032,-0.009899706768606792,-9540.250579554195,-6134.322695388386,5.6071882570808,-0.020414125449662066,-12917.237935481375,-9941.903441414077,,,,,,,0.03783329932462043,0.01098901098901095,,0.27336452975839165,0.625,0.31645569620253167,0.8125,0.6375,0.21875,0.8375,0.25,0.225,,0.50625,0.4375,0.4375,0.43124999999999997,0.3625,0.5737499999999999,0.41041666666666665,0.49208333333333326,40.0,monitor,"Proxy score from public NDIA service-area data. It combines benchmark gaps, utilisation friction, unspent committed funding and provider-activity indicators; it is a triage signal, not proof of unmet need.",supply_response_gap is participant growth minus provider growth; it is not a provider caseload measure.,2025,static 2025 ERP denominator from local processed file; quarterly interpolation unavailable without annual series,derived_from_local_curated_source
2025Q2,2025 Q2,2024-12-31,ndia_service_area,North East Metro,North East Metro,WA,Inner Regional Australia,390470.0,9551.0,9551.0,24.460265833482726,24.46026583348273,0.028980823098470054,0.028980823098470054,93000.0,36800.0,888243000.0,635214000.0,66507.59082818554,66507.59082818554,1626793.3516019157,0.7151353852493068,253029000.0,26492.40917181447,0.75,26.957763247112997,0.7465297732931997,82492.94748629373,60067.7940397898,30.345785307596167,0.7338446519006651,79096.43428753808,56188.57394969421,2.497497413630267,-0.0034702267068003317,-10507.052513706265,-6439.796788395739,5.8855194741134405,-0.01615534809933493,-13903.565712461917,-10319.016878491326,,,,,,,0.02370323574631028,0.010869565217391353,,0.28486461475069325,0.625,0.3037974683544304,0.8125,0.6625,0.19375,0.8375,0.24375,0.21875,,0.50625,0.525,0.43333333333333335,0.4604166666666667,0.35,0.5820833333333334,0.4145833333333333,0.49833333333333335,39.0,monitor,"Proxy score from public NDIA service-area data. It combines benchmark gaps, utilisation friction, unspent committed funding and provider-activity indicators; it is a triage signal, not proof of unmet need.",supply_response_gap is participant growth minus provider growth; it is not a provider caseload measure.,2025,static 2025 ERP denominator from local processed file; quarterly interpolation unavailable without annual series,derived_from_local_curated_source
2025Q3,2025 Q3,2025-03-31,ndia_service_area,North East Metro,North East Metro,WA,Inner Regional Australia,390470.0,,9716.0,,24.88283350833611,,0.017275677939482703,95000.0,,923020000.0,649707000.0,66869.80238781392,,1663910.1595513101,0.7038926567138307,273313000.0,28130.197612186086,0.74,27.40732028960876,0.7506086859240299,84432.45028614352,60802.47507148593,30.943280669707555,0.735953040708486,80949.4227901239,56650.43820079907,2.524486781272653,0.010608685924029828,-10567.549713856482,-6067.327316327988,6.060447161371446,-0.004046959291514014,-14050.577209876094,-10219.36418701485,,,,,,,0.022815932898204494,0.021505376344086002,,0.2961073432861693,0.6375,0.2911392405063291,0.8125,0.6625,0.2125,0.8625,0.25625,0.225,,0.50625,0.4875,0.4479166666666667,0.45416666666666666,0.359375,0.5852083333333333,0.4204861111111111,0.5028472222222222,40.0,monitor,"Proxy score from public NDIA service-area data. It combines benchmark gaps, utilisation friction, unspent committed funding and provider-activity indicators; it is a triage signal, not proof of unmet need.",supply_response_gap is participant growth minus provider growth; it is not a provider caseload measure.,2025,static 2025 ERP denominator from local processed file; quarterly interpolation unavailable without annual series,funded_plan_context_only
2025Q4,2025 Q4,2025-06-30,ndia_service_area,North East Metro,North East Metro,WA,Inner Regional Australia,390470.0,,9862.0,,25.25674187517607,,0.015026759983532312,95000.0,,936890000.0,677920000.0,68740.62056378016,,1736164.1099188158,0.7235854796187386,258970000.0,26259.379436219835,0.74,27.77839830958376,0.7514285432706143,85151.38506175322,62192.49868267691,31.40646420190928,0.7357142727569568,81348.30207161774,57871.566955701484,2.5216564344076886,0.011428543270614284,-9848.614938246785,-6548.121881103252,6.149722326733208,-0.004285727243043169,-13651.697928382258,-10869.053608078677,,,,,,,0.04342418967319106,0.0,,0.27641452038126135,0.6375,0.2911392405063291,0.8125,0.65,0.1875,0.875,0.25,0.21875,,0.50625,0.3875,0.4479166666666667,0.4083333333333334,0.346875,0.5710416666666667,0.4010416666666667,0.4860416666666667,43.0,monitor,"Proxy score from public NDIA service-area data. It combines benchmark gaps, utilisation friction, unspent committed funding and provider-activity indicators; it is a triage signal, not proof of unmet need.",supply_response_gap is participant growth minus provider growth; it is not a provider caseload measure.,2025,static 2025 ERP denominator from local processed file; quarterly interpolation unavailable without annual series,funded_plan_context_only
2026Q1,2026 Q1,2025-09-30,ndia_service_area,North East Metro,North East Metro,WA,Inner Regional Australia,390470.0,,10033.0,,25.694675647296847,,0.017339282092881714,95000.0,,953135000.0,695948000.0,69365.89255456992,,1782334.1101749174,0.7301672900481044,257187000.0,25634.10744543008,0.74,28.253214646769933,0.7386029448813405,85151.81887829916,62709.42778038322,32.03344264863498,0.7233427743146025,81102.38055009648,58210.68357447111,2.558538999473086,-0.0013970551186595508,-9848.181121700836,-6656.464774186694,6.338767001338134,-0.016657225685397493,-13897.61944990352,-11155.208980098803,,,,,,,0.026593108331366633,0.0,,0.26983270995189557,0.6375,0.2911392405063291,0.8125,0.6125,0.2,0.875,0.24375,0.21875,,0.50625,0.3875,0.4458333333333333,0.39999999999999997,0.353125,0.563125,0.3996527777777777,0.48138888888888887,47.0,monitor,"Proxy score from public NDIA service-area data. It combines benchmark gaps, utilisation friction, unspent committed funding and provider-activity indicators; it is a triage signal, not proof of unmet need.",supply_response_gap is participant growth minus provider growth; it is not a provider caseload measure.,2025,static 2025 ERP denominator from local processed file; quarterly interpolation unavailable without annual series,funded_plan_context_only
2024Q2,2024 Q2,2023-12-31,ndia_service_area,North Metro,North Metro,WA,Inner Regional Australia,422742.0,7783.0,7783.0,18.410756442463725,18.410756442463725,,,78000.0,32000.0,607074000.0,440286000.0,56570.217139920336,56570.217139920336,1041500.4896603603,0.7252591941015428,166788000.0,21429.78286007966,0.76,24.12050932082575,0.774810548394224,79559.82881407744,60116.50993792392,26.8899974718611,0.7630061336695022,76355.8163924701,56667.37290379991,5.709752878362025,0.014810548394223987,1559.8288140774384,3546.292798003582,8.479241029397375,0.003006133669502162,-1644.183607529907,97.15576387957117,601.0,1407.0,12.95008319467554,12.95008319467554,77.21958113837852,,,,,0.2747408058984572,0.55,0.12658227848101267,0.4875,0.5375,0.4,0.9375,0.25625,0.4625,0.375,0.50625,0.6,0.5520833333333334,0.5125000000000001,0.4270833333333333,0.5029166666666667,0.49722222222222223,0.5000694444444445,39.0,monitor,"Proxy score from public NDIA service-area data. It combines benchmark gaps, utilisation friction, unspent committed funding and provider-activity indicators; it is a triage signal, not proof of unmet need.",supply_response_gap is participant growth minus provider growth; it is not a provider caseload measure.,2025,static 2025 ERP denominator from local processed file; quarterly interpolation unavailable without annual series,derived_from_local_curated_source
2024Q3,2024 Q3,2024-03-31,ndia_service_area,North Metro,North Metro,WA,Inner Regional Australia,422742.0,8084.0,8084.0,19.122774647420886,19.122774647420886,0.03867403314917128,0.03867403314917128,79000.0,32500.0,638636000.0,452273000.0,55946.68480950025,55946.68480950025,1069855.8458823585,0.7081858836645601,186363000.0,23053.315190499754,0.76,24.68676284471637,0.7773084731227313,81027.36890354347,60498.99233345409,27.71623599286424,0.7648604023741618,77994.1725121406,56947.80441429636,5.56398819729548,0.01730847312273127,2027.3689035434654,4552.3075239538375,8.593461345443352,0.004860402374161766,-1005.8274878593948,1001.119604796113,,,,,,,0.02722548525276758,0.012820512820512775,,0.29181411633543985,0.5512820512820513,0.12987012987012986,0.4358974358974359,0.5875,0.44375,0.9375,0.2625,0.5,,0.50625,0.625,0.5666666666666667,0.5520833333333334,0.475,0.5203525641025641,0.53125,0.5258012820512821,33.0,monitor,"Proxy score from public NDIA service-area data. It combines benchmark gaps, utilisation friction, unspent committed funding and provider-activity indicators; it is a triage signal, not proof of unmet need.",supply_response_gap is participant growth minus provider growth; it is not a provider caseload measure.,2025,static 2025 ERP denominator from local processed file; quarterly interpolation unavailable without annual series,derived_from_local_curated_source
2024Q4,2024 Q4,2024-06-30,ndia_service_area,North Metro,North Metro,WA,Inner Regional Australia,422742.0,8350.0,8350.0,19.752000037848145,19.752000037848145,0.03290450272142498,0.03290450272142498,81000.0,33200.0,676350000.0,472352000.0,56569.10179640719,56569.10179640719,1117352.9008236704,0.6983839727951504,203998000.0,24430.898203592813,0.76,25.27144981343164,0.7784608418203379,82439.3926044259,61164.480098449734,28.31985586047522,0.7685814728943384,79139.48388848934,57480.02092208034,5.519449775583492,0.01846084182033792,1439.3926044258988,4595.378302042547,8.567855822627074,0.008581472894338447,-1860.5161115106603,910.9191256731501,,,,,,,0.0443957521231646,0.025316455696202445,,0.3016160272048496,0.5625,0.13924050632911392,0.4375,0.6125,0.54375,0.9375,0.25625,0.475,,0.50625,0.6375,0.55625,0.5979166666666667,0.5249999999999999,0.5470833333333334,0.5597222222222222,0.5534027777777778,29.0,monitor,"Proxy score from public NDIA service-area data. It combines benchmark gaps, utilisation friction, unspent committed funding and provider-activity indicators; it is a triage signal, not proof of unmet need.",supply_response_gap is participant growth minus provider growth; it is not a provider caseload measure.,2025,static 2025 ERP denominator from local processed file; quarterly interpolation unavailable without annual series,derived_from_local_curated_source
2025Q1,2025 Q1,2024-09-30,ndia_service_area,North Metro,North Metro,WA,Inner Regional Australia,422742.0,8757.0,8757.0,20.71476219538158,20.71476219538158,0.04874251497005977,0.04874251497005977,80000.0,32900.0,700560000.0,484865000.0,55368.84777891972,55368.84777891972,1146952.5147726035,0.6921105972364965,215695000.0,24631.15222108028,0.74,26.153554026565185,0.7601002932313932,82459.7494204458,60716.14056683959,29.378540729741957,0.749585874550338,79082.76206451863,56908.5598208139,5.438791831183604,0.02010029323139321,2459.7494204458053,5347.292787919869,8.663778534360372,0.009585874550337934,-917.2379354813747,1539.7120418941777,,,,,,,0.02649083734164348,-0.012345679012345734,,0.3078894027635035,0.5875,0.16455696202531644,0.4125,0.6,0.58125,0.9375,0.25,0.5,,0.50625,0.675,0.5625,0.61875,0.54375,0.5525,0.575,0.56375,27.0,monitor,"Proxy score from public NDIA service-area data. It combines benchmark gaps, utilisation friction, unspent committed funding and provider-activity indicators; it is a triage signal, not proof of unmet need.",supply_response_gap is participant growth minus provider growth; it is not a provider caseload measure.,2025,static 2025 ERP denominator from local processed file; quarterly interpolation unavailable without annual series,derived_from_local_curated_source
2025Q2,2025 Q2,2024-12-31,ndia_service_area,North Metro,North Metro,WA,Inner Regional Australia,422742.0,9093.0,9093.0,21.509573214868645,21.509573214868645,0.0383693045563549,0.0383693045563549,80000.0,32500.0,727440000.0,501520000.0,55154.51446167382,55154.51446167382,1186350.0669439042,0.6894314307709227,225920000.0,24845.485538326186,0.72,26.957763247112997,0.7465297732931997,82492.94748629373,60067.7940397898,30.345785307596167,0.7338446519006651,79096.43428753808,56188.57394969421,5.448190032244348,0.02652977329319967,2492.947486293735,4913.27957811598,8.836212092727521,0.01384465190066507,-903.5657124619174,1034.0594880203935,,,,,,,0.03434976746104579,0.0,,0.3105685692290773,0.6,0.17721518987341772,0.4125,0.6,0.575,0.9375,0.24375,0.475,,0.50625,0.625,0.5520833333333334,0.6,0.5406249999999999,0.5506249999999999,0.564236111111111,0.5574305555555554,26.0,monitor,"Proxy score from public NDIA service-area data. It combines benchmark gaps, utilisation friction, unspent committed funding and provider-activity indicators; it is a triage signal, not proof of unmet need.",supply_response_gap is participant growth minus provider growth; it is not a provider caseload measure.,2025,static 2025 ERP denominator from local processed file; quarterly interpolation unavailable without annual series,derived_from_local_curated_source
2025Q3,2025 Q3,2025-03-31,ndia_service_area,North Metro,North Metro,WA,Inner Regional Australia,422742.0,,9353.0,,22.124605551376487,,0.028593423512592198,82000.0,,766946000.0,522255000.0,55838.23372180049,,1235398.8957804053,0.6809540697780547,244691000.0,26161.76627819951,0.73,27.40732028960876,0.7506086859240299,84432.45028614352,60802.47507148593,30.943280669707555,0.735953040708486,80949.4227901239,56650.43820079907,5.282714738232276,0.020608685924029826,2432.4502861435176,4964.241349685442,8.818675118331068,0.005953040708485986,-1050.5772098760935,812.2044789985812,,,,,,,0.04134431328760568,0.02499999999999991,,0.3190459302219453,0.6,0.16455696202531644,0.425,0.6125,0.5,0.9125,0.25625,0.475,,0.50625,0.625,0.5479166666666666,0.5791666666666667,0.503125,0.5439583333333333,0.5434027777777778,0.5436805555555555,27.0,monitor,"Proxy score from public NDIA service-area data. It combines benchmark gaps, utilisation friction, unspent committed funding and provider-activity indicators; it is a triage signal, not proof of unmet need.",supply_response_gap is participant growth minus provider growth; it is not a provider caseload measure.,2025,static 2025 ERP denominator from local processed file; quarterly interpolation unavailable without annual series,funded_plan_context_only
2025Q4,2025 Q4,2025-06-30,ndia_service_area,North Metro,North Metro,WA,Inner Regional Australia,422742.0,,9521.0,,22.522011061120025,,0.01796215118143918,82000.0,,780722000.0,544413000.0,57180.23316878479,,1287813.843904793,0.6973199166924975,236309000.0,24819.76683121521,0.74,27.77839830958376,0.7514285432706143,85151.38506175322,62192.49868267691,31.40646420190928,0.7357142727569568,81348.30207161774,57871.566955701484,5.256387248463735,0.011428543270614284,3151.3850617532153,5012.265513892118,8.884453140789255,-0.004285727243043169,-651.6979283822584,691.3337869166935,,,,,,,0.04242754976017471,0.0,,0.3026800833075025,0.6125,0.16455696202531644,0.425,0.5125,0.1875,0.9125,0.25,0.475,,0.50625,0.5875,0.5458333333333334,0.4291666666666667,0.346875,0.46520833333333333,0.44062500000000004,0.4529166666666667,56.0,monitor,"Proxy score from public NDIA service-area data. It combines benchmark gaps, utilisation friction, unspent committed funding and provider-activity indicators; it is a triage signal, not proof of unmet need.",supply_response_gap is participant growth minus provider growth; it is not a provider caseload measure.,2025,static 2025 ERP denominator from local processed file; quarterly interpolation unavailable without annual series,funded_plan_context_only
2026Q1,2026 Q1,2025-09-30,ndia_service_area,North Metro,North Metro,WA,Inner Regional Australia,422742.0,,9790.0,,23.158332978506984,,0.02825333473374636,82000.0,,802780000.0,564526000.0,57663.5342185904,,1335391.3261516478,0.7032138319340292,238254000.0,24336.465781409603,0.71,28.253214646769933,0.7386029448813405,85151.81887829916,62709.42778038322,32.03344264863498,0.7233427743146025,81102.38055009648,58210.68357447111,5.09488166826295,0.02860294488134045,3151.8188782991638,5045.893561792822,8.875109670127998,0.013342774314602507,-897.6194499035191,547.1493558807124,,,,,,,0.03694437862431643,0.0,,0.2967861680659708,0.6125,0.16455696202531644,0.4125,0.525,0.54375,0.9125,0.24375,0.45,,0.50625,0.5875,0.5354166666666667,0.5520833333333334,0.5249999999999999,0.5254166666666666,0.5375,0.5314583333333334,33.0,monitor,"Proxy score from public NDIA service-area data. It combines benchmark gaps, utilisation friction, unspent committed funding and provider-activity indicators; it is a triage signal, not proof of unmet need.",supply_response_gap is participant growth minus provider growth; it is not a provider caseload measure.,2025,static 2025 ERP denominator from local processed file; quarterly interpolation unavailable without annual series,funded_plan_context_only
2024Q2,2024 Q2,2023-12-31,ndia_service_area,North Sydney,North Sydney,NSW,Major Cities of Australia,939051.0,13214.0,13216.0,14.07165319029531,14.073783000071348,,,89000.0,30100.0,1176224000.0,931810000.0,70506.20460048426,70516.87604056305,992289.0237058478,0.7922045460728568,244414000.0,18493.795399515737,0.81,24.12050932082575,0.774810548394224,79559.82881407744,60116.50993792392,21.54075115403415,0.7958582408716173,80400.51139569166,62712.29290901039,10.046726320754402,-0.03518945160577601,-9440.171185922562,-10389.694662560338,7.466968153962803,-0.014141759128382746,-8599.488604308339,-7793.911691473862,983.0,2878.0,13.444557477110886,13.442522889114954,74.37953995157386,,,,,0.20779545392714316,0.8375,0.02531645569620253,0.9125,0.25,0.1875,0.9125,0.25625,0.225,0.4375,0.50625,0.0625,0.46458333333333335,0.16666666666666666,0.3770833333333334,0.50875,0.3361111111111111,0.42243055555555553,64.0,monitor,"Proxy score from public NDIA service-area data. It combines benchmark gaps, utilisation friction, unspent committed funding and provider-activity indicators; it is a triage signal, not proof of unmet need.",supply_response_gap is participant growth minus provider growth; it is not a provider caseload measure.,2025,static 2025 ERP denominator from local processed file; quarterly interpolation unavailable without annual series,derived_from_local_curated_source
2024Q3,2024 Q3,2024-03-31,ndia_service_area,North Sydney,North Sydney,NSW,Major Cities of Australia,939051.0,13543.0,13543.0,14.422006898453864,14.422006898453864,0.024897835628878484,0.024742736077481897,90000.0,30300.0,1218870000.0,951113000.0,70229.12205567452,70229.12205567452,1012844.8827592963,0.7803235783963836,267757000.0,19770.877944325483,0.81,24.68676284471637,0.7773084731227313,81027.36890354347,60498.99233345409,22.15635799622129,0.7987044245491112,81921.83021338335,63196.969696969696,10.264755946262502,-0.03269152687726873,-8972.631096456535,-9730.129722220438,7.734351097767428,-0.011295575450888861,-8078.1697866166505,-7032.152358704829,,,,,,,0.020715596527189017,0.011235955056179803,,0.21967642160361645,0.8333333333333334,0.025974025974025976,0.9102564102564102,0.2875,0.20625,0.925,0.2625,0.23125,,0.50625,0.125,0.47291666666666665,0.20624999999999996,0.35624999999999996,0.5187179487179487,0.34513888888888883,0.4319284188034188,57.0,monitor,"Proxy score from public NDIA service-area data. It combines benchmark gaps, utilisation friction, unspent committed funding and provider-activity indicators; it is a triage signal, not proof of unmet need.",supply_response_gap is participant growth minus provider growth; it is not a provider caseload measure.,2025,static 2025 ERP denominator from local processed file; quarterly interpolation unavailable without annual series,derived_from_local_curated_source
2024Q4,2024 Q4,2024-06-30,ndia_service_area,North Sydney,North Sydney,NSW,Major Cities of Australia,939051.0,13756.0,13756.0,14.648831639602108,14.648831639602108,0.015727682197445247,0.015727682197445247,91000.0,30500.0,1251796000.0,964086000.0,70084.76301250364,70084.76301250364,1026659.8938715787,0.7701622309066334,287710000.0,20915.236987496366,0.81,25.27144981343164,0.7784608418203379,82439.3926044259,61164.480098449734,22.563669931499856,0.7973695351274968,83207.46100966579,63732.73450666296,10.62261817382953,-0.03153915817966208,-8560.607395574101,-8920.282914053903,7.914838291897748,-0.012630464872503211,-7792.538990334215,-6352.028505840681,,,,,,,0.013639809360191713,0.011111111111111072,,0.22983776909336662,0.8375,0.02531645569620253,0.9,0.2875,0.2125,0.9125,0.25625,0.225,,0.50625,0.125,0.46458333333333335,0.20833333333333334,0.359375,0.5185416666666667,0.3440972222222222,0.4313194444444445,58.0,monitor,"Proxy score from public NDIA service-area data. It combines benchmark gaps, utilisation friction, unspent committed funding and provider-activity indicators; it is a triage signal, not proof of unmet need.",supply_response_gap is participant growth minus provider growth; it is not a provider caseload measure.,2025,static 2025 ERP denominator from local processed file; quarterly interpolation unavailable without annual series,derived_from_local_curated_source
2025Q1,2025 Q1,2024-09-30,ndia_service_area,North Sydney,North Sydney,NSW,Major Cities of Australia,939051.0,14108.0,14108.0,15.023678160185122,15.023678160185122,0.025588833963361424,0.025588833963361424,91000.0,30100.0,1283828000.0,990000000.0,70172.95151686986,70172.95151686986,1054255.8391397272,0.7711313353502183,293828000.0,20827.04848313014,0.79,26.153554026565185,0.7601002932313932,82459.7494204458,60716.14056683959,23.368427888963133,0.777901017449582,83196.99210700695,63287.15620185708,11.129875866380065,-0.02989970676860679,-8540.250579554195,-9456.810950030267,8.34474972877801,-0.012098982550418072,-7803.007892993046,-6885.79531501278,,,,,,,0.026879344788742987,0.0,,0.22886866464978173,0.8375,0.02531645569620253,0.9,0.2625,0.21875,0.9125,0.25,0.225,,0.50625,0.125,0.4625000000000001,0.2020833333333333,0.3625,0.5129166666666667,0.3423611111111111,0.4276388888888889,57.0,monitor,"Proxy score from public NDIA service-area data. It combines benchmark gaps, utilisation friction, unspent committed funding and provider-activity indicators; it is a triage signal, not proof of unmet need.",supply_response_gap is participant growth minus provider growth; it is not a provider caseload measure.,2025,static 2025 ERP denominator from local processed file; quarterly interpolation unavailable without annual series,derived_from_local_curated_source
2025Q2,2025 Q2,2024-12-31,ndia_service_area,North Sydney,North Sydney,NSW,Major Cities of Australia,939051.0,14460.0,14460.0,15.398524680768137,15.398524680768135,0.024950382761553813,0.024950382761553813,91000.0,30000.0,1315860000.0,1000402000.0,69184.09405255878,69184.09405255878,1065332.9797849106,0.7602647698083382,315458000.0,21815.905947441217,0.78,26.957763247112997,0.7465297732931997,82492.94748629373,60067.7940397898,24.112356938543137,0.7670216640247125,83199.73444972835,62621.1139562926,11.559238566344856,-0.033470226706800325,-8507.052513706265,-9116.300012768981,8.713832257775,-0.012978335975287508,-7800.265550271652,-6562.980096266183,,,,,,,0.010507070707070687,0.0,,0.23973523019166176,0.8375,0.02531645569620253,0.8875,0.3,0.19375,0.925,0.24375,0.21875,,0.50625,0.1125,0.46249999999999997,0.20208333333333336,0.35,0.5154166666666666,0.33819444444444446,0.42680555555555555,61.0,monitor,"Proxy score from public NDIA service-area data. It combines benchmark gaps, utilisation friction, unspent committed funding and provider-activity indicators; it is a triage signal, not proof of unmet need.",supply_response_gap is participant growth minus provider growth; it is not a provider caseload measure.,2025,static 2025 ERP denominator from local processed file; quarterly interpolation unavailable without annual series,derived_from_local_curated_source
2025Q3,2025 Q3,2025-03-31,ndia_service_area,North Sydney,North Sydney,NSW,Major Cities of Australia,939051.0,,14604.0,,15.551870984643006,,0.009958506224066355,92000.0,,1343568000.0,1032420000.0,70694.33032046015,,1099429.1044895325,0.768416633918045,311148000.0,21305.669679539853,0.79,27.40732028960876,0.7506086859240299,84432.45028614352,60802.47507148593,24.50313856910154,0.7729322500306646,85141.60084900781,63507.002181182106,11.855449304965756,-0.03939131407597017,-7567.549713856482,-9891.855248974221,8.951267584458535,-0.017067749969335466,-6858.399150992191,-7187.328139278048,,,,,,,0.03200513393615756,0.01098901098901095,,0.23158336608195496,0.8375,0.02531645569620253,0.9,0.1125,0.2125,0.9375,0.25625,0.225,,0.50625,0.0375,0.4729166666666667,0.12083333333333333,0.359375,0.46604166666666663,0.3177083333333333,0.391875,70.0,monitor,"Proxy score from public NDIA service-area data. It combines benchmark gaps, utilisation friction, unspent committed funding and provider-activity indicators; it is a triage signal, not proof of unmet need.",supply_response_gap is participant growth minus provider growth; it is not a provider caseload measure.,2025,static 2025 ERP denominator from local processed file; quarterly interpolation unavailable without annual series,funded_plan_context_only
2025Q4,2025 Q4,2025-06-30,ndia_service_area,North Sydney,North Sydney,NSW,Major Cities of Australia,939051.0,,14880.0,,15.845784733736508,,0.01889893179950697,92000.0,,1368960000.0,1074593000.0,72217.27150537634,,1144339.338331997,0.7849703424497428,294367000.0,19782.728494623654,0.79,27.77839830958376,0.7514285432706143,85151.38506175322,62192.49868267691,24.83518208130649,0.7733698580403464,85996.54571858524,64997.01926820798,11.932613575847247,-0.03857145672938572,-6848.614938246785,-10024.77282269943,8.989397347569984,-0.0166301419596536,-6003.454281414757,-7220.252237168359,,,,,,,0.04084868561244459,0.0,,0.21502965755025716,0.8375,0.02531645569620253,0.875,0.0875,0.1875,0.925,0.25,0.21875,,0.50625,0.0375,0.46458333333333335,0.10416666666666667,0.346875,0.4502083333333333,0.3052083333333333,0.3777083333333333,71.0,monitor,"Proxy score from public NDIA service-area data. It combines benchmark gaps, utilisation friction, unspent committed funding and provider-activity indicators; it is a triage signal, not proof of unmet need.",supply_response_gap is participant growth minus provider growth; it is not a provider caseload measure.,2025,static 2025 ERP denominator from local processed file; quarterly interpolation unavailable without annual series,funded_plan_context_only
2026Q1,2026 Q1,2025-09-30,ndia_service_area,North Sydney,North Sydney,NSW,Major Cities of Australia,939051.0,,15116.0,,16.09710228730921,,0.01586021505376345,92000.0,,1390672000.0,1089012000.0,72043.6623445356,,1159694.2019123563,0.7830832863536478,301660000.0,19956.33765546441,0.78,28.253214646769933,0.7386029448813405,85151.81887829916,62709.42778038322,25.249615768421013,0.7599765041363589,86109.56887160339,65613.772509322,12.156112359460725,-0.04139705511865955,-6848.181121700836,-9334.234564152372,9.152513481111804,-0.02002349586364119,-5890.431128396609,-6429.8898352135875,,,,,,,0.013418103412175642,0.0,,0.21691671364635223,0.8375,0.02531645569620253,0.875,0.1125,0.2,0.925,0.24375,0.21875,,0.50625,0.05,0.46249999999999997,0.12083333333333333,0.353125,0.45979166666666665,0.3121527777777778,0.3859722222222222,64.0,monitor,"Proxy score from public NDIA service-area data. It combines benchmark gaps, utilisation friction, unspent committed funding and provider-activity indicators; it is a triage signal, not proof of unmet need.",supply_response_gap is participant growth minus provider growth; it is not a provider caseload measure.,2025,static 2025 ERP denominator from local processed file; quarterly interpolation unavailable without annual series,funded_plan_context_only
2024Q2,2024 Q2,2023-12-31,ndia_service_area,Northern Adelaide,Northern Adelaide,SA,Major Cities of Australia,514951.0,19312.0,19312.0,37.502597334503676,37.50259733450368,,,80000.0,26800.0,1544960000.0,1210514000.0,62681.959403479705,62681.959403479705,2350736.283646405,0.7835244925434963,334446000.0,17318.0405965203,0.8,24.12050932082575,0.774810548394224,79559.82881407744,60116.50993792392,21.54075115403415,0.7958582408716173,80400.51139569166,62712.29290901039,-13.382088013677926,-0.02518945160577601,-440.17118592256156,-2565.4494655557864,-15.961846180469523,-0.004141759128382745,400.51139569166116,30.333505530688853,757.0,2187.0,25.5112285336856,25.5112285336856,39.198425849212924,,,,,0.21647550745650368,0.9375,0.9873417721518988,0.7125,0.125,0.1875,0.24375,0.51875,0.45,1.0,0.50625,0.1,0.40416666666666673,0.13749999999999998,0.5645833333333333,0.49541666666666667,0.3687500000000001,0.4320833333333334,61.0,monitor,"Proxy score from public NDIA service-area data. It combines benchmark gaps, utilisation friction, unspent committed funding and provider-activity indicators; it is a triage signal, not proof of unmet need.",supply_response_gap is participant growth minus provider growth; it is not a provider caseload measure.,2025,static 2025 ERP denominator from local processed file; quarterly interpolation unavailable without annual series,derived_from_local_curated_source
2024Q3,2024 Q3,2024-03-31,ndia_service_area,Northern Adelaide,Northern Adelaide,SA,Major Cities of Australia,514951.0,19754.0,19754.0,38.36093142842717,38.36093142842717,0.022887323943661997,0.022887323943661997,82000.0,27600.0,1619828000.0,1281946000.0,64895.514832439,64895.514832439,2489452.3944996707,0.7914087174687683,337882000.0,17104.485167561,0.81,24.68676284471637,0.7773084731227313,81027.36890354347,60498.99233345409,22.15635799622129,0.7987044245491112,81921.83021338335,63196.969696969696,-13.674168583710806,-0.03269152687726873,-972.6310964565346,-4396.522498984916,-16.20457343220588,-0.011295575450888861,-78.16978661665053,-1698.5451354693068,,,,,,,0.05900964383724605,0.02499999999999991,,0.20859128253123171,0.9358974358974359,0.987012987012987,0.7435897435897436,0.1125,0.20625,0.26875,0.2625,0.23125,,0.50625,0.0625,0.25416666666666665,0.12708333333333333,0.35624999999999996,0.45506410256410257,0.24583333333333332,0.35044871794871796,77.0,monitor,"Proxy score from public NDIA service-area data. It combines benchmark gaps, utilisation friction, unspent committed funding and provider-activity indicators; it is a triage signal, not proof of unmet need.",supply_response_gap is participant growth minus provider growth; it is not a provider caseload measure.,2025,static 2025 ERP denominator from local processed file; quarterly interpolation unavailable without annual series,derived_from_local_curated_source
2024Q4,2024 Q4,2024-06-30,ndia_service_area,Northern Adelaide,Northern Adelaide,SA,Major Cities of Australia,514951.0,20059.0,20059.0,38.953220791881165,38.953220791881165,0.01543991090412078,0.01543991090412078,84000.0,28600.0,1684956000.0,1318425000.0,65727.35430480084,65727.35430480084,2560292.144301108,0.7824685036285814,366531000.0,18272.645695199164,0.8,25.27144981343164,0.7784608418203379,82439.3926044259,61164.480098449734,22.563669931499856,0.7973695351274968,83207.46100966579,63732.73450666296,-13.681770978449528,-0.02153915817966208,-1560.6073955741012,-4562.874206351109,-16.38955086038131,-0.002630464872503211,-792.5389903342148,-1994.6197981378864,,,,,,,0.02845595680317259,0.024390243902439046,,0.21753149637141855,0.9375,0.9873417721518988,0.75,0.0875,0.2125,0.25625,0.25625,0.225,,0.50625,0.0375,0.24583333333333332,0.11249999999999999,0.359375,0.44937499999999997,0.2392361111111111,0.34430555555555553,79.0,monitor,"Proxy score from public NDIA service-area data. It combines benchmark gaps, utilisation friction, unspent committed funding and provider-activity indicators; it is a triage signal, not proof of unmet need.",supply_response_gap is participant growth minus provider growth; it is not a provider caseload measure.,2025,static 2025 ERP denominator from local processed file; quarterly interpolation unavailable without annual series,derived_from_local_curated_source
2025Q1,2025 Q1,2024-09-30,ndia_service_area,Northern Adelaide,Northern Adelaide,SA,Major Cities of Australia,514951.0,20657.0,20657.0,40.11449633071885,40.11449633071885,0.029812054439403823,0.029812054439403823,85000.0,29100.0,1755845000.0,1354272000.0,65559.95546303916,65559.95546303916,2629904.5928641753,0.7712935936828137,401573000.0,19440.044536960835,0.78,26.153554026565185,0.7601002932313932,82459.7494204458,60716.14056683959,23.368427888963133,0.777901017449582,83196.99210700695,63287.15620185708,-13.960942304153663,-0.019899706768606792,-2540.2505795541947,-4843.814896199576,-16.746068441755718,-0.002098982550418071,-1803.007892993046,-2272.7992611820882,,,,,,,0.027189259912395514,0.011904761904761862,,0.2287064063171863,0.9375,0.9873417721518988,0.75,0.1,0.21875,0.25625,0.25,0.225,,0.50625,0.1125,0.24375,0.14375,0.3625,0.45875000000000005,0.25,0.354375,78.0,monitor,"Proxy score from public NDIA service-area data. It combines benchmark gaps, utilisation friction, unspent committed funding and provider-activity indicators; it is a triage signal, not proof of unmet need.",supply_response_gap is participant growth minus provider growth; it is not a provider caseload measure.,2025,static 2025 ERP denominator from local processed file; quarterly interpolation unavailable without annual series,derived_from_local_curated_source
2025Q2,2025 Q2,2024-12-31,ndia_service_area,Northern Adelaide,Northern Adelaide,SA,Major Cities of Australia,514951.0,21221.0,21221.0,41.20974617002395,41.20974617002395,0.027303093382388566,0.027303093382388566,86000.0,29400.0,1825006000.0,1388579000.0,65434.1925451204,65434.1925451204,2696526.4656248847,0.7608627040130279,436427000.0,20565.8074548796,0.76,26.957763247112997,0.7465297732931997,82492.94748629373,60067.7940397898,24.112356938543137,0.7670216640247125,83199.73444972835,62621.1139562926,-14.251982922910956,-0.013470226706800332,-3507.052513706265,-5366.398505330602,-17.09738923148081,0.007021664024712493,-2800.2655502716516,-2813.078588827804,,,,,,,0.025332429526712552,0.0117647058823529,,0.2391372959869721,0.9375,0.9873417721518988,0.7875,0.15,0.5,0.25625,0.24375,0.21875,,0.50625,0.1,0.23958333333333334,0.25,0.503125,0.525625,0.3309027777777778,0.4282638888888889,60.0,monitor,"Proxy score from public NDIA service-area data. It combines benchmark gaps, utilisation friction, unspent committed funding and provider-activity indicators; it is a triage signal, not proof of unmet need.",supply_response_gap is participant growth minus provider growth; it is not a provider caseload measure.,2025,static 2025 ERP denominator from local processed file; quarterly interpolation unavailable without annual series,derived_from_local_curated_source
2025Q3,2025 Q3,2025-03-31,ndia_service_area,Northern Adelaide,Northern Adelaide,SA,Major Cities of Australia,514951.0,,21612.0,,41.969041714648576,,0.018425144903633228,88000.0,,1901856000.0,1419690000.0,65689.89450305386,,2756941.922629532,0.7464760738983393,482166000.0,22310.10549694614,0.77,27.40732028960876,0.7506086859240299,84432.45028614352,60802.47507148593,24.50313856910154,0.7729322500306646,85141.60084900781,63507.002181182106,-14.561721425039812,-0.019391314075970167,-3567.5497138564824,-4887.419431567927,-17.465903145547035,0.002932250030664534,-2858.3991509921907,-2182.8923218717537,,,,,,,0.02240491898552399,0.023255813953488413,,0.25352392610166075,0.9375,0.9873417721518988,0.775,0.225,0.44375,0.25625,0.25625,0.225,,0.50625,0.1375,0.24583333333333332,0.26875,0.475,0.53625,0.3298611111111111,0.4330555555555555,58.0,monitor,"Proxy score from public NDIA service-area data. It combines benchmark gaps, utilisation friction, unspent committed funding and provider-activity indicators; it is a triage signal, not proof of unmet need.",supply_response_gap is participant growth minus provider growth; it is not a provider caseload measure.,2025,static 2025 ERP denominator from local processed file; quarterly interpolation unavailable without annual series,funded_plan_context_only
2025Q4,2025 Q4,2025-06-30,ndia_service_area,Northern Adelaide,Northern Adelaide,SA,Major Cities of Australia,514951.0,,22100.0,,42.91670469617498,,0.02258004812141401,88000.0,,1944800000.0,1484657000.0,67179.04977375566,,2883103.440909912,0.763398292883587,460143000.0,20820.950226244346,0.77,27.77839830958376,0.7514285432706143,85151.38506175322,62192.49868267691,24.83518208130649,0.7733698580403464,85996.54571858524,64997.01926820798,-15.138306386591225,-0.01857145672938572,-2848.6149382467847,-4986.551091078749,-18.08152261486849,0.0033698580403464,-2003.4542814147571,-2182.0305055476783,,,,,,,0.045761398615190574,0.0,,0.23660170711641304,0.9375,0.9873417721518988,0.775,0.15,0.4125,0.26875,0.25,0.21875,,0.50625,0.1,0.24583333333333335,0.22083333333333333,0.459375,0.5085416666666667,0.30868055555555557,0.40861111111111115,65.0,monitor,"Proxy score from public NDIA service-area data. It combines benchmark gaps, utilisation friction, unspent committed funding and provider-activity indicators; it is a triage signal, not proof of unmet need.",supply_response_gap is participant growth minus provider growth; it is not a provider caseload measure.,2025,static 2025 ERP denominator from local processed file; quarterly interpolation unavailable without annual series,funded_plan_context_only
2026Q1,2026 Q1,2025-09-30,ndia_service_area,Northern Adelaide,Northern Adelaide,SA,Major Cities of Australia,514951.0,,22444.0,,43.58472942085752,,0.015565610859728407,89000.0,,1997516000.0,1523746000.0,67891.01764391374,,2959011.634116644,0.7628204229653229,473770000.0,21108.98235608626,0.76,28.253214646769933,0.7386029448813405,85151.81887829916,62709.42778038322,25.249615768421013,0.7599765041363589,86109.56887160339,65613.772509322,-15.331514774087587,-0.021397055118659553,-3848.1811217008362,-5181.58986353052,-18.335113652436508,-2.3495863641187e-05,-2890.431128396609,-2277.245134591736,,,,,,,0.026328640217908816,0.011363636363636465,,0.23717957703467707,0.9375,0.9873417721518988,0.7625,0.2,0.2,0.26875,0.24375,0.21875,,0.50625,0.1125,0.24375,0.17083333333333336,0.353125,0.48479166666666673,0.2559027777777778,0.37034722222222227,72.0,monitor,"Proxy score from public NDIA service-area data. It combines benchmark gaps, utilisation friction, unspent committed funding and provider-activity indicators; it is a triage signal, not proof of unmet need.",supply_response_gap is participant growth minus provider growth; it is not a provider caseload measure.,2025,static 2025 ERP denominator from local processed file; quarterly interpolation unavailable without annual series,funded_plan_context_only
2024Q2,2024 Q2,2023-12-31,ndia_service_area,Northern NSW,Northern NSW,NSW,Inner Regional Australia,322698.0,9453.0,9453.0,29.293642972686538,29.293642972686538,,,81000.0,36600.0,765693000.0,577546000.0,61096.58309531365,61096.583095313654,1789741.4920451941,0.7542788036458477,188147000.0,19903.416904686343,0.77,24.12050932082575,0.774810548394224,79559.82881407744,60116.50993792392,26.8899974718611,0.7630061336695022,76355.8163924701,56667.37290379991,-5.173133651860788,0.0048105483942239855,-1440.1711859225616,-980.0731573897283,-2.403645500825437,-0.006993866330497838,-4644.183607529907,-4429.210191513739,455.0,1884.0,20.775824175824177,20.775824175824177,48.13286787263302,,,,,0.24572119635415235,0.675,0.7088607594936709,0.65,0.4125,0.1875,0.24375,0.25625,0.225,0.9125,0.50625,0.375,0.24166666666666667,0.325,0.5354166666666667,0.5195833333333334,0.3673611111111111,0.44347222222222227,59.0,monitor,"Proxy score from public NDIA service-area data. It combines benchmark gaps, utilisation friction, unspent committed funding and provider-activity indicators; it is a triage signal, not proof of unmet need.",supply_response_gap is participant growth minus provider growth; it is not a provider caseload measure.,2025,static 2025 ERP denominator from local processed file; quarterly interpolation unavailable without annual series,derived_from_local_curated_source
2024Q3,2024 Q3,2024-03-31,ndia_service_area,Northern NSW,Northern NSW,NSW,Inner Regional Australia,322698.0,9727.0,9727.0,30.142734073344116,30.14273407334412,0.02898550724637672,0.02898550724637672,82000.0,37300.0,797614000.0,597143000.0,61390.25393235324,61390.25393235324,1850470.0989779916,0.748661633321381,200471000.0,20609.746067646756,0.78,24.68676284471637,0.7773084731227313,81027.36890354347,60498.99233345409,27.71623599286424,0.7648604023741618,77994.1725121406,56947.80441429636,-5.4559712286277495,-0.002691526877268728,-972.6310964565346,-891.2615988991529,-2.426498080479877,-0.015139597625838237,-4005.8274878593948,-4442.449518056877,,,,,,,0.0339314963656574,0.012345679012345734,,0.251338366678619,0.6666666666666666,0.7012987012987013,0.6538461538461539,0.375,0.20625,0.26875,0.2625,0.23125,,0.50625,0.3375,0.25416666666666665,0.30625,0.35624999999999996,0.4716025641025642,0.3055555555555555,0.3885790598290598,66.0,monitor,"Proxy score from public NDIA service-area data. It combines benchmark gaps, utilisation friction, unspent committed funding and provider-activity indicators; it is a triage signal, not proof of unmet need.",supply_response_gap is participant growth minus provider growth; it is not a provider caseload measure.,2025,static 2025 ERP denominator from local processed file; quarterly interpolation unavailable without annual series,derived_from_local_curated_source
2024Q4,2024 Q4,2024-06-30,ndia_service_area,Northern NSW,Northern NSW,NSW,Inner Regional Australia,322698.0,9931.0,9931.0,30.774904089892097,30.774904089892097,0.020972550632260667,0.020972550632260667,83000.0,38100.0,824273000.0,612350000.0,61660.45715436512,61660.45715436512,1897594.6550644876,0.7428970741489773,211923000.0,21339.54284563488,0.78,25.27144981343164,0.7784608418203379,82439.3926044259,61164.480098449734,28.31985586047522,0.7685814728943384,79139.48388848934,57480.02092208034,-5.50345427646046,-0.0015391581796620809,-560.6073955741012,-495.97705591538397,-2.455048229416878,-0.011418527105661552,-3860.5161115106603,-4180.436232284781,,,,,,,0.02546626185017664,0.012195121951219523,,0.2571029258510227,0.675,0.7088607594936709,0.65,0.3875,0.2125,0.25625,0.25625,0.225,,0.50625,0.3125,0.24583333333333332,0.30416666666666664,0.359375,0.4752083333333334,0.303125,0.38916666666666666,66.0,monitor,"Proxy score from public NDIA service-area data. It combines benchmark gaps, utilisation friction, unspent committed funding and provider-activity indicators; it is a triage signal, not proof of unmet need.",supply_response_gap is participant growth minus provider growth; it is not a provider caseload measure.,2025,static 2025 ERP denominator from local processed file; quarterly interpolation unavailable without annual series,derived_from_local_curated_source
2025Q1,2025 Q1,2024-09-30,ndia_service_area,Northern NSW,Northern NSW,NSW,Inner Regional Australia,322698.0,10277.0,10277.0,31.847114019919555,31.847114019919555,0.03484039875138456,0.03484039875138456,83000.0,37700.0,852991000.0,625949000.0,60907.75518147319,60907.75518147319,1939736.2239617228,0.7338283756803999,227042000.0,22092.244818526808,0.76,26.153554026565185,0.7601002932313932,82459.7494204458,60716.14056683959,29.378540729741957,0.749585874550338,79082.76206451863,56908.5598208139,-5.69355999335437,0.000100293231393209,-540.2505795541947,-191.6146146336032,-2.468573290177602,-0.010414125449662066,-3917.2379354813747,-3999.1953606592942,,,,,,,0.02220788764595416,0.0,,0.26617162431960006,0.6625,0.6962025316455697,0.6375,0.4375,0.21875,0.25625,0.25,0.225,,0.50625,0.3625,0.24375,0.33958333333333335,0.3625,0.48791666666666667,0.31527777777777777,0.4015972222222222,64.0,monitor,"Proxy score from public NDIA service-area data. It combines benchmark gaps, utilisation friction, unspent committed funding and provider-activity indicators; it is a triage signal, not proof of unmet need.",supply_response_gap is participant growth minus provider growth; it is not a provider caseload measure.,2025,static 2025 ERP denominator from local processed file; quarterly interpolation unavailable without annual series,derived_from_local_curated_source
2025Q2,2025 Q2,2024-12-31,ndia_service_area,Northern NSW,Northern NSW,NSW,Inner Regional Australia,322698.0,10583.0,10583.0,32.79536904474152,32.79536904474152,0.029775226233336616,0.029775226233336616,84000.0,37000.0,888972000.0,632776000.0,59791.741472172354,59791.741472172354,1960892.227407669,0.7118064460972899,256196000.0,24208.25852782765,0.73,26.957763247112997,0.7465297732931997,82492.94748629373,60067.7940397898,30.345785307596167,0.7338446519006651,79096.43428753808,56188.57394969421,-5.837605797628527,0.016529773293199667,-1507.052513706265,276.05256761744386,-2.4495837371453533,0.0038446519006650696,-4903.565712461917,-3603.167522478143,,,,,,,0.010906639358797543,0.012048192771084265,,0.28819355390271006,0.6625,0.6962025316455697,0.55,0.5375,0.41875,0.25625,0.24375,0.21875,,0.50625,0.5375,0.23958333333333334,0.4979166666666666,0.4625,0.5420833333333334,0.39999999999999997,0.4710416666666667,48.0,monitor,"Proxy score from public NDIA service-area data. It combines benchmark gaps, utilisation friction, unspent committed funding and provider-activity indicators; it is a triage signal, not proof of unmet need.",supply_response_gap is participant growth minus provider growth; it is not a provider caseload measure.,2025,static 2025 ERP denominator from local processed file; quarterly interpolation unavailable without annual series,derived_from_local_curated_source
2025Q3,2025 Q3,2025-03-31,ndia_service_area,Northern NSW,Northern NSW,NSW,Inner Regional Australia,322698.0,,10799.0,,33.46472553285115,,0.02041009165643004,85000.0,,917915000.0,650662000.0,60252.06037596074,,2016318.6632703023,0.7088477691289499,267253000.0,24747.939624039263,0.74,27.40732028960876,0.7506086859240299,84432.45028614352,60802.47507148593,30.943280669707555,0.735953040708486,80949.4227901239,56650.43820079907,-6.0574052432423855,0.010608685924029828,-567.5497138564824,550.4146955251927,-2.521444863143593,-0.004046959291514014,-4050.5772098760935,-3601.6221751616686,,,,,,,0.028265926647028428,0.011904761904761862,,0.29115223087105013,0.6625,0.6962025316455697,0.5625,0.425,0.2125,0.25625,0.25625,0.225,,0.50625,0.425,0.24583333333333332,0.3541666666666667,0.359375,0.4727083333333334,0.31979166666666664,0.39625,69.0,monitor,"Proxy score from public NDIA service-area data. It combines benchmark gaps, utilisation friction, unspent committed funding and provider-activity indicators; it is a triage signal, not proof of unmet need.",supply_response_gap is participant growth minus provider growth; it is not a provider caseload measure.,2025,static 2025 ERP denominator from local processed file; quarterly interpolation unavailable without annual series,funded_plan_context_only
2025Q4,2025 Q4,2025-06-30,ndia_service_area,Northern NSW,Northern NSW,NSW,Inner Regional Australia,322698.0,,10977.0,,34.01632486101556,,0.016483007685896833,86000.0,,944022000.0,674488000.0,61445.56800583037,,2090152.4025559502,0.7144833489050043,269534000.0,24554.431994169627,0.75,27.77839830958376,0.7514285432706143,85151.38506175322,62192.49868267691,31.40646420190928,0.7357142727569568,81348.30207161774,57871.566955701484,-6.237926551431805,0.001428543270614284,-848.6149382467847,746.9306768465394,-2.6098606591062854,-0.014285727243043169,-4651.697928382258,-3574.0010501288853,,,,,,,0.03661809049859999,0.0117647058823529,,0.2855166510949957,0.6625,0.6962025316455697,0.5625,0.4625,0.1875,0.26875,0.25,0.21875,,0.50625,0.4875,0.24583333333333335,0.37916666666666665,0.346875,0.48270833333333335,0.32395833333333335,0.4033333333333333,67.0,monitor,"Proxy score from public NDIA service-area data. It combines benchmark gaps, utilisation friction, unspent committed funding and provider-activity indicators; it is a triage signal, not proof of unmet need.",supply_response_gap is participant growth minus provider growth; it is not a provider caseload measure.,2025,static 2025 ERP denominator from local processed file; quarterly interpolation unavailable without annual series,funded_plan_context_only
2026Q1,2026 Q1,2025-09-30,ndia_service_area,Northern NSW,Northern NSW,NSW,Inner Regional Australia,322698.0,,11178.0,,34.63919825967314,,0.018311013938234533,85000.0,,950130000.0,696274000.0,62289.67614957953,,2157664.4416761184,0.732819719406818,253856000.0,22710.323850420467,0.74,28.253214646769933,0.7386029448813405,85151.81887829916,62709.42778038322,32.03344264863498,0.7233427743146025,81102.38055009648,58210.68357447111,-6.385983612903203,-0.0013970551186595508,151.81887829916377,419.75163080369384,-2.6057556110381555,-0.016657225685397493,-3897.619449903519,-4078.9925751084156,,,,,,,0.03230005574598804,-0.011627906976744207,,0.267180280593182,0.6625,0.7088607594936709,0.5625,0.375,0.2,0.26875,0.24375,0.21875,,0.50625,0.3625,0.24375,0.3125,0.353125,0.453125,0.30312500000000003,0.37812500000000004,71.0,monitor,"Proxy score from public NDIA service-area data. It combines benchmark gaps, utilisation friction, unspent committed funding and provider-activity indicators; it is a triage signal, not proof of unmet need.",supply_response_gap is participant growth minus provider growth; it is not a provider caseload measure.,2025,static 2025 ERP denominator from local processed file; quarterly interpolation unavailable without annual series,funded_plan_context_only
2024Q2,2024 Q2,2023-12-31,ndia_service_area,Outer East Melbourne,Outer East Melbourne,VIC,Major Cities of Australia,444973.0,12322.0,12322.0,27.691567802990292,27.69156780299029,,,74000.0,32300.0,911828000.0,688510000.0,55876.48109073202,55876.48109073202,1547307.3647165108,0.7550875823071895,223318000.0,18123.518909267976,0.77,24.12050932082575,0.774810548394224,79559.82881407744,60116.50993792392,21.54075115403415,0.7958582408716173,80400.51139569166,62712.29290901039,-3.571058482164542,0.0048105483942239855,5559.828814077438,4240.0288471918975,-6.150816648956141,0.02585824087161725,6400.511395691661,6835.811818278373,682.0,1955.0,18.067448680351905,18.067448680351905,55.34815776659633,,,,,0.24491241769281047,0.8,0.5822784810126582,0.4625,0.2,0.6875,0.24375,0.74375,0.7125,0.775,0.50625,0.3625,0.5666666666666668,0.4166666666666667,0.65625,0.5070833333333334,0.5465277777777778,0.5268055555555556,32.0,monitor,"Proxy score from public NDIA service-area data. It combines benchmark gaps, utilisation friction, unspent committed funding and provider-activity indicators; it is a triage signal, not proof of unmet need.",supply_response_gap is participant growth minus provider growth; it is not a provider caseload measure.,2025,static 2025 ERP denominator from local processed file; quarterly interpolation unavailable without annual series,derived_from_local_curated_source
2024Q3,2024 Q3,2024-03-31,ndia_service_area,Outer East Melbourne,Outer East Melbourne,VIC,Major Cities of Australia,444973.0,12657.0,12657.0,28.444422470576868,28.444422470576868,0.02718714494400265,0.02718714494400265,75000.0,32200.0,949275000.0,712121000.0,56263.01651260173,56263.016512601724,1600369.0111534856,0.7501735535013563,237154000.0,18736.983487398276,0.77,24.68676284471637,0.7773084731227313,81027.36890354347,60498.99233345409,22.15635799622129,0.7987044245491112,81921.83021338335,63196.969696969696,-3.7576596258605015,0.0073084731227312716,6027.368903543465,4235.975820852356,-6.288064474355576,0.028704424549111138,6921.8302133833495,6933.953184367965,,,,,,,0.03429289334940666,0.013513513513513598,,0.24982644649864372,0.7948717948717948,0.5714285714285714,0.44871794871794873,0.1875,0.73125,0.26875,0.75625,0.7375,,0.50625,0.325,0.5875,0.4145833333333333,0.6187499999999999,0.49288461538461537,0.5402777777777777,0.5165811965811966,34.0,monitor,"Proxy score from public NDIA service-area data. It combines benchmark gaps, utilisation friction, unspent committed funding and provider-activity indicators; it is a triage signal, not proof of unmet need.",supply_response_gap is participant growth minus provider growth; it is not a provider caseload measure.,2025,static 2025 ERP denominator from local processed file; quarterly interpolation unavailable without annual series,derived_from_local_curated_source
2024Q4,2024 Q4,2024-06-30,ndia_service_area,Outer East Melbourne,Outer East Melbourne,VIC,Major Cities of Australia,444973.0,12979.0,12979.0,29.16806188240635,29.16806188240635,0.025440467725369453,0.025440467725369453,75000.0,32100.0,973425000.0,722768000.0,55687.49518452885,55687.49518452885,1624296.3056185432,0.7424999357937181,250657000.0,19312.504815471144,0.78,25.27144981343164,0.7784608418203379,82439.3926044259,61164.480098449734,22.563669931499856,0.7973695351274968,83207.46100966579,63732.73450666296,-3.896612068974712,-0.0015391581796620809,7439.392604425899,5476.984913920882,-6.604391950906493,0.01736953512749679,8207.461009665785,8045.239322134104,,,,,,,0.014951110836501025,0.0,,0.2575000642062819,0.8,0.6075949367088608,0.4,0.1125,0.61875,0.25625,0.8,0.75,,0.50625,0.3375,0.6020833333333333,0.35625,0.5625,0.44625000000000004,0.5069444444444444,0.4765972222222222,45.0,monitor,"Proxy score from public NDIA service-area data. It combines benchmark gaps, utilisation friction, unspent committed funding and provider-activity indicators; it is a triage signal, not proof of unmet need.",supply_response_gap is participant growth minus provider growth; it is not a provider caseload measure.,2025,static 2025 ERP denominator from local processed file; quarterly interpolation unavailable without annual series,derived_from_local_curated_source
2025Q1,2025 Q1,2024-09-30,ndia_service_area,Outer East Melbourne,Outer East Melbourne,VIC,Major Cities of Australia,444973.0,13410.0,13410.0,30.136659977122207,30.136659977122207,0.03320748902072568,0.03320748902072568,75000.0,31400.0,1005750000.0,742180000.0,55345.26472781506,55345.26472781506,1667921.4244459777,0.7379368630375341,263570000.0,19654.73527218494,0.77,26.153554026565185,0.7601002932313932,82459.7494204458,60716.14056683959,23.368427888963133,0.777901017449582,83196.99210700695,63287.15620185708,-3.9831059505570217,-0.009899706768606792,7459.749420445805,5370.8758390245275,-6.768232088159074,0.007901017449581929,8196.992107006954,7941.891474042015,,,,,,,0.026857857569787313,0.0,,0.26206313696246586,0.8,0.5949367088607594,0.4,0.1375,0.49375,0.25625,0.8125,0.7625,,0.50625,0.3375,0.6104166666666667,0.3229166666666667,0.5,0.4320833333333335,0.4777777777777778,0.4549305555555556,52.0,monitor,"Proxy score from public NDIA service-area data. It combines benchmark gaps, utilisation friction, unspent committed funding and provider-activity indicators; it is a triage signal, not proof of unmet need.",supply_response_gap is participant growth minus provider growth; it is not a provider caseload measure.,2025,static 2025 ERP denominator from local processed file; quarterly interpolation unavailable without annual series,derived_from_local_curated_source
2025Q2,2025 Q2,2024-12-31,ndia_service_area,Outer East Melbourne,Outer East Melbourne,VIC,Major Cities of Australia,444973.0,13836.0,13836.0,31.09402143500842,31.09402143500842,0.03176733780760621,0.03176733780760621,75000.0,30900.0,1037700000.0,753146000.0,54433.79589476728,54433.795894767274,1692565.616340767,0.7257839452635636,284554000.0,20566.204105232726,0.75,26.957763247112997,0.7465297732931997,82492.94748629373,60067.7940397898,24.112356938543137,0.7670216640247125,83199.73444972835,62621.1139562926,-4.136258187895425,-0.0034702267068003317,7492.947486293735,5633.998145022517,-6.981664496465282,0.01702166402471249,8199.734449728348,8187.318061525315,,,,,,,0.014775391414481698,0.0,,0.2742160547364364,0.7875,0.5949367088607594,0.3875,0.1625,0.6375,0.25625,0.825,0.7625,,0.50625,0.3375,0.6145833333333333,0.37916666666666665,0.5718749999999999,0.45770833333333333,0.521875,0.4897916666666666,43.0,monitor,"Proxy score from public NDIA service-area data. It combines benchmark gaps, utilisation friction, unspent committed funding and provider-activity indicators; it is a triage signal, not proof of unmet need.",supply_response_gap is participant growth minus provider growth; it is not a provider caseload measure.,2025,static 2025 ERP denominator from local processed file; quarterly interpolation unavailable without annual series,derived_from_local_curated_source
2025Q3,2025 Q3,2025-03-31,ndia_service_area,Outer East Melbourne,Outer East Melbourne,VIC,Major Cities of Australia,444973.0,,14034.0,,31.53899225346257,,0.014310494362532511,77000.0,,1080618000.0,771134000.0,54947.555935585005,,1732990.5409991168,0.7136046225400651,309484000.0,22052.44406441499,0.75,27.40732028960876,0.7506086859240299,84432.45028614352,60802.47507148593,24.50313856910154,0.7729322500306646,85141.60084900781,63507.002181182106,-4.131671963853812,0.000608685924029828,7432.450286143518,5854.919135900927,-7.035853684361033,0.022932250030664535,8141.600849007809,8559.4462455971,,,,,,,0.023883815355854043,0.026666666666666616,,0.28639537745993493,0.7875,0.5949367088607594,0.375,0.2125,0.68125,0.25625,0.8125,0.7625,,0.50625,0.3625,0.6104166666666667,0.41875,0.59375,0.4774999999999999,0.5409722222222223,0.5092361111111111,36.0,monitor,"Proxy score from public NDIA service-area data. It combines benchmark gaps, utilisation friction, unspent committed funding and provider-activity indicators; it is a triage signal, not proof of unmet need.",supply_response_gap is participant growth minus provider growth; it is not a provider caseload measure.,2025,static 2025 ERP denominator from local processed file; quarterly interpolation unavailable without annual series,funded_plan_context_only
2025Q4,2025 Q4,2025-06-30,ndia_service_area,Outer East Melbourne,Outer East Melbourne,VIC,Major Cities of Australia,444973.0,,14267.0,,32.06261952972428,,0.01660253669659406,77000.0,,1098559000.0,796488000.0,55827.29375481881,,1789969.2790349077,0.7250297890236209,302071000.0,21172.706245181187,0.75,27.77839830958376,0.7514285432706143,85151.38506175322,62192.49868267691,24.83518208130649,0.7733698580403464,85996.54571858524,64997.01926820798,-4.284221220140523,0.001428543270614284,8151.385061753215,6365.204927858096,-7.227437448417788,0.0233698580403464,8996.545718585243,9169.725513389167,,,,,,,0.03287885114649325,0.0,,0.2749702109763791,0.8,0.6075949367088608,0.375,0.175,0.6625,0.26875,0.84375,0.7625,,0.50625,0.375,0.625,0.4041666666666666,0.584375,0.4677083333333333,0.5378472222222221,0.5027777777777778,38.0,monitor,"Proxy score from public NDIA service-area data. It combines benchmark gaps, utilisation friction, unspent committed funding and provider-activity indicators; it is a triage signal, not proof of unmet need.",supply_response_gap is participant growth minus provider growth; it is not a provider caseload measure.,2025,static 2025 ERP denominator from local processed file; quarterly interpolation unavailable without annual series,funded_plan_context_only
2026Q1,2026 Q1,2025-09-30,ndia_service_area,Outer East Melbourne,Outer East Melbourne,VIC,Major Cities of Australia,444973.0,,14476.0,,32.53231094920366,,0.014649190439475657,77000.0,,1114652000.0,812192000.0,56106.10665929815,,1825261.3079894737,0.7286507358350409,302460000.0,20893.893340701852,0.73,28.253214646769933,0.7386029448813405,85151.81887829916,62709.42778038322,25.249615768421013,0.7599765041363589,86109.56887160339,65613.772509322,-4.279096302433729,0.008602944881340448,8151.818878299164,6603.321121085071,-7.28269518078265,0.029976504136358814,9109.568871603391,9507.665850023855,,,,,,,0.019716555679432757,0.0,,0.2713492641649591,0.8,0.6075949367088608,0.3375,0.175,0.7375,0.26875,0.85,0.7625,,0.50625,0.4375,0.6270833333333333,0.45,0.621875,0.476875,0.5663194444444445,0.5215972222222223,34.0,monitor,"Proxy score from public NDIA service-area data. It combines benchmark gaps, utilisation friction, unspent committed funding and provider-activity indicators; it is a triage signal, not proof of unmet need.",supply_response_gap is participant growth minus provider growth; it is not a provider caseload measure.,2025,static 2025 ERP denominator from local processed file; quarterly interpolation unavailable without annual series,funded_plan_context_only
2024Q2,2024 Q2,2023-12-31,ndia_service_area,Outer Gippsland,Outer Gippsland,VIC,Outer Regional Australia,96220.0,2804.0,2804.0,29.141550613178133,29.141550613178133,,,77000.0,38500.0,215908000.0,152948000.0,54546.36233951498,54546.36233951498,1589565.5788817294,0.7083943160975972,62960000.0,22453.637660485023,0.73,24.12050932082575,0.774810548394224,79559.82881407744,60116.50993792392,29.44748036263278,0.7485395550523876,79779.69432547608,58182.44347371007,-5.021041292352383,0.044810548394223985,2559.8288140774384,5570.147598408941,0.3059297494546484,0.018539555052387583,2779.6943254760845,3636.0811341950903,230.0,744.0,12.191304347826087,12.191304347826087,82.02567760342367,,,,,0.2916056839024028,0.2375,0.6962025316455697,0.375,0.6125,0.59375,0.5,0.625,0.6125,0.3,0.50625,0.6875,0.5791666666666667,0.63125,0.4666666666666666,0.4645833333333333,0.5590277777777778,0.5118055555555555,36.0,monitor,"Proxy score from public NDIA service-area data. It combines benchmark gaps, utilisation friction, unspent committed funding and provider-activity indicators; it is a triage signal, not proof of unmet need.",supply_response_gap is participant growth minus provider growth; it is not a provider caseload measure.,2025,static 2025 ERP denominator from local processed file; quarterly interpolation unavailable without annual series,derived_from_local_curated_source
2024Q3,2024 Q3,2024-03-31,ndia_service_area,Outer Gippsland,Outer Gippsland,VIC,Outer Regional Australia,96220.0,2897.0,2897.0,30.10808563708169,30.10808563708169,0.03316690442225401,0.03316690442225401,79000.0,38900.0,228863000.0,157220000.0,54269.93441491198,54269.93441491198,1633963.8328829764,0.686961195125468,71643000.0,24730.06558508802,0.72,24.68676284471637,0.7773084731227313,81027.36890354347,60498.99233345409,29.18486251877246,0.751550423518762,80452.36760997478,58049.56139405565,-5.421322792365324,0.05730847312273127,2027.3689035434654,6229.057918542108,-0.923223118309231,0.03155042351876205,1452.3676099747827,3779.6269791436716,,,,,,,0.027931061537254553,0.025974025974025983,,0.31303880487453195,0.23076923076923078,0.6883116883116883,0.358974358974359,0.675,0.7625,0.26875,0.5875,0.625,,0.50625,0.7375,0.49374999999999997,0.725,0.6343749999999999,0.524823717948718,0.6177083333333333,0.5712660256410256,25.0,monitor,"Proxy score from public NDIA service-area data. It combines benchmark gaps, utilisation friction, unspent committed funding and provider-activity indicators; it is a triage signal, not proof of unmet need.",supply_response_gap is participant growth minus provider growth; it is not a provider caseload measure.,2025,static 2025 ERP denominator from local processed file; quarterly interpolation unavailable without annual series,derived_from_local_curated_source
2024Q4,2024 Q4,2024-06-30,ndia_service_area,Outer Gippsland,Outer Gippsland,VIC,Outer Regional Australia,96220.0,2977.0,2977.0,30.93951361463313,30.93951361463313,0.02761477390403866,0.02761477390403866,79000.0,39500.0,235183000.0,160572000.0,53937.52099428955,53937.52099428955,1668800.665142382,0.6827534303074627,74611000.0,25062.479005710447,0.73,25.27144981343164,0.7784608418203379,82439.3926044259,61164.480098449734,30.608345586211776,0.7572561652281135,82644.4615700781,59375.719276613236,-5.668063801201495,0.04846084182033792,3439.3926044258988,7226.959104160182,-0.3311680284213558,0.027256165228113503,3644.4615700780996,5438.198282323683,,,,,,,0.02132044269176947,0.0,,0.3172465696925373,0.2375,0.7215189873417721,0.3125,0.65,0.7,0.25625,0.6625,0.675,,0.50625,0.7125,0.53125,0.6875,0.6031249999999999,0.49812500000000004,0.6072916666666667,0.5527083333333334,31.0,monitor,"Proxy score from public NDIA service-area data. It combines benchmark gaps, utilisation friction, unspent committed funding and provider-activity indicators; it is a triage signal, not proof of unmet need.",supply_response_gap is participant growth minus provider growth; it is not a provider caseload measure.,2025,static 2025 ERP denominator from local processed file; quarterly interpolation unavailable without annual series,derived_from_local_curated_source
2025Q1,2025 Q1,2024-09-30,ndia_service_area,Outer Gippsland,Outer Gippsland,VIC,Outer Regional Australia,96220.0,3087.0,3087.0,32.082727083766365,32.082727083766365,0.036949949613705124,0.036949949613705124,78000.0,38500.0,240786000.0,168013000.0,54425.97991577583,54425.97991577583,1746133.8599043859,0.6977689732791773,72773000.0,23574.020084224165,0.71,26.153554026565185,0.7601002932313932,82459.7494204458,60716.14056683959,31.532697494122548,0.7415501850207962,82697.75282019569,59065.36071574622,-5.929173057201179,0.05010029323139321,4459.749420445805,6290.1606510637575,-0.5500295896438168,0.03155018502079613,4697.752820195688,4639.380799970386,,,,,,,0.04634058241785621,-0.012658227848101222,,0.3022310267208227,0.2375,0.7215189873417721,0.3375,0.55,0.75625,0.25625,0.68125,0.6625,,0.50625,0.6375,0.5333333333333333,0.6479166666666666,0.63125,0.48083333333333333,0.6041666666666666,0.5425,32.0,monitor,"Proxy score from public NDIA service-area data. It combines benchmark gaps, utilisation friction, unspent committed funding and provider-activity indicators; it is a triage signal, not proof of unmet need.",supply_response_gap is participant growth minus provider growth; it is not a provider caseload measure.,2025,static 2025 ERP denominator from local processed file; quarterly interpolation unavailable without annual series,derived_from_local_curated_source
2025Q2,2025 Q2,2024-12-31,ndia_service_area,Outer Gippsland,Outer Gippsland,VIC,Outer Regional Australia,96220.0,3190.0,3190.0,33.15319060486385,33.15319060486385,0.033365727243278354,0.033365727243278354,79000.0,38400.0,252010000.0,170666000.0,53500.31347962382,53500.31347962382,1773706.0902099356,0.6772191579699218,81344000.0,25499.686520376177,0.7,26.957763247112997,0.7465297732931997,82492.94748629373,60067.7940397898,32.322438100030666,0.723891505303104,82921.77678310791,58404.145178554056,-6.195427357750859,0.04652977329319967,3492.947486293735,6567.4805601659755,-0.8307525048331854,0.023891505303104025,3921.776783107911,4903.831698930233,,,,,,,0.015790444787010527,0.012820512820512775,,0.3227808420300782,0.2375,0.7088607594936709,0.3375,0.6125,0.7375,0.25625,0.6875,0.6875,,0.50625,0.7,0.5437500000000001,0.6833333333333332,0.621875,0.49854166666666666,0.6163194444444444,0.5574305555555555,25.0,monitor,"Proxy score from public NDIA service-area data. It combines benchmark gaps, utilisation friction, unspent committed funding and provider-activity indicators; it is a triage signal, not proof of unmet need.",supply_response_gap is participant growth minus provider growth; it is not a provider caseload measure.,2025,static 2025 ERP denominator from local processed file; quarterly interpolation unavailable without annual series,derived_from_local_curated_source
2025Q3,2025 Q3,2025-03-31,ndia_service_area,Outer Gippsland,Outer Gippsland,VIC,Outer Regional Australia,96220.0,,3235.0,,33.62086884223654,,0.014106583072100332,79000.0,,255565000.0,172489000.0,53319.62905718702,,1792652.2552483892,0.6749320133821142,83076000.0,25680.370942812984,0.71,27.40732028960876,0.7506086859240299,84432.45028614352,60802.47507148593,32.730046154692914,0.7269261814617647,84888.12868756366,59134.059154767165,-6.213548552627778,0.04060868592402983,5432.450286143518,7482.846014298913,-0.8908226875436256,0.016926181461764712,5888.128687563658,5814.430097580145,,,,,,,0.010681682350321742,0.0,,0.32506798661788583,0.2375,0.7088607594936709,0.3125,0.5375,0.6125,0.25625,0.7375,0.6875,,0.50625,0.65,0.5604166666666667,0.6,0.559375,0.44937499999999997,0.5732638888888889,0.5113194444444444,35.0,monitor,"Proxy score from public NDIA service-area data. It combines benchmark gaps, utilisation friction, unspent committed funding and provider-activity indicators; it is a triage signal, not proof of unmet need.",supply_response_gap is participant growth minus provider growth; it is not a provider caseload measure.,2025,static 2025 ERP denominator from local processed file; quarterly interpolation unavailable without annual series,funded_plan_context_only
2025Q4,2025 Q4,2025-06-30,ndia_service_area,Outer Gippsland,Outer Gippsland,VIC,Outer Regional Australia,96220.0,,3309.0,,34.38993972147163,,0.022874806800618153,80000.0,,264720000.0,181514000.0,54854.63886370505,,1886447.7239659117,0.685682985796313,83206000.0,25145.361136294952,0.7,27.77839830958376,0.7514285432706143,85151.38506175322,62192.49868267691,33.11060614399949,0.7308756031764125,85664.50093088642,60376.25859645123,-6.61154141188787,0.05142854327061428,5151.385061753215,7337.859818971861,-1.279333577472137,0.030875603176412483,5664.500930886425,5521.619732746185,,,,,,,0.05232217706636355,0.012658227848101333,,0.31431701420368696,0.2375,0.7215189873417721,0.325,0.55,0.73125,0.26875,0.74375,0.6875,,0.50625,0.65,0.5666666666666667,0.6437499999999999,0.6187499999999999,0.475,0.6097222222222222,0.5423611111111111,27.0,monitor,"Proxy score from public NDIA service-area data. It combines benchmark gaps, utilisation friction, unspent committed funding and provider-activity indicators; it is a triage signal, not proof of unmet need.",supply_response_gap is participant growth minus provider growth; it is not a provider caseload measure.,2025,static 2025 ERP denominator from local processed file; quarterly interpolation unavailable without annual series,funded_plan_context_only
2026Q1,2026 Q1,2025-09-30,ndia_service_area,Outer Gippsland,Outer Gippsland,VIC,Outer Regional Australia,96220.0,,3379.0,,35.11743920182914,,0.021154427319431957,79000.0,,266941000.0,181809000.0,53805.56377626517,,1889513.6146331325,0.6810830857755085,85132000.0,25194.436223734832,0.69,28.253214646769933,0.7386029448813405,85151.81887829916,62709.42778038322,33.634269269780866,0.7179683189796243,85747.48693204664,60763.24328367979,-6.864224555059209,0.04860294488134045,6151.818878299164,8903.864004118055,-1.483169932048277,0.027968318979624342,6747.486932046639,6957.679507414621,,,,,,,0.001625218991372579,-0.012499999999999956,,0.31891691422449153,0.2375,0.7341772151898734,0.2625,0.6,0.69375,0.26875,0.7625,0.7125,,0.50625,0.6875,0.5812499999999999,0.6604166666666667,0.6,0.4720833333333333,0.6138888888888889,0.5429861111111112,27.0,monitor,"Proxy score from public NDIA service-area data. It combines benchmark gaps, utilisation friction, unspent committed funding and provider-activity indicators; it is a triage signal, not proof of unmet need.",supply_response_gap is participant growth minus provider growth; it is not a provider caseload measure.,2025,static 2025 ERP denominator from local processed file; quarterly interpolation unavailable without annual series,funded_plan_context_only
2024Q2,2024 Q2,2023-12-31,ndia_service_area,Ovens Murray,Ovens Murray,VIC,Inner Regional Australia,137518.0,4346.0,4346.0,31.603135589522825,31.603135589522825,,,68000.0,30200.0,295528000.0,207198000.0,47675.56373676944,47675.56373676944,1506697.3050800622,0.7011112314230801,88330000.0,20324.436263230557,0.73,24.12050932082575,0.774810548394224,79559.82881407744,60116.50993792392,26.8899974718611,0.7630061336695022,76355.8163924701,56667.37290379991,-7.482626268697075,0.044810548394223985,11559.828814077438,12440.946201154475,-4.713138117661725,0.033006133669502155,8355.816392470093,8991.809167030464,279.0,1017.0,15.577060931899641,15.577060931899641,64.19696272434422,,,,,0.2988887685769199,0.3625,0.8734177215189873,0.2,0.45,0.75,0.24375,0.80625,0.7875,0.65,0.50625,0.7125,0.6124999999999999,0.6375000000000001,0.6354166666666666,0.4570833333333334,0.6284722222222222,0.5427777777777778,30.0,monitor,"Proxy score from public NDIA service-area data. It combines benchmark gaps, utilisation friction, unspent committed funding and provider-activity indicators; it is a triage signal, not proof of unmet need.",supply_response_gap is participant growth minus provider growth; it is not a provider caseload measure.,2025,static 2025 ERP denominator from local processed file; quarterly interpolation unavailable without annual series,derived_from_local_curated_source
2024Q3,2024 Q3,2024-03-31,ndia_service_area,Ovens Murray,Ovens Murray,VIC,Inner Regional Australia,137518.0,4506.0,4506.0,32.76661964251953,32.76661964251953,0.03681546249424761,0.03681546249424761,69000.0,30200.0,310914000.0,214181000.0,47532.4012427874,47532.4012427874,1557476.1122180368,0.6888753803302521,96733000.0,21467.598757212607,0.73,24.68676284471637,0.7773084731227313,81027.36890354347,60498.99233345409,27.71623599286424,0.7648604023741618,77994.1725121406,56947.80441429636,-8.079856797803163,0.04730847312273127,12027.368903543465,12966.59109066669,-5.050383649655291,0.03486040237416176,8994.172512140605,9415.403171508966,,,,,,,0.03370206276122367,0.014705882352941124,,0.3111246196697479,0.34615384615384615,0.8571428571428571,0.15384615384615385,0.4875,0.775,0.26875,0.8125,0.8125,,0.50625,0.6875,0.63125,0.65,0.640625,0.45562499999999995,0.640625,0.548125,30.0,monitor,"Proxy score from public NDIA service-area data. It combines benchmark gaps, utilisation friction, unspent committed funding and provider-activity indicators; it is a triage signal, not proof of unmet need.",supply_response_gap is participant growth minus provider growth; it is not a provider caseload measure.,2025,static 2025 ERP denominator from local processed file; quarterly interpolation unavailable without annual series,derived_from_local_curated_source
2024Q4,2024 Q4,2024-06-30,ndia_service_area,Ovens Murray,Ovens Murray,VIC,Inner Regional Australia,137518.0,4578.0,4578.0,33.29018746636804,33.29018746636804,0.015978695073235683,0.015978695073235683,69000.0,30900.0,315882000.0,220001000.0,48056.13805155089,48056.13805155089,1599797.844645792,0.6964657688630564,95881000.0,20943.861948449103,0.74,25.27144981343164,0.7784608418203379,82439.3926044259,61164.480098449734,28.31985586047522,0.7685814728943384,79139.48388848934,57480.02092208034,-8.018737652936402,0.03846084182033792,13439.392604425899,13108.34204689884,-4.97033160589282,0.028581472894338447,10139.48388848934,9423.882870529444,,,,,,,0.02717327867551278,0.0,,0.30353423113694356,0.3625,0.8607594936708861,0.15,0.325,0.7625,0.25625,0.85625,0.8125,,0.50625,0.6625,0.6416666666666666,0.5833333333333334,0.6343749999999999,0.41104166666666664,0.6197916666666666,0.5154166666666666,34.0,monitor,"Proxy score from public NDIA service-area data. It combines benchmark gaps, utilisation friction, unspent committed funding and provider-activity indicators; it is a triage signal, not proof of unmet need.",supply_response_gap is participant growth minus provider growth; it is not a provider caseload measure.,2025,static 2025 ERP denominator from local processed file; quarterly interpolation unavailable without annual series,derived_from_local_curated_source
2025Q1,2025 Q1,2024-09-30,ndia_service_area,Ovens Murray,Ovens Murray,VIC,Inner Regional Australia,137518.0,4768.0,4768.0,34.67182477930162,34.67182477930162,0.0415028396679773,0.0415028396679773,70000.0,30800.0,333760000.0,225679000.0,47332.00503355705,47332.00503355705,1641086.9849765121,0.6761715004793863,108081000.0,22667.99496644295,0.71,26.153554026565185,0.7601002932313932,82459.7494204458,60716.14056683959,29.378540729741957,0.749585874550338,79082.76206451863,56908.5598208139,-8.518270752736438,0.05010029323139321,12459.749420445805,13384.13553328254,-5.29328404955967,0.039585874550337935,9082.762064518625,9576.55478725685,,,,,,,0.025808973595574658,0.01449275362318847,,0.32382849952061366,0.3625,0.8860759493670886,0.1375,0.45,0.80625,0.25625,0.84375,0.8125,,0.50625,0.75,0.6375000000000001,0.6687500000000001,0.65625,0.45500000000000007,0.6541666666666667,0.5545833333333334,28.0,monitor,"Proxy score from public NDIA service-area data. It combines benchmark gaps, utilisation friction, unspent committed funding and provider-activity indicators; it is a triage signal, not proof of unmet need.",supply_response_gap is participant growth minus provider growth; it is not a provider caseload measure.,2025,static 2025 ERP denominator from local processed file; quarterly interpolation unavailable without annual series,derived_from_local_curated_source
2025Q2,2025 Q2,2024-12-31,ndia_service_area,Ovens Murray,Ovens Murray,VIC,Inner Regional Australia,137518.0,4928.0,4928.0,35.83530883229832,35.83530883229832,0.033557046979865834,0.033557046979865834,69000.0,30300.0,340032000.0,229681000.0,46607.34577922078,46607.34577922078,1670188.6298520921,0.6754687794089969,110351000.0,22392.65422077922,0.71,26.957763247112997,0.7465297732931997,82492.94748629373,60067.7940397898,30.345785307596167,0.7338446519006651,79096.43428753808,56188.57394969421,-8.877545585185324,0.036529773293199674,13492.947486293735,13460.448260569021,-5.48952352470215,0.02384465190066507,10096.434287538083,9581.228170473434,,,,,,,0.017733151954767656,-0.014285714285714235,,0.32453122059100314,0.3625,0.8987341772151899,0.1375,0.35,0.7,0.25625,0.8625,0.8,,0.50625,0.7125,0.6395833333333333,0.5874999999999999,0.6031249999999999,0.40812499999999996,0.6100694444444444,0.5090972222222222,34.0,monitor,"Proxy score from public NDIA service-area data. It combines benchmark gaps, utilisation friction, unspent committed funding and provider-activity indicators; it is a triage signal, not proof of unmet need.",supply_response_gap is participant growth minus provider growth; it is not a provider caseload measure.,2025,static 2025 ERP denominator from local processed file; quarterly interpolation unavailable without annual series,derived_from_local_curated_source
2025Q3,2025 Q3,2025-03-31,ndia_service_area,Ovens Murray,Ovens Murray,VIC,Inner Regional Australia,137518.0,,4967.0,,36.11890807021626,,0.007913961038961137,71000.0,,352657000.0,233322000.0,46974.43124622509,,1696665.1638330983,0.661611707693311,119335000.0,24025.568753774915,0.71,27.40732028960876,0.7506086859240299,84432.45028614352,60802.47507148593,30.943280669707555,0.735953040708486,80949.4227901239,56650.43820079907,-8.711587780607502,0.04060868592402983,13432.450286143518,13828.043825260844,-5.175627400508709,0.025953040708485985,9949.422790123906,9676.006954573983,,,,,,,0.015852421401857386,0.02898550724637672,,0.338388292306689,0.3625,0.8860759493670886,0.125,0.375,0.73125,0.25625,0.85625,0.8,,0.50625,0.725,0.6375,0.6104166666666666,0.6187499999999999,0.41833333333333333,0.6222222222222221,0.5202777777777777,32.0,monitor,"Proxy score from public NDIA service-area data. It combines benchmark gaps, utilisation friction, unspent committed funding and provider-activity indicators; it is a triage signal, not proof of unmet need.",supply_response_gap is participant growth minus provider growth; it is not a provider caseload measure.,2025,static 2025 ERP denominator from local processed file; quarterly interpolation unavailable without annual series,funded_plan_context_only
2025Q4,2025 Q4,2025-06-30,ndia_service_area,Ovens Murray,Ovens Murray,VIC,Inner Regional Australia,137518.0,,5034.0,,36.60611701740863,,0.013489027582041402,71000.0,,357414000.0,239290000.0,47534.76360746921,,1740063.119009875,0.6695037127812564,118124000.0,23465.23639253079,0.7,27.77839830958376,0.7514285432706143,85151.38506175322,62192.49868267691,31.40646420190928,0.7357142727569568,81348.30207161774,57871.566955701484,-8.827718707824872,0.05142854327061428,14151.385061753215,14657.735075207696,-5.199652815499352,0.03571427275695683,10348.302071617742,10336.803348232272,,,,,,,0.025578385235854206,0.0,,0.3304962872187436,0.3625,0.8860759493670886,0.125,0.3875,0.8125,0.26875,0.8875,0.8125,,0.50625,0.7375,0.65625,0.6458333333333334,0.659375,0.43604166666666666,0.6538194444444445,0.5449305555555556,26.0,monitor,"Proxy score from public NDIA service-area data. It combines benchmark gaps, utilisation friction, unspent committed funding and provider-activity indicators; it is a triage signal, not proof of unmet need.",supply_response_gap is participant growth minus provider growth; it is not a provider caseload measure.,2025,static 2025 ERP denominator from local processed file; quarterly interpolation unavailable without annual series,funded_plan_context_only
2026Q1,2026 Q1,2025-09-30,ndia_service_area,Ovens Murray,Ovens Murray,VIC,Inner Regional Australia,137518.0,,5126.0,,37.27512034788173,,0.018275725069527127,71000.0,,363946000.0,245338000.0,47861.49044088958,,1784042.8162131503,0.6741054991674589,118608000.0,23138.50955911042,0.68,28.253214646769933,0.7386029448813405,85151.81887829916,62709.42778038322,32.03344264863498,0.7233427743146025,81102.38055009648,58210.68357447111,-9.021905701111798,0.05860294488134045,14151.818878299164,14847.937339493641,-5.24167769924675,0.04334277431460251,10102.38055009648,10349.193133581532,,,,,,,0.02527477119812782,0.0,,0.3258945008325411,0.3625,0.8987341772151899,0.125,0.4,0.85625,0.26875,0.86875,0.8125,,0.50625,0.725,0.65,0.6604166666666668,0.6812499999999999,0.4458333333333333,0.6638888888888889,0.554861111111111,22.0,provider opportunity: under-serviced,"Proxy score from public NDIA service-area data. It combines benchmark gaps, utilisation friction, unspent committed funding and provider-activity indicators; it is a triage signal, not proof of unmet need.",supply_response_gap is participant growth minus provider growth; it is not a provider caseload measure.,2025,static 2025 ERP denominator from local processed file; quarterly interpolation unavailable without annual series,funded_plan_context_only
2024Q2,2024 Q2,2023-12-31,ndia_service_area,Robina,Robina,QLD,Major Cities of Australia,691230.0,14497.0,14498.0,20.972758705496,20.97420540196461,,,83000.0,32900.0,1203334000.0,937752000.0,64681.473306662985,64685.93502103884,1356642.5068356409,0.7792948591164215,265582000.0,18318.52669333701,0.8,24.12050932082575,0.774810548394224,79559.82881407744,60116.50993792392,21.54075115403415,0.7958582408716173,80400.51139569166,62712.29290901039,3.146303918861136,-0.02518945160577601,-3440.1711859225616,-4564.963368739067,0.566545752069537,-0.004141759128382745,-2599.488604308339,-1969.1803976525916,836.0,2939.0,17.342105263157894,17.34090909090909,57.66312594840667,,,,,0.2207051408835785,0.8625,0.25316455696202533,0.7875,0.225,0.1875,0.5125,0.25625,0.225,0.7375,0.50625,0.125,0.33125,0.17916666666666667,0.4770833333333333,0.50625,0.32916666666666666,0.41770833333333335,66.0,monitor,"Proxy score from public NDIA service-area data. It combines benchmark gaps, utilisation friction, unspent committed funding and provider-activity indicators; it is a triage signal, not proof of unmet need.",supply_response_gap is participant growth minus provider growth; it is not a provider caseload measure.,2025,static 2025 ERP denominator from local processed file; quarterly interpolation unavailable without annual series,derived_from_local_curated_source
2024Q3,2024 Q3,2024-03-31,ndia_service_area,Robina,Robina,QLD,Major Cities of Australia,691230.0,14852.0,14852.0,21.486335951853942,21.486335951853945,0.02448782506725533,0.024417160987722397,85000.0,33500.0,1262420000.0,974713000.0,65628.4002154592,65628.4002154592,1410113.85501208,0.7720988260642259,287707000.0,19371.599784540802,0.81,24.68676284471637,0.7773084731227313,81027.36890354347,60498.99233345409,22.15635799622129,0.7987044245491112,81921.83021338335,63196.969696969696,3.200426892862424,-0.03269152687726873,-3972.6310964565346,-5129.4078820051145,0.6700220443673501,-0.011295575450888861,-3078.1697866166505,-2431.4305184895056,,,,,,,0.03941447205657789,0.024096385542168752,,0.22790117393577414,0.8589743589743589,0.22077922077922077,0.7948717948717948,0.225,0.20625,0.5625,0.2625,0.23125,,0.50625,0.175,0.3520833333333333,0.2020833333333333,0.35624999999999996,0.4874358974358974,0.3034722222222222,0.3954540598290598,64.0,monitor,"Proxy score from public NDIA service-area data. It combines benchmark gaps, utilisation friction, unspent committed funding and provider-activity indicators; it is a triage signal, not proof of unmet need.",supply_response_gap is participant growth minus provider growth; it is not a provider caseload measure.,2025,static 2025 ERP denominator from local processed file; quarterly interpolation unavailable without annual series,derived_from_local_curated_source
2024Q4,2024 Q4,2024-06-30,ndia_service_area,Robina,Robina,QLD,Major Cities of Australia,691230.0,15166.0,15166.0,21.94059864299871,21.94059864299871,0.021141933746296804,0.021141933746296804,86000.0,34000.0,1304276000.0,1004638000.0,66242.7799024133,66242.7799024133,1453406.2468353515,0.7702648825862011,299638000.0,19757.220097586705,0.81,25.27144981343164,0.7784608418203379,82439.3926044259,61164.480098449734,22.563669931499856,0.7973695351274968,83207.46100966579,63732.73450666296,3.3308511704329256,-0.03153915817966208,-3560.6073955741012,-5078.299803963564,0.6230712885011442,-0.012630464872503211,-2792.5389903342148,-2510.0453957503414,,,,,,,0.03070134490870635,0.0117647058823529,,0.22973511741379893,0.8625,0.22784810126582278,0.7625,0.1875,0.2125,0.5125,0.25625,0.225,,0.50625,0.1125,0.33125,0.17083333333333336,0.359375,0.4685416666666667,0.28715277777777776,0.3778472222222222,69.0,monitor,"Proxy score from public NDIA service-area data. It combines benchmark gaps, utilisation friction, unspent committed funding and provider-activity indicators; it is a triage signal, not proof of unmet need.",supply_response_gap is participant growth minus provider growth; it is not a provider caseload measure.,2025,static 2025 ERP denominator from local processed file; quarterly interpolation unavailable without annual series,derived_from_local_curated_source
2025Q1,2025 Q1,2024-09-30,ndia_service_area,Robina,Robina,QLD,Major Cities of Australia,691230.0,15790.0,15790.0,22.8433372394138,22.8433372394138,0.0411446656995913,0.0411446656995913,86000.0,33500.0,1357940000.0,1030917000.0,65289.23369221026,65289.23369221026,1491423.9833340566,0.7591771359559333,327023000.0,20710.76630778974,0.78,26.153554026565185,0.7601002932313932,82459.7494204458,60716.14056683959,23.368427888963133,0.777901017449582,83196.99210700695,63287.15620185708,3.3102167871513863,-0.019899706768606792,-3540.2505795541947,-4573.093125370673,0.5250906495493339,-0.002098982550418071,-2803.007892993046,-2002.0774903531856,,,,,,,0.026157680677020068,0.0,,0.24082286404406672,0.8625,0.22784810126582278,0.725,0.25,0.21875,0.5125,0.25,0.225,,0.50625,0.1625,0.32916666666666666,0.21041666666666667,0.3625,0.4820833333333333,0.30069444444444443,0.3913888888888889,67.0,monitor,"Proxy score from public NDIA service-area data. It combines benchmark gaps, utilisation friction, unspent committed funding and provider-activity indicators; it is a triage signal, not proof of unmet need.",supply_response_gap is participant growth minus provider growth; it is not a provider caseload measure.,2025,static 2025 ERP denominator from local processed file; quarterly interpolation unavailable without annual series,derived_from_local_curated_source
2025Q2,2025 Q2,2024-12-31,ndia_service_area,Robina,Robina,QLD,Major Cities of Australia,691230.0,16371.0,16371.0,23.68386788767849,23.68386788767849,0.036795440151994985,0.036795440151994985,86000.0,32900.0,1407906000.0,1057025000.0,64566.91710952294,64566.91710952294,1529194.334736629,0.7507781059246853,350881000.0,21433.082890477064,0.77,26.957763247112997,0.7465297732931997,82492.94748629373,60067.7940397898,24.112356938543137,0.7670216640247125,83199.73444972835,62621.1139562926,3.273895359434505,-0.023470226706800327,-3507.052513706265,-4499.123069733141,0.4284890508646484,-0.0029783359752875074,-2800.2655502716516,-1945.803153230343,,,,,,,0.025325026166024944,0.0,,0.2492218940753147,0.8625,0.22784810126582278,0.7375,0.25,0.19375,0.5125,0.24375,0.21875,,0.50625,0.175,0.325,0.20624999999999996,0.35,0.48125,0.29375,0.3875,69.0,monitor,"Proxy score from public NDIA service-area data. It combines benchmark gaps, utilisation friction, unspent committed funding and provider-activity indicators; it is a triage signal, not proof of unmet need.",supply_response_gap is participant growth minus provider growth; it is not a provider caseload measure.,2025,static 2025 ERP denominator from local processed file; quarterly interpolation unavailable without annual series,derived_from_local_curated_source
2025Q3,2025 Q3,2025-03-31,ndia_service_area,Robina,Robina,QLD,Major Cities of Australia,691230.0,,16597.0,,24.010821289585238,,0.01380489890660308,88000.0,,1460536000.0,1086533000.0,65465.62631800928,,1571883.4541324885,0.74392757179556,374003000.0,22534.37368199072,0.76,27.40732028960876,0.7506086859240299,84432.45028614352,60802.47507148593,24.50313856910154,0.7729322500306646,85141.60084900781,63507.002181182106,3.396499000023528,-0.009391314075970172,-3567.5497138564824,-4663.151246523346,0.4923172795163069,0.012932250030664534,-2858.3991509921907,-1958.624136827173,,,,,,,0.027916085239232835,0.023255813953488413,,0.25607242820444,0.8625,0.24050632911392406,0.7625,0.275,0.5625,0.525,0.25625,0.225,,0.50625,0.15,0.3354166666666667,0.32916666666666666,0.534375,0.5527083333333332,0.3996527777777778,0.4761805555555555,48.0,monitor,"Proxy score from public NDIA service-area data. It combines benchmark gaps, utilisation friction, unspent committed funding and provider-activity indicators; it is a triage signal, not proof of unmet need.",supply_response_gap is participant growth minus provider growth; it is not a provider caseload measure.,2025,static 2025 ERP denominator from local processed file; quarterly interpolation unavailable without annual series,funded_plan_context_only
2025Q4,2025 Q4,2025-06-30,ndia_service_area,Robina,Robina,QLD,Major Cities of Australia,691230.0,,16827.0,,24.343561477366435,,0.013857926131228604,89000.0,,1497603000.0,1122896000.0,66731.80008319962,,1624489.6778206965,0.7497955065528047,374707000.0,22268.19991680038,0.76,27.77839830958376,0.7514285432706143,85151.38506175322,62192.49868267691,24.83518208130649,0.7733698580403464,85996.54571858524,64997.01926820798,3.434836832217321,-0.008571456729385717,-3848.6149382467847,-4539.301400522709,0.4916206039400563,0.0133698580403464,-3003.454281414757,-1734.7808149916382,,,,,,,0.033467000081911946,0.011363636363636465,,0.2502044934471953,0.8625,0.22784810126582278,0.7625,0.2875,0.525,0.5375,0.25,0.21875,,0.50625,0.15,0.3354166666666667,0.32083333333333336,0.515625,0.5497916666666667,0.390625,0.47020833333333334,50.0,monitor,"Proxy score from public NDIA service-area data. It combines benchmark gaps, utilisation friction, unspent committed funding and provider-activity indicators; it is a triage signal, not proof of unmet need.",supply_response_gap is participant growth minus provider growth; it is not a provider caseload measure.,2025,static 2025 ERP denominator from local processed file; quarterly interpolation unavailable without annual series,funded_plan_context_only
2026Q1,2026 Q1,2025-09-30,ndia_service_area,Robina,Robina,QLD,Major Cities of Australia,691230.0,,17038.0,,24.64881443224397,,0.012539371248588616,90000.0,,1533420000.0,1162499000.0,68229.78049066792,,1681783.1980672136,0.7581086721185324,370921000.0,21770.21950933208,0.75,28.253214646769933,0.7386029448813405,85151.81887829916,62709.42778038322,25.249615768421013,0.7599765041363589,86109.56887160339,65613.772509322,3.6044002145259633,-0.01139705511865955,-4848.181121700836,-5520.3527102847,0.6008013361770423,0.009976504136358812,-3890.431128396609,-2616.007981345916,,,,,,,0.03526862683632315,0.011235955056179803,,0.2418913278814676,0.8625,0.22784810126582278,0.7875,0.25,0.50625,0.5375,0.24375,0.21875,,0.50625,0.1375,0.3333333333333333,0.29791666666666666,0.50625,0.5408333333333333,0.37916666666666665,0.45999999999999996,58.0,monitor,"Proxy score from public NDIA service-area data. It combines benchmark gaps, utilisation friction, unspent committed funding and provider-activity indicators; it is a triage signal, not proof of unmet need.",supply_response_gap is participant growth minus provider growth; it is not a provider caseload measure.,2025,static 2025 ERP denominator from local processed file; quarterly interpolation unavailable without annual series,funded_plan_context_only
2024Q2,2024 Q2,2023-12-31,ndia_service_area,Rockhampton,Rockhampton,QLD,Very Remote Australia,254611.0,7843.0,7843.0,30.80385372195231,30.80385372195231,,,69000.0,26400.0,541167000.0,367282000.0,46829.27451230397,46829.274512303964,1442522.121982161,0.6786851378594777,173885000.0,22170.725487696036,0.71,24.12050932082575,0.774810548394224,79559.82881407744,60116.50993792392,26.179182279595977,0.7299395777967206,87236.47395075967,60770.62127062127,-6.683344401126561,0.06481054839422398,10559.828814077438,13287.235425619947,-4.624671442356334,0.019939577796720585,18236.473950759668,13941.346758317297,394.0,1560.0,19.906091370558375,19.906091370558375,50.235879127884736,,,,,0.3213148621405223,0.5625,0.810126582278481,0.15,0.5875,0.61875,0.24375,0.9875,0.9125,0.85,0.50625,0.7875,0.7145833333333332,0.6645833333333333,0.6583333333333333,0.5245833333333333,0.6791666666666666,0.6018749999999999,16.0,advocacy: funding or access gap,"Proxy score from public NDIA service-area data. It combines benchmark gaps, utilisation friction, unspent committed funding and provider-activity indicators; it is a triage signal, not proof of unmet need.",supply_response_gap is participant growth minus provider growth; it is not a provider caseload measure.,2025,static 2025 ERP denominator from local processed file; quarterly interpolation unavailable without annual series,derived_from_local_curated_source
2024Q3,2024 Q3,2024-03-31,ndia_service_area,Rockhampton,Rockhampton,QLD,Very Remote Australia,254611.0,7964.0,7964.0,31.279088491856204,31.279088491856204,0.015427769985974837,0.015427769985974837,71000.0,26900.0,565444000.0,381200000.0,47865.39427423405,47865.39427423405,1497185.9032013542,0.6741604827356908,184244000.0,23134.605725765945,0.71,24.68676284471637,0.7773084731227313,81027.36890354347,60498.99233345409,26.741674362372237,0.7287384335959551,89029.82107355865,61786.02459318165,-6.5923256471398375,0.06730847312273128,10027.368903543465,12633.598059220036,-4.53741412948397,0.018738433595955114,18029.821073558647,13920.630318947602,,,,,,,0.03789458780991173,0.02898550724637672,,0.32583951726430915,0.5384615384615384,0.7662337662337663,0.16666666666666666,0.625,0.6375,0.26875,1.0,0.95,,0.50625,0.8,0.7395833333333334,0.6875,0.5718749999999999,0.5179006410256409,0.6663194444444445,0.5921100427350428,21.0,advocacy: funding or access gap,"Proxy score from public NDIA service-area data. It combines benchmark gaps, utilisation friction, unspent committed funding and provider-activity indicators; it is a triage signal, not proof of unmet need.",supply_response_gap is participant growth minus provider growth; it is not a provider caseload measure.,2025,static 2025 ERP denominator from local processed file; quarterly interpolation unavailable without annual series,derived_from_local_curated_source
2024Q4,2024 Q4,2024-06-30,ndia_service_area,Rockhampton,Rockhampton,QLD,Very Remote Australia,254611.0,8107.0,8107.0,31.8407295835608,31.8407295835608,0.017955801104972302,0.017955801104972302,71000.0,27100.0,575597000.0,391760000.0,48323.6709016899,48323.6709016899,1538660.937665694,0.6806150831223929,183837000.0,22676.329098310103,0.71,25.27144981343164,0.7784608418203379,82439.3926044259,61164.480098449734,27.315980747937253,0.7307607285309241,91044.45191984238,62759.91157672161,-6.569279770129164,0.06846084182033792,11439.392604425899,12840.809196759838,-4.524748835623548,0.020760728530924127,20044.45191984238,14436.240675031717,,,,,,,0.02770199370409232,0.0,,0.31938491687760706,0.55,0.7721518987341772,0.1625,0.4875,0.675,0.25625,1.0,0.95,,0.50625,0.7375,0.7354166666666666,0.6333333333333334,0.590625,0.4847916666666666,0.653125,0.5689583333333332,25.0,advocacy: funding or access gap,"Proxy score from public NDIA service-area data. It combines benchmark gaps, utilisation friction, unspent committed funding and provider-activity indicators; it is a triage signal, not proof of unmet need.",supply_response_gap is participant growth minus provider growth; it is not a provider caseload measure.,2025,static 2025 ERP denominator from local processed file; quarterly interpolation unavailable without annual series,derived_from_local_curated_source
2025Q1,2025 Q1,2024-09-30,ndia_service_area,Rockhampton,Rockhampton,QLD,Very Remote Australia,254611.0,8354.0,8354.0,32.81083692377784,32.81083692377784,0.03046749722462061,0.03046749722462061,72000.0,27100.0,601488000.0,401343000.0,48042.015800813984,48042.015800813984,1576298.7459300659,0.6672502194557497,200145000.0,23957.98419918602,0.7,26.153554026565185,0.7601002932313932,82459.7494204458,60716.14056683959,28.08981758060144,0.7175297333925275,91778.55924480688,62539.22003878777,-6.6572828972126565,0.06010029323139321,10459.749420445805,12674.124766025605,-4.721019343176401,0.017529733392527475,19778.55924480688,14497.204237973783,,,,,,,0.024461404941801046,0.014084507042253502,,0.3327497805442503,0.55,0.759493670886076,0.1625,0.575,0.65,0.25625,1.0,0.95,,0.50625,0.775,0.7354166666666666,0.6666666666666666,0.578125,0.5064583333333333,0.6600694444444444,0.5832638888888888,22.0,advocacy: funding or access gap,"Proxy score from public NDIA service-area data. It combines benchmark gaps, utilisation friction, unspent committed funding and provider-activity indicators; it is a triage signal, not proof of unmet need.",supply_response_gap is participant growth minus provider growth; it is not a provider caseload measure.,2025,static 2025 ERP denominator from local processed file; quarterly interpolation unavailable without annual series,derived_from_local_curated_source
2025Q2,2025 Q2,2024-12-31,ndia_service_area,Rockhampton,Rockhampton,QLD,Very Remote Australia,254611.0,8568.0,8568.0,33.65133478129382,33.65133478129382,0.025616471151544085,0.025616471151544085,72000.0,27100.0,616896000.0,405350000.0,47309.75723622782,47309.75723622782,1592036.4791780403,0.6570799616142753,211546000.0,24690.242763772174,0.69,26.957763247112997,0.7465297732931997,82492.94748629373,60067.7940397898,28.799988448237272,0.6997169488821533,91472.6178809909,62312.67804644591,-6.693571534180826,0.056529773293199664,10492.947486293735,12758.036803561976,-4.851346333056547,0.009716948882153248,19472.617880990903,15002.920810218086,,,,,,,0.009983978791208603,0.0,,0.3429200383857247,0.55,0.759493670886076,0.1625,0.575,0.55625,0.25625,1.0,0.9625,,0.50625,0.7625,0.7395833333333334,0.63125,0.53125,0.49000000000000005,0.6340277777777777,0.5620138888888889,24.0,advocacy: funding or access gap,"Proxy score from public NDIA service-area data. It combines benchmark gaps, utilisation friction, unspent committed funding and provider-activity indicators; it is a triage signal, not proof of unmet need.",supply_response_gap is participant growth minus provider growth; it is not a provider caseload measure.,2025,static 2025 ERP denominator from local processed file; quarterly interpolation unavailable without annual series,derived_from_local_curated_source
2025Q3,2025 Q3,2025-03-31,ndia_service_area,Rockhampton,Rockhampton,QLD,Very Remote Australia,254611.0,,8726.0,,34.27188927422617,,0.01844070961718014,73000.0,,636998000.0,413312000.0,47365.57414622966,,1623307.7125497328,0.6488434814552008,223686000.0,25634.425853770343,0.68,27.40732028960876,0.7506086859240299,84432.45028614352,60802.47507148593,29.255495455759704,0.6998867027124044,93888.60969645302,63068.60655553811,-6.864568984617407,0.07060868592402983,11432.450286143518,13436.900925256276,-5.016393818466465,0.019886702712404367,20888.609696453015,15703.03240930845,,,,,,,0.019642284445540836,0.01388888888888884,,0.35115651854479923,0.55,0.7468354430379747,0.15,0.5125,0.6375,0.25625,1.0,0.9625,,0.50625,0.775,0.7395833333333334,0.6416666666666666,0.5718749999999999,0.4852083333333333,0.6510416666666666,0.568125,20.0,advocacy: funding or access gap,"Proxy score from public NDIA service-area data. It combines benchmark gaps, utilisation friction, unspent committed funding and provider-activity indicators; it is a triage signal, not proof of unmet need.",supply_response_gap is participant growth minus provider growth; it is not a provider caseload measure.,2025,static 2025 ERP denominator from local processed file; quarterly interpolation unavailable without annual series,funded_plan_context_only
2025Q4,2025 Q4,2025-06-30,ndia_service_area,Rockhampton,Rockhampton,QLD,Very Remote Australia,254611.0,,8827.0,,34.668572842493056,,0.011574604629841945,74000.0,,653198000.0,429334000.0,48638.72210263963,,1686235.080181139,0.657280028414049,223864000.0,25361.27789736037,0.68,27.77839830958376,0.7514285432706143,85151.38506175322,62192.49868267691,29.615831690817068,0.7017884845529896,94950.29032401046,64775.29808075883,-6.890174532909299,0.07142854327061428,11151.385061753215,13553.77658003728,-5.052741151675988,0.02178848455298961,20950.290324010464,16136.575978119203,,,,,,,0.03876490399504484,0.013698630136986356,,0.342719971585951,0.55,0.7468354430379747,0.175,0.5625,0.61875,0.26875,1.0,0.95,,0.50625,0.775,0.7395833333333334,0.6520833333333332,0.5625,0.5004166666666666,0.6513888888888889,0.5759027777777778,22.0,advocacy: funding or access gap,"Proxy score from public NDIA service-area data. It combines benchmark gaps, utilisation friction, unspent committed funding and provider-activity indicators; it is a triage signal, not proof of unmet need.",supply_response_gap is participant growth minus provider growth; it is not a provider caseload measure.,2025,static 2025 ERP denominator from local processed file; quarterly interpolation unavailable without annual series,funded_plan_context_only
2026Q1,2026 Q1,2025-09-30,ndia_service_area,Rockhampton,Rockhampton,QLD,Very Remote Australia,254611.0,,8952.0,,35.15951785272435,,0.01416109663532339,74000.0,,662448000.0,438005000.0,48928.172475424486,,1720290.9536508634,0.6611915199381687,224443000.0,25071.827524575514,0.67,28.253214646769933,0.7386029448813405,85151.81887829916,62709.42778038322,29.935474216268688,0.6915735929312197,94840.2069766932,65463.76811594203,-6.906303205954416,0.06860294488134044,11151.818878299164,13781.255304958737,-5.2240436364556615,0.021573592931219708,20840.206976693196,16535.595640517546,,,,,,,0.020196397210563433,0.0,,0.3388084800618313,0.55,0.7468354430379747,0.1625,0.5875,0.61875,0.26875,0.9875,0.95,,0.50625,0.7875,0.7354166666666666,0.6645833333333333,0.5625,0.5054166666666666,0.6541666666666667,0.5797916666666667,20.0,advocacy: funding or access gap,"Proxy score from public NDIA service-area data. It combines benchmark gaps, utilisation friction, unspent committed funding and provider-activity indicators; it is a triage signal, not proof of unmet need.",supply_response_gap is participant growth minus provider growth; it is not a provider caseload measure.,2025,static 2025 ERP denominator from local processed file; quarterly interpolation unavailable without annual series,funded_plan_context_only
2024Q2,2024 Q2,2023-12-31,ndia_service_area,South East Metro,South East Metro,WA,Major Cities of Australia,345057.0,6545.0,6545.0,18.967880668990922,18.96788066899092,,,98000.0,41700.0,641410000.0,476820000.0,72852.55920550038,72852.55920550038,1381858.6494405272,0.7433934612806161,164590000.0,25147.440794499616,0.76,24.12050932082575,0.774810548394224,79559.82881407744,60116.50993792392,21.54075115403415,0.7958582408716173,80400.51139569166,62712.29290901039,5.152628651834828,0.014810548394223987,-18440.17118592256,-12736.049267576462,2.5728704850432287,0.03585824087161725,-17599.48860430834,-10140.266296489986,680.0,1536.0,9.625,9.625,103.89610389610391,,,,,0.2566065387193839,0.475,0.13924050632911392,0.95,0.7375,0.78125,0.6875,0.25625,0.225,0.1375,0.50625,0.475,0.38958333333333334,0.6645833333333333,0.47500000000000003,0.6604166666666667,0.5097222222222223,0.5850694444444444,23.0,monitor,"Proxy score from public NDIA service-area data. It combines benchmark gaps, utilisation friction, unspent committed funding and provider-activity indicators; it is a triage signal, not proof of unmet need.",supply_response_gap is participant growth minus provider growth; it is not a provider caseload measure.,2025,static 2025 ERP denominator from local processed file; quarterly interpolation unavailable without annual series,derived_from_local_curated_source
2024Q3,2024 Q3,2024-03-31,ndia_service_area,South East Metro,South East Metro,WA,Major Cities of Australia,345057.0,6740.0,6740.0,19.533004691978427,19.533004691978427,0.029793735676088673,0.029793735676088673,101000.0,42200.0,680740000.0,504382000.0,74834.12462908012,74834.12462908012,1461735.3074999203,0.7409319270205952,176358000.0,26165.875370919883,0.77,24.68676284471637,0.7773084731227313,81027.36890354347,60498.99233345409,22.15635799622129,0.7987044245491112,81921.83021338335,63196.969696969696,5.15375815273794,0.0073084731227312716,-19972.631096456535,-14335.132295626034,2.6233533042428654,0.028704424549111138,-19078.16978661665,-11637.154932110425,,,,,,,0.05780378339834735,0.030612244897959107,,0.2590680729794048,0.46153846153846156,0.15584415584415584,0.9615384615384616,0.725,0.73125,0.725,0.2625,0.23125,,0.50625,0.4,0.40625,0.6187499999999999,0.6187499999999999,0.6771153846153846,0.5479166666666666,0.6125160256410256,17.0,business opportunity: high demand friction,"Proxy score from public NDIA service-area data. It combines benchmark gaps, utilisation friction, unspent committed funding and provider-activity indicators; it is a triage signal, not proof of unmet need.",supply_response_gap is participant growth minus provider growth; it is not a provider caseload measure.,2025,static 2025 ERP denominator from local processed file; quarterly interpolation unavailable without annual series,derived_from_local_curated_source
2024Q4,2024 Q4,2024-06-30,ndia_service_area,South East Metro,South East Metro,WA,Major Cities of Australia,345057.0,6865.0,6865.0,19.895263681072983,19.895263681072983,0.0185459940652819,0.0185459940652819,103000.0,42700.0,707095000.0,519538000.0,75679.24253459577,75679.24253459577,1505658.485409657,0.7347499275203473,187557000.0,27320.757465404226,0.77,25.27144981343164,0.7784608418203379,82439.3926044259,61164.480098449734,22.563669931499856,0.7973695351274968,83207.46100966579,63732.73450666296,5.376186132358654,0.00846084182033792,-20560.6073955741,-14514.76243614604,2.668406250426873,0.027369535127496788,-19792.538990334215,-11946.508027932818,,,,,,,0.030048653599850983,0.01980198019801982,,0.2652500724796527,0.475,0.1518987341772152,0.9375,0.7875,0.73125,0.6625,0.25625,0.225,,0.50625,0.425,0.38125000000000003,0.6479166666666666,0.6187499999999999,0.6933333333333334,0.5493055555555555,0.6213194444444444,16.0,business opportunity: high demand friction,"Proxy score from public NDIA service-area data. It combines benchmark gaps, utilisation friction, unspent committed funding and provider-activity indicators; it is a triage signal, not proof of unmet need.",supply_response_gap is participant growth minus provider growth; it is not a provider caseload measure.,2025,static 2025 ERP denominator from local processed file; quarterly interpolation unavailable without annual series,derived_from_local_curated_source
2025Q1,2025 Q1,2024-09-30,ndia_service_area,South East Metro,South East Metro,WA,Major Cities of Australia,345057.0,7098.0,7098.0,20.57051443674523,20.57051443674523,0.03394027676620537,0.03394027676620537,103000.0,42600.0,731094000.0,537806000.0,75768.6672302057,75768.6672302057,1558600.4631118916,0.735618128448599,193288000.0,27231.33276979431,0.76,26.153554026565185,0.7601002932313932,82459.7494204458,60716.14056683959,23.368427888963133,0.777901017449582,83196.99210700695,63287.15620185708,5.583039589819954,0.000100293231393209,-20540.250579554195,-15052.526663366109,2.7979134522179017,0.01790101744958193,-19803.007892993046,-12481.511028348621,,,,,,,0.03516200932366842,0.0,,0.264381871551401,0.475,0.13924050632911392,0.9625,0.7625,0.66875,0.6625,0.25,0.225,,0.50625,0.35,0.37916666666666665,0.59375,0.5874999999999999,0.6762499999999999,0.5201388888888888,0.5981944444444444,18.0,business opportunity: high demand friction,"Proxy score from public NDIA service-area data. It combines benchmark gaps, utilisation friction, unspent committed funding and provider-activity indicators; it is a triage signal, not proof of unmet need.",supply_response_gap is participant growth minus provider growth; it is not a provider caseload measure.,2025,static 2025 ERP denominator from local processed file; quarterly interpolation unavailable without annual series,derived_from_local_curated_source
2025Q2,2025 Q2,2024-12-31,ndia_service_area,South East Metro,South East Metro,WA,Major Cities of Australia,345057.0,7349.0,7349.0,21.2979304868471,21.2979304868471,0.03536207382361223,0.03536207382361223,104000.0,42200.0,764296000.0,553486000.0,75314.4645530004,75314.4645530004,1604042.2307039127,0.7241775437788501,210810000.0,28685.53544699959,0.76,26.957763247112997,0.7465297732931997,82492.94748629373,60067.7940397898,24.112356938543137,0.7670216640247125,83199.73444972835,62621.1139562926,5.659832760265893,-0.013470226706800332,-21507.052513706265,-15246.670513210607,2.814426451696036,0.007021664024712493,-20800.26555027165,-12693.350596707809,,,,,,,0.029155494732301168,0.009708737864077666,,0.27582245622114987,0.475,0.16455696202531644,0.9625,0.7875,0.5,0.6375,0.24375,0.21875,,0.50625,0.3625,0.3666666666666667,0.55,0.503125,0.655625,0.47326388888888893,0.5644444444444445,22.0,monitor,"Proxy score from public NDIA service-area data. It combines benchmark gaps, utilisation friction, unspent committed funding and provider-activity indicators; it is a triage signal, not proof of unmet need.",supply_response_gap is participant growth minus provider growth; it is not a provider caseload measure.,2025,static 2025 ERP denominator from local processed file; quarterly interpolation unavailable without annual series,derived_from_local_curated_source
2025Q3,2025 Q3,2025-03-31,ndia_service_area,South East Metro,South East Metro,WA,Major Cities of Australia,345057.0,,7446.0,,21.57904346238448,,0.013199074704041358,106000.0,,789276000.0,571028000.0,76689.22911630405,,1654880.2081974861,0.7234832935500383,218248000.0,29310.770883695943,0.76,27.40732028960876,0.7506086859240299,84432.45028614352,60802.47507148593,24.50313856910154,0.7729322500306646,85141.60084900781,63507.002181182106,5.828276827224286,-0.009391314075970172,-21567.549713856482,-15886.754044818117,2.924095106717065,0.012932250030664534,-20858.39915099219,-13182.226935121944,,,,,,,0.03169366524175854,0.019230769230769162,,0.27651670644996174,0.475,0.1518987341772152,0.9625,0.7375,0.5625,0.6625,0.25625,0.225,,0.50625,0.3,0.38125000000000003,0.5333333333333333,0.534375,0.6485416666666666,0.4829861111111111,0.5657638888888888,21.0,monitor,"Proxy score from public NDIA service-area data. It combines benchmark gaps, utilisation friction, unspent committed funding and provider-activity indicators; it is a triage signal, not proof of unmet need.",supply_response_gap is participant growth minus provider growth; it is not a provider caseload measure.,2025,static 2025 ERP denominator from local processed file; quarterly interpolation unavailable without annual series,funded_plan_context_only
2025Q4,2025 Q4,2025-06-30,ndia_service_area,South East Metro,South East Metro,WA,Major Cities of Australia,345057.0,,7521.0,,21.796398855841208,,0.010072522159548791,107000.0,,804747000.0,592938000.0,78837.65456721181,,1718376.9638059798,0.7368005099739421,211809000.0,28162.345432788192,0.76,27.77839830958376,0.7514285432706143,85151.38506175322,62192.49868267691,24.83518208130649,0.7733698580403464,85996.54571858524,64997.01926820798,5.981999453742549,-0.008571456729385717,-21848.614938246785,-16645.1558845349,3.038783225465284,0.0133698580403464,-21003.454281414757,-13840.635299003829,,,,,,,0.03836939694726005,0.009433962264151052,,0.2631994900260579,0.475,0.1518987341772152,0.9625,0.7125,0.525,0.6625,0.25,0.21875,,0.50625,0.2625,0.3770833333333334,0.5,0.515625,0.6331249999999999,0.4642361111111111,0.5486805555555555,24.0,monitor,"Proxy score from public NDIA service-area data. It combines benchmark gaps, utilisation friction, unspent committed funding and provider-activity indicators; it is a triage signal, not proof of unmet need.",supply_response_gap is participant growth minus provider growth; it is not a provider caseload measure.,2025,static 2025 ERP denominator from local processed file; quarterly interpolation unavailable without annual series,funded_plan_context_only
2026Q1,2026 Q1,2025-09-30,ndia_service_area,South East Metro,South East Metro,WA,Major Cities of Australia,345057.0,,7632.0,,22.118084838157174,,0.014758675708017588,106000.0,,808992000.0,602638000.0,78962.00209643606,,1746488.2613597175,0.7449245480795854,206354000.0,27037.99790356394,0.75,28.253214646769933,0.7386029448813405,85151.81887829916,62709.42778038322,25.249615768421013,0.7599765041363589,86109.56887160339,65613.772509322,6.13512980861276,-0.01139705511865955,-20848.181121700836,-16252.574316052836,3.131530930263839,0.009976504136358812,-19890.43112839661,-13348.229587114052,,,,,,,0.016359214622776674,-0.009345794392523366,,0.2550754519204146,0.475,0.1518987341772152,0.9625,0.6875,0.50625,0.6625,0.24375,0.21875,,0.50625,0.25,0.375,0.48125,0.50625,0.6224999999999999,0.4541666666666666,0.5383333333333333,30.0,monitor,"Proxy score from public NDIA service-area data. It combines benchmark gaps, utilisation friction, unspent committed funding and provider-activity indicators; it is a triage signal, not proof of unmet need.",supply_response_gap is participant growth minus provider growth; it is not a provider caseload measure.,2025,static 2025 ERP denominator from local processed file; quarterly interpolation unavailable without annual series,funded_plan_context_only
2024Q2,2024 Q2,2023-12-31,ndia_service_area,South Eastern Sydney,South Eastern Sydney,NSW,Major Cities of Australia,868063.0,13413.0,13413.0,15.451643486705459,15.45164348670546,,,86000.0,32800.0,1153518000.0,916251000.0,68310.6687541937,68310.6687541937,1055512.099928231,0.7943101017929499,237267000.0,17689.33124580631,0.81,24.12050932082575,0.774810548394224,79559.82881407744,60116.50993792392,21.54075115403415,0.7958582408716173,80400.51139569166,62712.29290901039,8.668865834120291,-0.03518945160577601,-6440.171185922562,-8194.15881626978,6.089107667328692,-0.014141759128382746,-5599.488604308339,-5598.3758451833055,1143.0,3110.0,11.73490813648294,11.73490813648294,85.21583538358308,,,,,0.20568989820705008,0.85,0.05063291139240506,0.8875,0.1625,0.1875,0.875,0.25625,0.225,0.25,0.50625,0.05,0.4520833333333334,0.13333333333333333,0.3145833333333333,0.4695833333333333,0.3,0.38479166666666664,72.0,monitor,"Proxy score from public NDIA service-area data. It combines benchmark gaps, utilisation friction, unspent committed funding and provider-activity indicators; it is a triage signal, not proof of unmet need.",supply_response_gap is participant growth minus provider growth; it is not a provider caseload measure.,2025,static 2025 ERP denominator from local processed file; quarterly interpolation unavailable without annual series,derived_from_local_curated_source
2024Q3,2024 Q3,2024-03-31,ndia_service_area,South Eastern Sydney,South Eastern Sydney,NSW,Major Cities of Australia,868063.0,13736.0,13736.0,15.823736295637529,15.823736295637527,0.02408111533586821,0.02408111533586821,87000.0,32500.0,1195032000.0,938687000.0,68337.72568433314,68337.72568433314,1081358.1502725033,0.7854910998199212,256345000.0,18662.274315666862,0.82,24.68676284471637,0.7773084731227313,81027.36890354347,60498.99233345409,22.15635799622129,0.7987044245491112,81921.83021338335,63196.969696969696,8.863026549078837,-0.04269152687726873,-5972.631096456535,-7838.733350879054,6.332621700583763,-0.02129557545088886,-5078.1697866166505,-5140.7559873634455,,,,,,,0.024486739987186867,0.011627906976744207,,0.21450890018007884,0.8461538461538461,0.05194805194805195,0.8846153846153846,0.175,0.20625,0.8875,0.2625,0.23125,,0.50625,0.0875,0.46041666666666664,0.15625,0.35624999999999996,0.48365384615384616,0.32430555555555557,0.40397970085470086,63.0,monitor,"Proxy score from public NDIA service-area data. It combines benchmark gaps, utilisation friction, unspent committed funding and provider-activity indicators; it is a triage signal, not proof of unmet need.",supply_response_gap is participant growth minus provider growth; it is not a provider caseload measure.,2025,static 2025 ERP denominator from local processed file; quarterly interpolation unavailable without annual series,derived_from_local_curated_source
2024Q4,2024 Q4,2024-06-30,ndia_service_area,South Eastern Sydney,South Eastern Sydney,NSW,Major Cities of Australia,868063.0,14003.0,14003.0,16.131317657819768,16.131317657819768,0.01943797320908569,0.01943797320908569,88000.0,32600.0,1232264000.0,956846000.0,68331.50039277297,68331.50039277297,1102277.138871257,0.7764943226451475,275418000.0,19668.499607227022,0.81,25.27144981343164,0.7784608418203379,82439.3926044259,61164.480098449734,22.563669931499856,0.7973695351274968,83207.46100966579,63732.73450666296,9.14013215561187,-0.03153915817966208,-5560.607395574101,-7167.020294323236,6.432352273680088,-0.012630464872503211,-4792.538990334215,-4598.7658861100135,,,,,,,0.019345106515803456,0.011494252873563315,,0.2235056773548525,0.85,0.05063291139240506,0.875,0.175,0.2125,0.875,0.25625,0.225,,0.50625,0.0625,0.4520833333333334,0.15,0.359375,0.48187499999999994,0.32048611111111114,0.40118055555555554,65.0,monitor,"Proxy score from public NDIA service-area data. It combines benchmark gaps, utilisation friction, unspent committed funding and provider-activity indicators; it is a triage signal, not proof of unmet need.",supply_response_gap is participant growth minus provider growth; it is not a provider caseload measure.,2025,static 2025 ERP denominator from local processed file; quarterly interpolation unavailable without annual series,derived_from_local_curated_source
2025Q1,2025 Q1,2024-09-30,ndia_service_area,South Eastern Sydney,South Eastern Sydney,NSW,Major Cities of Australia,868063.0,14403.0,14403.0,16.592113706032855,16.592113706032855,0.028565307434121223,0.028565307434121223,88000.0,32400.0,1267464000.0,980147000.0,68051.58647503992,68051.58647503992,1129119.66066979,0.7733134826709082,287317000.0,19948.413524960077,0.79,26.153554026565185,0.7601002932313932,82459.7494204458,60716.14056683959,23.368427888963133,0.777901017449582,83196.99210700695,63287.15620185708,9.56144032053233,-0.02989970676860679,-5540.250579554195,-7335.44590820033,6.776314182930278,-0.012098982550418072,-4803.007892993046,-4764.430273182843,,,,,,,0.024351881075951542,0.0,,0.22668651732909184,0.85,0.05063291139240506,0.8625,0.175,0.21875,0.875,0.25,0.225,,0.50625,0.0625,0.45,0.15208333333333332,0.3625,0.4804166666666666,0.3215277777777778,0.4009722222222222,65.0,monitor,"Proxy score from public NDIA service-area data. It combines benchmark gaps, utilisation friction, unspent committed funding and provider-activity indicators; it is a triage signal, not proof of unmet need.",supply_response_gap is participant growth minus provider growth; it is not a provider caseload measure.,2025,static 2025 ERP denominator from local processed file; quarterly interpolation unavailable without annual series,derived_from_local_curated_source
2025Q2,2025 Q2,2024-12-31,ndia_service_area,South Eastern Sydney,South Eastern Sydney,NSW,Major Cities of Australia,868063.0,14832.0,14832.0,17.0863174677414,17.0863174677414,0.02978546136221616,0.02978546136221616,87000.0,31600.0,1290384000.0,996069000.0,67156.75566343042,67156.75566343042,1147461.6473689121,0.771916731763568,294315000.0,19843.24433656958,0.78,26.957763247112997,0.7465297732931997,82492.94748629373,60067.7940397898,24.112356938543137,0.7670216640247125,83199.73444972835,62621.1139562926,9.871445779371594,-0.033470226706800325,-4507.052513706265,-7088.961623640622,7.026039470801738,-0.012978335975287508,-3800.2655502716516,-4535.641707137824,,,,,,,0.016244502100195124,-0.011363636363636354,,0.228083268236432,0.85,0.05063291139240506,0.8375,0.1125,0.19375,0.875,0.24375,0.21875,,0.50625,0.0625,0.4458333333333333,0.12291666666666667,0.35,0.45458333333333334,0.30624999999999997,0.3804166666666666,70.0,monitor,"Proxy score from public NDIA service-area data. It combines benchmark gaps, utilisation friction, unspent committed funding and provider-activity indicators; it is a triage signal, not proof of unmet need.",supply_response_gap is participant growth minus provider growth; it is not a provider caseload measure.,2025,static 2025 ERP denominator from local processed file; quarterly interpolation unavailable without annual series,derived_from_local_curated_source
2025Q3,2025 Q3,2025-03-31,ndia_service_area,South Eastern Sydney,South Eastern Sydney,NSW,Major Cities of Australia,868063.0,,15031.0,,17.315563501727407,,0.013416936353829456,89000.0,,1337759000.0,1021127000.0,67934.73488124543,,1176328.2158092214,0.7633116278791621,316632000.0,21065.265118754574,0.79,27.40732028960876,0.7506086859240299,84432.45028614352,60802.47507148593,24.50313856910154,0.7729322500306646,85141.60084900781,63507.002181182106,10.091756787881357,-0.03939131407597017,-4567.549713856482,-7132.259809759496,7.187575067374134,-0.017067749969335466,-3858.3991509921907,-4427.732700063323,,,,,,,0.02515689174143554,0.02298850574712641,,0.23668837212083793,0.85,0.05063291139240506,0.8375,0.1,0.2125,0.8875,0.25625,0.225,,0.50625,0.0625,0.45625,0.125,0.359375,0.45437500000000003,0.31354166666666666,0.38395833333333335,73.0,monitor,"Proxy score from public NDIA service-area data. It combines benchmark gaps, utilisation friction, unspent committed funding and provider-activity indicators; it is a triage signal, not proof of unmet need.",supply_response_gap is participant growth minus provider growth; it is not a provider caseload measure.,2025,static 2025 ERP denominator from local processed file; quarterly interpolation unavailable without annual series,funded_plan_context_only
2025Q4,2025 Q4,2025-06-30,ndia_service_area,South Eastern Sydney,South Eastern Sydney,NSW,Major Cities of Australia,868063.0,,15258.0,,17.577065259088336,,0.015102122280620023,90000.0,,1373220000.0,1059456000.0,69436.09909555643,,1220482.8451391202,0.7715122121728493,313764000.0,20563.90090444357,0.79,27.77839830958376,0.7514285432706143,85151.38506175322,62192.49868267691,24.83518208130649,0.7733698580403464,85996.54571858524,64997.01926820798,10.20133305049542,-0.03857145672938572,-4848.614938246785,-7243.600412879525,7.258116822218156,-0.0166301419596536,-4003.454281414757,-4439.079827348454,,,,,,,0.03753597740535697,0.011235955056179803,,0.22848778782715073,0.85,0.05063291139240506,0.825,0.125,0.1875,0.8875,0.25,0.21875,,0.50625,0.0875,0.45208333333333334,0.13333333333333333,0.346875,0.45604166666666657,0.3107638888888889,0.38340277777777776,70.0,monitor,"Proxy score from public NDIA service-area data. It combines benchmark gaps, utilisation friction, unspent committed funding and provider-activity indicators; it is a triage signal, not proof of unmet need.",supply_response_gap is participant growth minus provider growth; it is not a provider caseload measure.,2025,static 2025 ERP denominator from local processed file; quarterly interpolation unavailable without annual series,funded_plan_context_only
2026Q1,2026 Q1,2025-09-30,ndia_service_area,South Eastern Sydney,South Eastern Sydney,NSW,Major Cities of Australia,868063.0,,15485.0,,17.838567016449268,,0.014877441342246778,90000.0,,1393650000.0,1083109000.0,69945.68937681627,,1247730.8674600807,0.7771743264090697,310541000.0,20054.310623183726,0.77,28.253214646769933,0.7386029448813405,85151.81887829916,62709.42778038322,25.249615768421013,0.7599765041363589,86109.56887160339,65613.772509322,10.414647630320664,-0.031397055118659555,-4848.181121700836,-7236.261596433047,7.411048751971744,-0.010023495863641187,-3890.431128396609,-4331.916867494263,,,,,,,0.022325608614232273,0.0,,0.2228256735909303,0.85,0.05063291139240506,0.825,0.125,0.2,0.8875,0.24375,0.21875,,0.50625,0.075,0.44999999999999996,0.13333333333333333,0.353125,0.4572916666666666,0.3121527777777778,0.3847222222222222,65.0,monitor,"Proxy score from public NDIA service-area data. It combines benchmark gaps, utilisation friction, unspent committed funding and provider-activity indicators; it is a triage signal, not proof of unmet need.",supply_response_gap is participant growth minus provider growth; it is not a provider caseload measure.,2025,static 2025 ERP denominator from local processed file; quarterly interpolation unavailable without annual series,funded_plan_context_only
2024Q2,2024 Q2,2023-12-31,ndia_service_area,South Metro,South Metro,WA,Inner Regional Australia,441742.0,9255.0,9255.0,20.951143427611594,20.951143427611598,,,75000.0,30100.0,694125000.0,491785000.0,53137.22312263641,53137.22312263641,1113285.5829873546,0.7084963083018189,202340000.0,21862.776877363587,0.75,24.12050932082575,0.774810548394224,79559.82881407744,60116.50993792392,26.8899974718611,0.7630061336695022,76355.8163924701,56667.37290379991,3.169365893214156,0.024810548394223985,4559.828814077438,6979.286815287509,5.938854044249506,0.013006133669502162,1355.816392470093,3530.149781163498,702.0,1913.0,13.183760683760683,13.183760683760683,75.85089141004862,,,,,0.29150369169818113,0.6625,0.24050632911392406,0.3125,0.575,0.49375,0.8625,0.56875,0.6,0.4,0.50625,0.675,0.6770833333333334,0.58125,0.4666666666666666,0.5195833333333333,0.575,0.5472916666666666,29.0,advocacy: funding or access gap,"Proxy score from public NDIA service-area data. It combines benchmark gaps, utilisation friction, unspent committed funding and provider-activity indicators; it is a triage signal, not proof of unmet need.",supply_response_gap is participant growth minus provider growth; it is not a provider caseload measure.,2025,static 2025 ERP denominator from local processed file; quarterly interpolation unavailable without annual series,derived_from_local_curated_source
2024Q3,2024 Q3,2024-03-31,ndia_service_area,South Metro,South Metro,WA,Inner Regional Australia,441742.0,9649.0,9649.0,21.843066767479662,21.843066767479662,0.042571582928147,0.042571582928147,76000.0,30400.0,733324000.0,517099000.0,53590.94206653539,53590.94206653539,1170590.525691467,0.7051439745596763,216225000.0,22409.057933464606,0.75,24.68676284471637,0.7773084731227313,81027.36890354347,60498.99233345409,27.71623599286424,0.7648604023741618,77994.1725121406,56947.80441429636,2.843696077236704,0.027308473122731273,5027.368903543465,6908.050266918697,5.873169225384576,0.014860402374161762,1994.1725121406052,3356.8623477609726,,,,,,,0.05147371310633719,0.01333333333333342,,0.29485602544032374,0.6538461538461539,0.2597402597402597,0.32051282051282054,0.5375,0.55,0.875,0.6125,0.6,,0.50625,0.6375,0.6958333333333333,0.575,0.528125,0.5229967948717948,0.5996527777777777,0.5613247863247863,26.0,advocacy: funding or access gap,"Proxy score from public NDIA service-area data. It combines benchmark gaps, utilisation friction, unspent committed funding and provider-activity indicators; it is a triage signal, not proof of unmet need.",supply_response_gap is participant growth minus provider growth; it is not a provider caseload measure.,2025,static 2025 ERP denominator from local processed file; quarterly interpolation unavailable without annual series,derived_from_local_curated_source
2024Q4,2024 Q4,2024-06-30,ndia_service_area,South Metro,South Metro,WA,Inner Regional Australia,441742.0,9920.0,9920.0,22.45654703424171,22.45654703424171,0.028085812001243715,0.028085812001243715,77000.0,31100.0,763840000.0,538195000.0,54253.52822580645,54253.528225806454,1218346.9083763824,0.704591275659824,225645000.0,22746.47177419355,0.76,25.27144981343164,0.7784608418203379,82439.3926044259,61164.480098449734,28.31985586047522,0.7685814728943384,79139.48388848934,57480.02092208034,2.8149027791899286,0.01846084182033792,5439.392604425899,6910.951872643287,5.86330882623351,0.008581472894338447,2139.4838884893397,3226.49269627389,,,,,,,0.04079683000740664,0.013157894736842035,,0.29540872434017595,0.6625,0.26582278481012656,0.325,0.5125,0.54375,0.8625,0.6,0.5875,,0.50625,0.625,0.6833333333333332,0.5604166666666667,0.5249999999999999,0.5170833333333332,0.5895833333333332,0.5533333333333332,30.0,advocacy: funding or access gap,"Proxy score from public NDIA service-area data. It combines benchmark gaps, utilisation friction, unspent committed funding and provider-activity indicators; it is a triage signal, not proof of unmet need.",supply_response_gap is participant growth minus provider growth; it is not a provider caseload measure.,2025,static 2025 ERP denominator from local processed file; quarterly interpolation unavailable without annual series,derived_from_local_curated_source
2025Q1,2025 Q1,2024-09-30,ndia_service_area,South Metro,South Metro,WA,Inner Regional Australia,441742.0,10377.0,10377.0,23.491087557895785,23.491087557895785,0.04606854838709684,0.04606854838709684,77000.0,30800.0,799029000.0,555574000.0,53538.98043750602,53538.98043750602,1257688.8772179235,0.695311434253325,243455000.0,23461.019562493977,0.74,26.153554026565185,0.7601002932313932,82459.7494204458,60716.14056683959,29.378540729741957,0.749585874550338,79082.76206451863,56908.5598208139,2.6624664686694004,0.02010029323139321,5459.749420445805,7177.16012933357,5.887453171846168,0.009585874550337934,2082.7620645186253,3369.5793833078787,,,,,,,0.03229126989288278,0.0,,0.304688565746675,0.675,0.27848101265822783,0.3125,0.525,0.58125,0.8625,0.58125,0.6125,,0.50625,0.65,0.6854166666666668,0.5854166666666667,0.54375,0.5283333333333333,0.6048611111111112,0.5665972222222222,25.0,advocacy: funding or access gap,"Proxy score from public NDIA service-area data. It combines benchmark gaps, utilisation friction, unspent committed funding and provider-activity indicators; it is a triage signal, not proof of unmet need.",supply_response_gap is participant growth minus provider growth; it is not a provider caseload measure.,2025,static 2025 ERP denominator from local processed file; quarterly interpolation unavailable without annual series,derived_from_local_curated_source
2025Q2,2025 Q2,2024-12-31,ndia_service_area,South Metro,South Metro,WA,Inner Regional Australia,441742.0,10796.0,10796.0,24.439605018313856,24.439605018313856,0.04037775850438474,0.04037775850438474,78000.0,30700.0,842088000.0,578298000.0,53565.95035198222,53565.95035198222,1309130.6690330554,0.6867429532305412,263790000.0,24434.049648017783,0.73,26.957763247112997,0.7465297732931997,82492.94748629373,60067.7940397898,30.345785307596167,0.7338446519006651,79096.43428753808,56188.57394969421,2.518158228799137,0.016529773293199667,4492.947486293735,6501.843687807581,5.906180289282311,0.0038446519006650696,1096.4342875380826,2622.623597711994,,,,,,,0.04090184205884362,0.01298701298701288,,0.31325704676945876,0.675,0.2911392405063291,0.35,0.55,0.41875,0.85,0.55,0.575,,0.50625,0.6375,0.6583333333333333,0.5354166666666667,0.4625,0.5145833333333334,0.5520833333333334,0.5333333333333334,31.0,monitor,"Proxy score from public NDIA service-area data. It combines benchmark gaps, utilisation friction, unspent committed funding and provider-activity indicators; it is a triage signal, not proof of unmet need.",supply_response_gap is participant growth minus provider growth; it is not a provider caseload measure.,2025,static 2025 ERP denominator from local processed file; quarterly interpolation unavailable without annual series,derived_from_local_curated_source
2025Q3,2025 Q3,2025-03-31,ndia_service_area,South Metro,South Metro,WA,Inner Regional Australia,441742.0,,11088.0,,25.10062434633791,,0.027047054464616416,79000.0,,875952000.0,603657000.0,54442.37012987013,,1366537.4811541578,0.6891439256945586,272295000.0,24557.62987012987,0.74,27.40732028960876,0.7506086859240299,84432.45028614352,60802.47507148593,30.943280669707555,0.735953040708486,80949.4227901239,56650.43820079907,2.306695943270853,0.010608685924029828,5432.450286143518,6360.104941615806,5.842656323369646,-0.004046959291514014,1949.4227901239065,2208.0680709289445,,,,,,,0.043851094072606234,0.012820512820512775,,0.3108560743054414,0.675,0.3291139240506329,0.3625,0.4,0.2125,0.8375,0.6125,0.5625,,0.50625,0.6,0.6708333333333334,0.4041666666666666,0.359375,0.44020833333333337,0.47812499999999997,0.45916666666666667,55.0,advocacy: funding or access gap,"Proxy score from public NDIA service-area data. It combines benchmark gaps, utilisation friction, unspent committed funding and provider-activity indicators; it is a triage signal, not proof of unmet need.",supply_response_gap is participant growth minus provider growth; it is not a provider caseload measure.,2025,static 2025 ERP denominator from local processed file; quarterly interpolation unavailable without annual series,funded_plan_context_only
2025Q4,2025 Q4,2025-06-30,ndia_service_area,South Metro,South Metro,WA,Inner Regional Australia,441742.0,,11361.0,,25.718632142743957,,0.024621212121212155,79000.0,,897519000.0,633953000.0,55800.80978787079,,1435120.500201475,0.7063393644034277,263566000.0,23199.190212129215,0.73,27.77839830958376,0.7514285432706143,85151.38506175322,62192.49868267691,31.40646420190928,0.7357142727569568,81348.30207161774,57871.566955701484,2.059766166839804,0.021428543270614286,6151.385061753215,6391.688894806117,5.687832059165324,0.005714272756956831,2348.3020716177416,2070.757167830692,,,,,,,0.05018744088116267,0.0,,0.2936606355965723,0.675,0.3291139240506329,0.3625,0.375,0.45625,0.825,0.625,0.5625,,0.50625,0.575,0.6708333333333334,0.46875,0.48124999999999996,0.4725,0.5402777777777777,0.5063888888888889,36.0,advocacy: funding or access gap,"Proxy score from public NDIA service-area data. It combines benchmark gaps, utilisation friction, unspent committed funding and provider-activity indicators; it is a triage signal, not proof of unmet need.",supply_response_gap is participant growth minus provider growth; it is not a provider caseload measure.,2025,static 2025 ERP denominator from local processed file; quarterly interpolation unavailable without annual series,funded_plan_context_only
2026Q1,2026 Q1,2025-09-30,ndia_service_area,South Metro,South Metro,WA,Inner Regional Australia,441742.0,,11703.0,,26.49283971186801,,0.03010298389226307,79000.0,,924537000.0,658318000.0,56252.07211826027,,1490277.1300895093,0.712051545800763,266219000.0,22747.927881739724,0.73,28.253214646769933,0.7386029448813405,85151.81887829916,62709.42778038322,32.03344264863498,0.7233427743146025,81102.38055009648,58210.68357447111,1.7603749349019218,0.008602944881340448,6151.818878299164,6457.355662122951,5.54060293676697,-0.006657225685397492,2102.380550096481,1958.6114562108414,,,,,,,0.038433448536405734,0.0,,0.287948454199237,0.675,0.35443037974683544,0.35,0.3875,0.2,0.825,0.5875,0.5625,,0.50625,0.5375,0.6583333333333333,0.375,0.353125,0.428125,0.4621527777777777,0.44513888888888886,59.0,monitor,"Proxy score from public NDIA service-area data. It combines benchmark gaps, utilisation friction, unspent committed funding and provider-activity indicators; it is a triage signal, not proof of unmet need.",supply_response_gap is participant growth minus provider growth; it is not a provider caseload measure.,2025,static 2025 ERP denominator from local processed file; quarterly interpolation unavailable without annual series,funded_plan_context_only
2024Q2,2024 Q2,2023-12-31,ndia_service_area,South West,South West,WA,Inner Regional Australia,210962.0,,4600.0,,21.80487481157744,,,75000.0,,345000000.0,231681000.0,50365.434782608696,,1098212.0002654507,0.6715391304347826,113319000.0,24634.565217391304,0.72,24.12050932082575,0.774810548394224,79559.82881407744,60116.50993792392,26.8899974718611,0.7630061336695022,76355.8163924701,56667.37290379991,2.315634509248312,0.05481054839422399,4559.828814077438,9751.075155315222,5.085122660283663,0.043006133669502164,1355.816392470093,6301.938121191211,284.0,836.0,16.197183098591548,,61.73913043478261,,,,,0.32846086956521736,0.375,0.3037974683544304,0.25,0.7,0.81875,0.825,0.56875,0.7,0.7,0.50625,0.8125,0.6979166666666666,0.7770833333333332,0.6749999999999999,0.5554166666666666,0.7166666666666667,0.6360416666666666,7.0,under-funded and under-serviced,"Proxy score from public NDIA service-area data. It combines benchmark gaps, utilisation friction, unspent committed funding and provider-activity indicators; it is a triage signal, not proof of unmet need.",supply_response_gap is participant growth minus provider growth; it is not a provider caseload measure.,2025,static 2025 ERP denominator from local processed file; quarterly interpolation unavailable without annual series,funded_plan_context_only
2024Q3,2024 Q3,2024-03-31,ndia_service_area,South West,South West,WA,Inner Regional Australia,210962.0,,4741.0,,22.47324162645405,,0.030652173913043423,77000.0,,365057000.0,239585000.0,50534.69732124024,,1135678.4634199524,0.6562947704057175,125472000.0,26465.302678759756,0.71,24.68676284471637,0.7773084731227313,81027.36890354347,60498.99233345409,27.71623599286424,0.7648604023741618,77994.1725121406,56947.80441429636,2.2135212182623114,0.06730847312273128,4027.3689035434654,9964.29501221385,5.242994366410184,0.05486040237416177,994.1725121406052,6413.107093056125,,,,,,,0.03411587484515355,0.026666666666666616,,0.3437052295942825,0.358974358974359,0.3116883116883117,0.21794871794871795,0.7625,0.875,0.85,0.5625,0.7125,,0.50625,0.85,0.7083333333333334,0.8291666666666666,0.690625,0.5718429487179486,0.7427083333333334,0.6572756410256411,10.0,under-funded and under-serviced,"Proxy score from public NDIA service-area data. It combines benchmark gaps, utilisation friction, unspent committed funding and provider-activity indicators; it is a triage signal, not proof of unmet need.",supply_response_gap is participant growth minus provider growth; it is not a provider caseload measure.,2025,static 2025 ERP denominator from local processed file; quarterly interpolation unavailable without annual series,funded_plan_context_only
2024Q4,2024 Q4,2024-06-30,ndia_service_area,South West,South West,WA,Inner Regional Australia,210962.0,,4818.0,,22.838236270039157,,0.016241299303944245,78000.0,,375804000.0,245607000.0,50976.96139476961,,1164223.8886624132,0.653550787112431,130197000.0,27023.038605230387,0.71,25.27144981343164,0.7784608418203379,82439.3926044259,61164.480098449734,28.31985586047522,0.7685814728943384,79139.48388848934,57480.02092208034,2.4332135433924837,0.06846084182033792,4439.392604425899,10187.518703680122,5.481619590436065,0.058581472894338446,1139.4838884893397,6503.059527310725,,,,,,,0.025135129494751274,0.01298701298701288,,0.346449212887569,0.375,0.3037974683544304,0.2,0.75,0.925,0.85,0.55,0.7125,,0.50625,0.825,0.7041666666666666,0.8333333333333334,0.715625,0.5747916666666667,0.7510416666666666,0.6629166666666666,7.0,under-funded and under-serviced,"Proxy score from public NDIA service-area data. It combines benchmark gaps, utilisation friction, unspent committed funding and provider-activity indicators; it is a triage signal, not proof of unmet need.",supply_response_gap is participant growth minus provider growth; it is not a provider caseload measure.,2025,static 2025 ERP denominator from local processed file; quarterly interpolation unavailable without annual series,funded_plan_context_only
2025Q1,2025 Q1,2024-09-30,ndia_service_area,South West,South West,WA,Inner Regional Australia,210962.0,,4969.0,,23.554004986680063,,0.031340805313408104,78000.0,,387582000.0,253622000.0,51040.85329040048,,1202216.5129264987,0.6543699139794934,133960000.0,26959.146709599518,0.68,26.153554026565185,0.7601002932313932,82459.7494204458,60716.14056683959,29.378540729741957,0.749585874550338,79082.76206451863,56908.5598208139,2.5995490398851224,0.08010029323139321,4459.749420445805,9675.287276439107,5.82453574306189,0.06958587455033793,1082.7620645186253,5867.706530413416,,,,,,,0.03263343471480851,0.0,,0.3456300860205066,0.375,0.2911392405063291,0.225,0.75,0.95,0.85,0.525,0.7125,,0.50625,0.8125,0.6958333333333333,0.8375,0.7281249999999999,0.583125,0.7538194444444444,0.6684722222222221,7.0,under-funded and under-serviced,"Proxy score from public NDIA service-area data. It combines benchmark gaps, utilisation friction, unspent committed funding and provider-activity indicators; it is a triage signal, not proof of unmet need.",supply_response_gap is participant growth minus provider growth; it is not a provider caseload measure.,2025,static 2025 ERP denominator from local processed file; quarterly interpolation unavailable without annual series,funded_plan_context_only
2025Q2,2025 Q2,2024-12-31,ndia_service_area,South West,South West,WA,Inner Regional Australia,210962.0,,5116.0,,24.25081294261525,,0.02958341718655655,78000.0,,399048000.0,262096000.0,51230.64894448788,,1242384.8844815656,0.6568031915959984,136952000.0,26769.351055512117,0.68,26.957763247112997,0.7465297732931997,82492.94748629373,60067.7940397898,30.345785307596167,0.7338446519006651,79096.43428753808,56188.57394969421,2.706950304497738,0.06652977329319967,4492.947486293735,8837.145095301916,6.094972364980912,0.05384465190066507,1096.4342875380826,4957.925005206329,,,,,,,0.033411927987319734,0.0,,0.3431968084040016,0.375,0.27848101265822783,0.2375,0.6875,0.9,0.8625,0.55,0.7,,0.50625,0.7875,0.7041666666666666,0.7916666666666666,0.703125,0.5589583333333333,0.732986111111111,0.6459722222222222,10.0,under-funded and under-serviced,"Proxy score from public NDIA service-area data. It combines benchmark gaps, utilisation friction, unspent committed funding and provider-activity indicators; it is a triage signal, not proof of unmet need.",supply_response_gap is participant growth minus provider growth; it is not a provider caseload measure.,2025,static 2025 ERP denominator from local processed file; quarterly interpolation unavailable without annual series,funded_plan_context_only
2025Q3,2025 Q3,2025-03-31,ndia_service_area,South West,South West,WA,Inner Regional Australia,210962.0,,5271.0,,24.985542419961888,,0.030297107114933608,80000.0,,421680000.0,270921000.0,51398.40637450199,,1284217.0627885591,0.6424800796812749,150759000.0,28601.593625498008,0.7,27.40732028960876,0.7506086859240299,84432.45028614352,60802.47507148593,30.943280669707555,0.735953040708486,80949.4227901239,56650.43820079907,2.421777869646874,0.050608685924029825,4432.450286143518,9404.068696983944,5.957738249745667,0.035953040708485984,949.4227901239065,5252.031826297083,,,,,,,0.03367086868933522,0.02564102564102555,,0.35751992031872515,0.3875,0.3037974683544304,0.225,0.7,0.80625,0.85,0.56875,0.675,,0.50625,0.7875,0.6979166666666666,0.7645833333333334,0.65625,0.5466666666666666,0.7062499999999999,0.6264583333333333,14.0,advocacy: funding or access gap,"Proxy score from public NDIA service-area data. It combines benchmark gaps, utilisation friction, unspent committed funding and provider-activity indicators; it is a triage signal, not proof of unmet need.",supply_response_gap is participant growth minus provider growth; it is not a provider caseload measure.,2025,static 2025 ERP denominator from local processed file; quarterly interpolation unavailable without annual series,funded_plan_context_only
2025Q4,2025 Q4,2025-06-30,ndia_service_area,South West,South West,WA,Inner Regional Australia,210962.0,,5372.0,,25.464301627781307,,0.019161449440333822,81000.0,,435132000.0,282440000.0,52576.32166790767,,1338819.3134308548,0.6490903909618231,152692000.0,28423.67833209233,0.7,27.77839830958376,0.7514285432706143,85151.38506175322,62192.49868267691,31.40646420190928,0.7357142727569568,81348.30207161774,57871.566955701484,2.31409668180245,0.05142854327061428,4151.385061753215,9616.177014769237,5.94216257412797,0.03571427275695683,348.3020716177416,5295.245287793812,,,,,,,0.04251792958094791,0.012499999999999956,,0.3509096090381769,0.3875,0.3037974683544304,0.25,0.7375,0.8125,0.8625,0.5125,0.675,,0.50625,0.8,0.6833333333333332,0.7833333333333333,0.659375,0.5635416666666666,0.7086805555555555,0.6361111111111111,13.0,advocacy: funding or access gap,"Proxy score from public NDIA service-area data. It combines benchmark gaps, utilisation friction, unspent committed funding and provider-activity indicators; it is a triage signal, not proof of unmet need.",supply_response_gap is participant growth minus provider growth; it is not a provider caseload measure.,2025,static 2025 ERP denominator from local processed file; quarterly interpolation unavailable without annual series,funded_plan_context_only
2026Q1,2026 Q1,2025-09-30,ndia_service_area,South West,South West,WA,Inner Regional Australia,210962.0,,5502.0,,26.08052635071719,,0.024199553239017124,80000.0,,440160000.0,289241000.0,52570.15630679753,,1371057.3468207545,0.6571269538349691,150919000.0,27429.84369320247,0.69,28.253214646769933,0.7386029448813405,85151.81887829916,62709.42778038322,32.03344264863498,0.7233427743146025,81102.38055009648,58210.68357447111,2.172688296052744,0.04860294488134045,5151.818878299164,10139.271473585693,5.952916297917792,0.03334277431460251,1102.3805500964809,5640.527267673584,,,,,,,0.024079450502761723,-0.012345679012345734,,0.3428730461650309,0.4,0.31645569620253167,0.2375,0.7,0.7875,0.8375,0.56875,0.675,,0.50625,0.8,0.69375,0.7624999999999998,0.646875,0.5493750000000001,0.7010416666666667,0.6252083333333334,16.0,advocacy: funding or access gap,"Proxy score from public NDIA service-area data. It combines benchmark gaps, utilisation friction, unspent committed funding and provider-activity indicators; it is a triage signal, not proof of unmet need.",supply_response_gap is participant growth minus provider growth; it is not a provider caseload measure.,2025,static 2025 ERP denominator from local processed file; quarterly interpolation unavailable without annual series,funded_plan_context_only
2024Q2,2024 Q2,2023-12-31,ndia_service_area,South Western Sydney,South Western Sydney,NSW,Major Cities of Australia,1318283.0,30784.0,30786.0,23.351586874745408,23.3531039996723,,,79000.0,29000.0,2432094000.0,2023225000.0,65718.99564737218,65723.26533264034,1534742.540107094,0.8318860208528124,408869000.0,13281.004352627819,0.85,24.12050932082575,0.774810548394224,79559.82881407744,60116.50993792392,21.54075115403415,0.7958582408716173,80400.51139569166,62712.29290901039,0.7674053211534506,-0.07518945160577602,559.8288140774384,-5602.485709448265,-1.8123528456381488,-0.054141759128382747,1400.5113956916612,-3006.7027383617897,2139.0,5002.0,14.392706872370267,14.39177185600748,69.47963359968817,,,,,0.16811397914718762,0.9875,0.379746835443038,0.825,0.0125,0.1875,0.24375,0.60625,0.225,0.525,0.50625,0.0125,0.35833333333333334,0.07083333333333335,0.40625,0.4604166666666667,0.27847222222222223,0.36944444444444446,75.0,monitor,"Proxy score from public NDIA service-area data. It combines benchmark gaps, utilisation friction, unspent committed funding and provider-activity indicators; it is a triage signal, not proof of unmet need.",supply_response_gap is participant growth minus provider growth; it is not a provider caseload measure.,2025,static 2025 ERP denominator from local processed file; quarterly interpolation unavailable without annual series,derived_from_local_curated_source
2024Q3,2024 Q3,2024-03-31,ndia_service_area,South Western Sydney,South Western Sydney,NSW,Major Cities of Australia,1318283.0,31598.0,31598.0,23.96905671999108,23.96905671999108,0.02644230769230771,0.026375625284219995,81000.0,29800.0,2559438000.0,2086174000.0,66022.34318627762,66022.34318627762,1582493.2886186047,0.8150906566207112,473264000.0,14977.656813722388,0.85,24.68676284471637,0.7773084731227313,81027.36890354347,60498.99233345409,22.15635799622129,0.7987044245491112,81921.83021338335,63196.969696969696,0.7177061247252858,-0.07269152687726872,27.36890354346542,-5523.3508528235325,-1.812698723769788,-0.051295575450888864,921.8302133833495,-2825.3734893079236,,,,,,,0.031113197988360097,0.025316455696202445,,0.18490934337928877,0.9871794871794872,0.37662337662337664,0.8205128205128205,0.05,0.20625,0.26875,0.54375,0.23125,,0.50625,0.0375,0.34791666666666665,0.09791666666666665,0.35624999999999996,0.4623717948717948,0.2673611111111111,0.3648664529914529,73.0,monitor,"Proxy score from public NDIA service-area data. It combines benchmark gaps, utilisation friction, unspent committed funding and provider-activity indicators; it is a triage signal, not proof of unmet need.",supply_response_gap is participant growth minus provider growth; it is not a provider caseload measure.,2025,static 2025 ERP denominator from local processed file; quarterly interpolation unavailable without annual series,derived_from_local_curated_source
2024Q4,2024 Q4,2024-06-30,ndia_service_area,South Western Sydney,South Western Sydney,NSW,Major Cities of Australia,1318283.0,32243.0,32243.0,24.458329508914247,24.458329508914247,0.020412684347110632,0.020412684347110632,82000.0,30700.0,2643926000.0,2152947000.0,66772.53977607543,66772.53977607543,1633144.779990336,0.8142992655618955,490979000.0,15227.460223924572,0.84,25.27144981343164,0.7784608418203379,82439.3926044259,61164.480098449734,22.563669931499856,0.7973695351274968,83207.46100966579,63732.73450666296,0.8131203045173905,-0.06153915817966208,439.39260442589875,-5608.059677625693,-1.8946595774143908,-0.04263046487250321,1207.4610096657852,-3039.805269412471,,,,,,,0.03200739727366941,0.012345679012345734,,0.18570073443810453,0.9875,0.379746835443038,0.7875,0.0125,0.2125,0.25625,0.575,0.225,,0.50625,0.0125,0.3520833333333333,0.07916666666666668,0.359375,0.4452083333333333,0.2635416666666666,0.354375,76.0,monitor,"Proxy score from public NDIA service-area data. It combines benchmark gaps, utilisation friction, unspent committed funding and provider-activity indicators; it is a triage signal, not proof of unmet need.",supply_response_gap is participant growth minus provider growth; it is not a provider caseload measure.,2025,static 2025 ERP denominator from local processed file; quarterly interpolation unavailable without annual series,derived_from_local_curated_source
2025Q1,2025 Q1,2024-09-30,ndia_service_area,South Western Sydney,South Western Sydney,NSW,Major Cities of Australia,1318283.0,33571.0,33571.0,25.465700460371558,25.46570046037156,0.04118723443848271,0.04118723443848271,82000.0,30200.0,2752822000.0,2207866000.0,65767.06085609604,65767.06085609604,1674804.271920369,0.8020373275133663,544956000.0,16232.939143903965,0.82,26.153554026565185,0.7601002932313932,82459.7494204458,60716.14056683959,23.368427888963133,0.777901017449582,83196.99210700695,63287.15620185708,0.6878535661936276,-0.05989970676860679,459.7494204458053,-5050.92028925645,-2.097272571408425,-0.04209898255041807,1196.992107006954,-2479.9046542389624,,,,,,,0.025508756137517574,0.0,,0.19796267248663368,0.9875,0.4050632911392405,0.775,0.0125,0.21875,0.25625,0.5375,0.225,,0.50625,0.0125,0.33958333333333335,0.08125,0.3625,0.4437500000000001,0.2611111111111111,0.3524305555555556,79.0,monitor,"Proxy score from public NDIA service-area data. It combines benchmark gaps, utilisation friction, unspent committed funding and provider-activity indicators; it is a triage signal, not proof of unmet need.",supply_response_gap is participant growth minus provider growth; it is not a provider caseload measure.,2025,static 2025 ERP denominator from local processed file; quarterly interpolation unavailable without annual series,derived_from_local_curated_source
2025Q2,2025 Q2,2024-12-31,ndia_service_area,South Western Sydney,South Western Sydney,NSW,Major Cities of Australia,1318283.0,34722.0,34722.0,26.338805855798793,26.338805855798796,0.03428554407077544,0.03428554407077544,83000.0,30000.0,2881926000.0,2270159000.0,65380.99763838488,65380.997638384884,1722057.4034558588,0.7877228631130709,611767000.0,17619.002361615116,0.82,26.957763247112997,0.7465297732931997,82492.94748629373,60067.7940397898,24.112356938543137,0.7670216640247125,83199.73444972835,62621.1139562926,0.6189573913142006,-0.07347022670680033,-507.052513706265,-5313.203598595079,-2.226448917255656,-0.052978335975287505,199.7344497283484,-2759.8836820922807,,,,,,,0.028214121690356198,0.012195121951219523,,0.21227713688692906,0.9875,0.4177215189873418,0.775,0.0375,0.19375,0.25625,0.5125,0.21875,,0.50625,0.025,0.32916666666666666,0.08541666666666668,0.35,0.4470833333333334,0.25486111111111115,0.35097222222222224,77.0,monitor,"Proxy score from public NDIA service-area data. It combines benchmark gaps, utilisation friction, unspent committed funding and provider-activity indicators; it is a triage signal, not proof of unmet need.",supply_response_gap is participant growth minus provider growth; it is not a provider caseload measure.,2025,static 2025 ERP denominator from local processed file; quarterly interpolation unavailable without annual series,derived_from_local_curated_source
2025Q3,2025 Q3,2025-03-31,ndia_service_area,South Western Sydney,South Western Sydney,NSW,Major Cities of Australia,1318283.0,,35472.0,,26.90772770338387,,0.021600138240884803,85000.0,,3015120000.0,2358045000.0,66476.23477672531,,1788724.4241183419,0.7820733503144154,657075000.0,18523.765223274695,0.83,27.40732028960876,0.7506086859240299,84432.45028614352,60802.47507148593,24.50313856910154,0.7729322500306646,85141.60084900781,63507.002181182106,0.4995925862248924,-0.07939131407597017,-567.5497138564824,-5673.759705239376,-2.404589134282329,-0.05706774996933547,141.6008490078093,-2969.2325955432025,,,,,,,0.038713587902873714,0.024096385542168752,,0.21792664968558462,0.9875,0.4177215189873418,0.8,0.025,0.2125,0.25625,0.5125,0.225,,0.50625,0.025,0.33125,0.08750000000000001,0.359375,0.45187499999999997,0.25937499999999997,0.35562499999999997,78.0,monitor,"Proxy score from public NDIA service-area data. It combines benchmark gaps, utilisation friction, unspent committed funding and provider-activity indicators; it is a triage signal, not proof of unmet need.",supply_response_gap is participant growth minus provider growth; it is not a provider caseload measure.,2025,static 2025 ERP denominator from local processed file; quarterly interpolation unavailable without annual series,funded_plan_context_only
2025Q4,2025 Q4,2025-06-30,ndia_service_area,South Western Sydney,South Western Sydney,NSW,Major Cities of Australia,1318283.0,,35981.0,,27.29383599727828,,0.014349345963013072,86000.0,,3094366000.0,2451801000.0,68141.54692754509,,1859844.2064412571,0.792343568924943,642565000.0,17858.453072454908,0.83,27.77839830958376,0.7514285432706143,85151.38506175322,62192.49868267691,24.83518208130649,0.7733698580403464,85996.54571858524,64997.01926820798,0.4845623123054814,-0.07857145672938572,-848.6149382467847,-5949.04824486818,-2.458653915971784,-0.0566301419596536,-3.4542814147571335,-3144.527659337109,,,,,,,0.03976005546967931,0.0117647058823529,,0.20765643107505705,0.9875,0.4050632911392405,0.8,0.025,0.1875,0.26875,0.25,0.21875,,0.50625,0.0125,0.24583333333333335,0.075,0.346875,0.446875,0.22256944444444446,0.33472222222222225,77.0,monitor,"Proxy score from public NDIA service-area data. It combines benchmark gaps, utilisation friction, unspent committed funding and provider-activity indicators; it is a triage signal, not proof of unmet need.",supply_response_gap is participant growth minus provider growth; it is not a provider caseload measure.,2025,static 2025 ERP denominator from local processed file; quarterly interpolation unavailable without annual series,funded_plan_context_only
2026Q1,2026 Q1,2025-09-30,ndia_service_area,South Western Sydney,South Western Sydney,NSW,Major Cities of Australia,1318283.0,,36558.0,,27.731526538687067,,0.016036241349601132,86000.0,,3143988000.0,2533775000.0,69308.3593194376,,1922026.6058198428,0.8059111548771815,610213000.0,16691.640680562396,0.82,28.253214646769933,0.7386029448813405,85151.81887829916,62709.42778038322,25.249615768421013,0.7599765041363589,86109.56887160339,65613.772509322,0.5216881080828664,-0.08139705511865955,-848.1811217008362,-6598.931539054378,-2.4819107702660546,-0.06002349586364119,109.56887160339102,-3694.586810115594,,,,,,,0.03343419796304836,0.0,,0.19408884512281854,0.9875,0.4050632911392405,0.8,0.025,0.2,0.26875,0.5125,0.21875,,0.50625,0.0125,0.3333333333333333,0.07916666666666668,0.353125,0.4489583333333333,0.2552083333333333,0.3520833333333333,78.0,monitor,"Proxy score from public NDIA service-area data. It combines benchmark gaps, utilisation friction, unspent committed funding and provider-activity indicators; it is a triage signal, not proof of unmet need.",supply_response_gap is participant growth minus provider growth; it is not a provider caseload measure.,2025,static 2025 ERP denominator from local processed file; quarterly interpolation unavailable without annual series,funded_plan_context_only
2024Q2,2024 Q2,2023-12-31,ndia_service_area,Southern Adelaide,Southern Adelaide,SA,Major Cities of Australia,397006.0,12235.0,12235.0,30.818174032634268,30.818174032634268,,,84000.0,31900.0,1027740000.0,787109000.0,64332.57049448304,64332.57049448304,1982612.3534656905,0.7658639344581314,240631000.0,19667.42950551696,0.78,24.12050932082575,0.774810548394224,79559.82881407744,60116.50993792392,21.54075115403415,0.7958582408716173,80400.51139569166,62712.29290901039,-6.6976647118085175,-0.005189451605776014,-4440.171185922562,-4216.060556559125,-9.277422878600117,0.015858240871617257,-3599.488604308339,-1620.2775854726497,507.0,1667.0,24.13214990138067,24.13214990138067,41.43849611769514,,,,,0.2341360655418686,0.7875,0.8227848101265823,0.7625,0.375,0.55,0.24375,0.25625,0.225,0.975,0.50625,0.25,0.24166666666666667,0.39166666666666666,0.6770833333333334,0.59875,0.4368055555555556,0.5177777777777778,35.0,provider opportunity: under-serviced,"Proxy score from public NDIA service-area data. It combines benchmark gaps, utilisation friction, unspent committed funding and provider-activity indicators; it is a triage signal, not proof of unmet need.",supply_response_gap is participant growth minus provider growth; it is not a provider caseload measure.,2025,static 2025 ERP denominator from local processed file; quarterly interpolation unavailable without annual series,derived_from_local_curated_source
2024Q3,2024 Q3,2024-03-31,ndia_service_area,Southern Adelaide,Southern Adelaide,SA,Major Cities of Australia,397006.0,12543.0,12543.0,31.593980947391223,31.593980947391223,0.02517368205966486,0.02517368205966486,87000.0,32600.0,1091241000.0,822316000.0,65559.7544447102,65559.7544447102,2071293.6328418208,0.7535603959162092,268925000.0,21440.245555289803,0.78,24.68676284471637,0.7773084731227313,81027.36890354347,60498.99233345409,22.15635799622129,0.7987044245491112,81921.83021338335,63196.969696969696,-6.907218102674857,-0.002691526877268728,-5972.631096456535,-5060.76211125611,-9.437622951169931,0.018704424549111136,-5078.1697866166505,-2362.784747740501,,,,,,,0.04472951014408433,0.03571428571428581,,0.24643960408379084,0.7692307692307693,0.7792207792207793,0.7692307692307693,0.475,0.6,0.26875,0.2625,0.23125,,0.50625,0.3,0.25416666666666665,0.4583333333333333,0.553125,0.6049839743589744,0.421875,0.5134294871794872,37.0,monitor,"Proxy score from public NDIA service-area data. It combines benchmark gaps, utilisation friction, unspent committed funding and provider-activity indicators; it is a triage signal, not proof of unmet need.",supply_response_gap is participant growth minus provider growth; it is not a provider caseload measure.,2025,static 2025 ERP denominator from local processed file; quarterly interpolation unavailable without annual series,derived_from_local_curated_source
2024Q4,2024 Q4,2024-06-30,ndia_service_area,Southern Adelaide,Southern Adelaide,SA,Major Cities of Australia,397006.0,12756.0,12756.0,32.130496768310806,32.130496768310806,0.016981583353264718,0.016981583353264718,88000.0,33000.0,1122528000.0,850144000.0,66646.59767952336,66646.59767952336,2141388.291360836,0.7573477009036745,272384000.0,21353.402320476638,0.79,25.27144981343164,0.7784608418203379,82439.3926044259,61164.480098449734,22.563669931499856,0.7973695351274968,83207.46100966579,63732.73450666296,-6.859046954879169,-0.01153915817966208,-5560.607395574101,-5482.117581073624,-9.56682683681095,0.007369535127496789,-4792.538990334215,-2913.8631728604014,,,,,,,0.033841005161032944,0.011494252873563315,,0.24265229909632546,0.775,0.7848101265822784,0.775,0.4,0.475,0.25625,0.25625,0.225,,0.50625,0.2125,0.24583333333333332,0.3625,0.490625,0.560625,0.3663194444444444,0.46347222222222223,54.0,monitor,"Proxy score from public NDIA service-area data. It combines benchmark gaps, utilisation friction, unspent committed funding and provider-activity indicators; it is a triage signal, not proof of unmet need.",supply_response_gap is participant growth minus provider growth; it is not a provider caseload measure.,2025,static 2025 ERP denominator from local processed file; quarterly interpolation unavailable without annual series,derived_from_local_curated_source
2025Q1,2025 Q1,2024-09-30,ndia_service_area,Southern Adelaide,Southern Adelaide,SA,Major Cities of Australia,397006.0,13199.0,13199.0,33.246348921678766,33.246348921678766,0.03472875509564122,0.03472875509564122,88000.0,32700.0,1161512000.0,871156000.0,66001.66679293886,66001.66679293886,2194314.443610424,0.7500189408288507,290356000.0,21998.33320706114,0.77,26.153554026565185,0.7601002932313932,82459.7494204458,60716.14056683959,23.368427888963133,0.777901017449582,83196.99210700695,63287.15620185708,-7.092794895113581,-0.009899706768606792,-5540.250579554195,-5285.526226099275,-9.877921032715632,0.007901017449581929,-4803.007892993046,-2714.5105910817874,,,,,,,0.02471581285052893,0.0,,0.24998105917114932,0.775,0.7974683544303798,0.8,0.425,0.49375,0.25625,0.25,0.225,,0.50625,0.2,0.24375,0.3729166666666666,0.5,0.5745833333333333,0.37222222222222223,0.4734027777777778,48.0,monitor,"Proxy score from public NDIA service-area data. It combines benchmark gaps, utilisation friction, unspent committed funding and provider-activity indicators; it is a triage signal, not proof of unmet need.",supply_response_gap is participant growth minus provider growth; it is not a provider caseload measure.,2025,static 2025 ERP denominator from local processed file; quarterly interpolation unavailable without annual series,derived_from_local_curated_source
2025Q2,2025 Q2,2024-12-31,ndia_service_area,Southern Adelaide,Southern Adelaide,SA,Major Cities of Australia,397006.0,13700.0,13700.0,34.50829458496849,34.50829458496849,0.03795742101674371,0.03795742101674371,87000.0,32200.0,1191900000.0,887772000.0,64800.87591240876,64800.87591240876,2236167.71534939,0.7448376541656179,304128000.0,22199.12408759124,0.75,26.957763247112997,0.7465297732931997,82492.94748629373,60067.7940397898,24.112356938543137,0.7670216640247125,83199.73444972835,62621.1139562926,-7.550531337855496,-0.0034702267068003317,-4507.052513706265,-4733.081872618961,-10.395937646425352,0.01702166402471249,-3800.2655502716516,-2179.7619561161628,,,,,,,0.01907350692642873,-0.011363636363636354,,0.25516234583438213,0.775,0.8227848101265823,0.75,0.325,0.6375,0.25625,0.24375,0.21875,,0.50625,0.2,0.23958333333333334,0.38749999999999996,0.5718749999999999,0.561875,0.3996527777777777,0.4807638888888889,45.0,monitor,"Proxy score from public NDIA service-area data. It combines benchmark gaps, utilisation friction, unspent committed funding and provider-activity indicators; it is a triage signal, not proof of unmet need.",supply_response_gap is participant growth minus provider growth; it is not a provider caseload measure.,2025,static 2025 ERP denominator from local processed file; quarterly interpolation unavailable without annual series,derived_from_local_curated_source
2025Q3,2025 Q3,2025-03-31,ndia_service_area,Southern Adelaide,Southern Adelaide,SA,Major Cities of Australia,397006.0,,14004.0,,35.27402608524808,,0.022189781021897836,89000.0,,1246356000.0,912220000.0,65139.9600114253,,2297748.648635033,0.7319096630497226,334136000.0,23860.039988574692,0.75,27.40732028960876,0.7506086859240299,84432.45028614352,60802.47507148593,24.50313856910154,0.7729322500306646,85141.60084900781,63507.002181182106,-7.866705795639319,0.000608685924029828,-4567.549713856482,-4337.484939939364,-10.77088751614654,0.022932250030664535,-3858.3991509921907,-1632.957830243191,,,,,,,0.027538602253731836,0.02298850574712641,,0.2680903369502774,0.775,0.8227848101265823,0.75,0.3625,0.68125,0.25625,0.25625,0.225,,0.50625,0.25,0.24583333333333332,0.43124999999999997,0.59375,0.5824999999999999,0.4236111111111111,0.5030555555555555,39.0,monitor,"Proxy score from public NDIA service-area data. It combines benchmark gaps, utilisation friction, unspent committed funding and provider-activity indicators; it is a triage signal, not proof of unmet need.",supply_response_gap is participant growth minus provider growth; it is not a provider caseload measure.,2025,static 2025 ERP denominator from local processed file; quarterly interpolation unavailable without annual series,funded_plan_context_only
2025Q4,2025 Q4,2025-06-30,ndia_service_area,Southern Adelaide,Southern Adelaide,SA,Major Cities of Australia,397006.0,,14210.0,,35.79290993083228,,0.01471008283347608,90000.0,,1278900000.0,933891000.0,65720.68965517242,,2352334.725419767,0.7302298850574712,345009000.0,24279.310344827587,0.75,27.77839830958376,0.7514285432706143,85151.38506175322,62192.49868267691,24.83518208130649,0.7733698580403464,85996.54571858524,64997.01926820798,-8.014511621248523,0.001428543270614284,-4848.614938246785,-3528.1909724955112,-10.957727849525789,0.0233698580403464,-4003.454281414757,-723.6703869644407,,,,,,,0.023756330709697293,0.011235955056179803,,0.2697701149425288,0.775,0.810126582278481,0.725,0.4375,0.6625,0.26875,0.25,0.21875,,0.50625,0.3125,0.24583333333333335,0.4708333333333334,0.584375,0.5985416666666666,0.4336805555555556,0.5161111111111112,34.0,monitor,"Proxy score from public NDIA service-area data. It combines benchmark gaps, utilisation friction, unspent committed funding and provider-activity indicators; it is a triage signal, not proof of unmet need.",supply_response_gap is participant growth minus provider growth; it is not a provider caseload measure.,2025,static 2025 ERP denominator from local processed file; quarterly interpolation unavailable without annual series,funded_plan_context_only
2026Q1,2026 Q1,2025-09-30,ndia_service_area,Southern Adelaide,Southern Adelaide,SA,Major Cities of Australia,397006.0,,14447.0,,36.38987823861604,,0.016678395496129594,90000.0,,1300230000.0,959046000.0,66383.74749082855,,2415696.4882142837,0.7375971943425393,341184000.0,23616.252509171456,0.74,28.253214646769933,0.7386029448813405,85151.81887829916,62709.42778038322,25.249615768421013,0.7599765041363589,86109.56887160339,65613.772509322,-8.136663591846109,-0.0013970551186595508,-4848.181121700836,-3674.3197104453284,-11.14026247019503,0.019976504136358812,-3890.431128396609,-769.9749815065443,,,,,,,0.02693569163853171,0.0,,0.26240280565746066,0.7875,0.8227848101265823,0.725,0.4625,0.5875,0.26875,0.24375,0.21875,,0.50625,0.3125,0.24375,0.45416666666666666,0.546875,0.5952083333333333,0.4149305555555555,0.5050694444444445,37.0,monitor,"Proxy score from public NDIA service-area data. It combines benchmark gaps, utilisation friction, unspent committed funding and provider-activity indicators; it is a triage signal, not proof of unmet need.",supply_response_gap is participant growth minus provider growth; it is not a provider caseload measure.,2025,static 2025 ERP denominator from local processed file; quarterly interpolation unavailable without annual series,funded_plan_context_only
2024Q2,2024 Q2,2023-12-31,ndia_service_area,Southern Melbourne,Southern Melbourne,VIC,Major Cities of Australia,717085.0,17134.0,17135.0,23.893959572435627,23.89535410725367,,,74000.0,29400.0,1267990000.0,1008750000.0,58870.732419025386,58874.16832029882,1406736.9977059902,0.7955504380949376,259240000.0,15129.267580974614,0.81,24.12050932082575,0.774810548394224,79559.82881407744,60116.50993792392,21.54075115403415,0.7958582408716173,80400.51139569166,62712.29290901039,0.22515521357208,-0.03518945160577601,5559.828814077438,1245.7775188985324,-2.354602953219519,-0.014141759128382746,6400.511395691661,3841.5604899850077,973.0,2673.0,17.61048304213772,17.60945529290853,56.78435949810329,,,,,0.20444956190506236,0.9125,0.4177215189873418,0.5125,0.05,0.1875,0.24375,0.74375,0.6375,0.7625,0.50625,0.0375,0.5416666666666666,0.09166666666666666,0.4854166666666666,0.4104166666666666,0.3729166666666666,0.3916666666666666,69.0,monitor,"Proxy score from public NDIA service-area data. It combines benchmark gaps, utilisation friction, unspent committed funding and provider-activity indicators; it is a triage signal, not proof of unmet need.",supply_response_gap is participant growth minus provider growth; it is not a provider caseload measure.,2025,static 2025 ERP denominator from local processed file; quarterly interpolation unavailable without annual series,derived_from_local_curated_source
2024Q3,2024 Q3,2024-03-31,ndia_service_area,Southern Melbourne,Southern Melbourne,VIC,Major Cities of Australia,717085.0,17643.0,17643.0,24.603777794822093,24.603777794822093,0.029707015291233763,0.029646921505690038,75000.0,29600.0,1323225000.0,1046708000.0,59327.09856600352,59327.098566003515,1459670.7503294589,0.7910279808800469,276517000.0,15672.901433996485,0.81,24.68676284471637,0.7773084731227313,81027.36890354347,60498.99233345409,22.15635799622129,0.7987044245491112,81921.83021338335,63196.969696969696,0.0829850498942725,-0.03269152687726873,6027.368903543465,1171.893767450565,-2.447419798600801,-0.011295575450888861,6921.8302133833495,3869.871130966174,,,,,,,0.03762874845105335,0.013513513513513598,,0.2089720191199531,0.9102564102564102,0.4155844155844156,0.5128205128205128,0.075,0.20625,0.26875,0.75625,0.6375,,0.50625,0.075,0.5541666666666666,0.11875000000000001,0.35624999999999996,0.39461538461538453,0.3430555555555555,0.36883547008547,72.0,monitor,"Proxy score from public NDIA service-area data. It combines benchmark gaps, utilisation friction, unspent committed funding and provider-activity indicators; it is a triage signal, not proof of unmet need.",supply_response_gap is participant growth minus provider growth; it is not a provider caseload measure.,2025,static 2025 ERP denominator from local processed file; quarterly interpolation unavailable without annual series,derived_from_local_curated_source
2024Q4,2024 Q4,2024-06-30,ndia_service_area,Southern Melbourne,Southern Melbourne,VIC,Major Cities of Australia,717085.0,18014.0,18014.0,25.121150212317925,25.121150212317925,0.021028169812390196,0.021028169812390196,77000.0,30200.0,1387078000.0,1079723000.0,59937.99267236594,59937.99267236594,1505711.3173473158,0.7784154892515057,307355000.0,17062.007327634063,0.8,25.27144981343164,0.7784608418203379,82439.3926044259,61164.480098449734,22.563669931499856,0.7973695351274968,83207.46100966579,63732.73450666296,0.1502996011137121,-0.02153915817966208,5439.392604425899,1226.487426083797,-2.557480280818069,-0.002630464872503211,6207.461009665785,3794.7418342970195,,,,,,,0.031541748032880124,0.026666666666666616,,0.22158451074849428,0.9125,0.4177215189873418,0.5125,0.0625,0.2125,0.25625,0.7375,0.6125,,0.50625,0.05,0.5354166666666668,0.10833333333333334,0.359375,0.3910416666666666,0.33437500000000003,0.3627083333333333,74.0,monitor,"Proxy score from public NDIA service-area data. It combines benchmark gaps, utilisation friction, unspent committed funding and provider-activity indicators; it is a triage signal, not proof of unmet need.",supply_response_gap is participant growth minus provider growth; it is not a provider caseload measure.,2025,static 2025 ERP denominator from local processed file; quarterly interpolation unavailable without annual series,derived_from_local_curated_source
2025Q1,2025 Q1,2024-09-30,ndia_service_area,Southern Melbourne,Southern Melbourne,VIC,Major Cities of Australia,717085.0,18768.0,18768.0,26.17262946512617,26.17262946512617,0.04185633396247357,0.04185633396247357,78000.0,29600.0,1463904000.0,1129944000.0,60205.882352941175,60205.882352941175,1575746.250444508,0.771870286576169,333960000.0,17794.117647058825,0.79,26.153554026565185,0.7601002932313932,82459.7494204458,60716.14056683959,23.368427888963133,0.777901017449582,83196.99210700695,63287.15620185708,-0.0190754385609857,-0.02989970676860679,4459.749420445805,510.2582138984144,-2.804201576163038,-0.012098982550418072,5196.992107006954,3081.273848915902,,,,,,,0.046512855612041326,0.01298701298701288,,0.22812971342383104,0.9125,0.4177215189873418,0.575,0.0625,0.21875,0.25625,0.7375,0.575,,0.50625,0.0875,0.5229166666666667,0.12291666666666667,0.3625,0.4070833333333333,0.3361111111111111,0.3715972222222222,73.0,monitor,"Proxy score from public NDIA service-area data. It combines benchmark gaps, utilisation friction, unspent committed funding and provider-activity indicators; it is a triage signal, not proof of unmet need.",supply_response_gap is participant growth minus provider growth; it is not a provider caseload measure.,2025,static 2025 ERP denominator from local processed file; quarterly interpolation unavailable without annual series,derived_from_local_curated_source
2025Q2,2025 Q2,2024-12-31,ndia_service_area,Southern Melbourne,Southern Melbourne,VIC,Major Cities of Australia,717085.0,19390.0,19390.0,27.04003012195207,27.04003012195207,0.033141517476555915,0.033141517476555915,78000.0,29500.0,1512420000.0,1171889000.0,60437.8029912326,60437.802991232595,1634240.0133875343,0.7748436280927256,340531000.0,17562.197008767405,0.78,26.957763247112997,0.7465297732931997,82492.94748629373,60067.7940397898,24.112356938543137,0.7670216640247125,83199.73444972835,62621.1139562926,-0.0822668748390782,-0.033470226706800325,4492.947486293735,-370.00895144280366,-2.9276731834089347,-0.012978335975287508,5199.734449728348,2183.3109650599945,,,,,,,0.03712130866662422,0.0,,0.22515637190727444,0.9125,0.45569620253164556,0.625,0.025,0.19375,0.25625,0.7375,0.5625,,0.50625,0.05,0.5187499999999999,0.08958333333333333,0.35,0.40041666666666664,0.3194444444444444,0.35993055555555553,76.0,monitor,"Proxy score from public NDIA service-area data. It combines benchmark gaps, utilisation friction, unspent committed funding and provider-activity indicators; it is a triage signal, not proof of unmet need.",supply_response_gap is participant growth minus provider growth; it is not a provider caseload measure.,2025,static 2025 ERP denominator from local processed file; quarterly interpolation unavailable without annual series,derived_from_local_curated_source
2025Q3,2025 Q3,2025-03-31,ndia_service_area,Southern Melbourne,Southern Melbourne,VIC,Major Cities of Australia,717085.0,,19696.0,,27.46675777627478,,0.015781330582774533,81000.0,,1595376000.0,1225834000.0,62237.71324126727,,1709468.1941471375,0.768366830139102,369542000.0,18762.28675873274,0.79,27.40732028960876,0.7506086859240299,84432.45028614352,60802.47507148593,24.50313856910154,0.7729322500306646,85141.60084900781,63507.002181182106,-0.0594374866660167,-0.03939131407597017,3432.4502861435176,-1435.2381697813398,-2.963619207173238,-0.017067749969335466,4141.600849007809,1269.2889399148335,,,,,,,0.04603251673153341,0.03846153846153855,,0.231633169860898,0.9125,0.4430379746835443,0.6625,0.05,0.2125,0.25625,0.69375,0.5,,0.50625,0.05,0.48333333333333334,0.10416666666666667,0.359375,0.4177083333333333,0.315625,0.36666666666666664,75.0,monitor,"Proxy score from public NDIA service-area data. It combines benchmark gaps, utilisation friction, unspent committed funding and provider-activity indicators; it is a triage signal, not proof of unmet need.",supply_response_gap is participant growth minus provider growth; it is not a provider caseload measure.,2025,static 2025 ERP denominator from local processed file; quarterly interpolation unavailable without annual series,funded_plan_context_only
2025Q4,2025 Q4,2025-06-30,ndia_service_area,Southern Melbourne,Southern Melbourne,VIC,Major Cities of Australia,717085.0,,19936.0,,27.80144613260632,,0.012185215272136452,83000.0,,1654688000.0,1283583000.0,64385.18258426966,,1790001.1853545953,0.775725091376743,371105000.0,18614.817415730337,0.79,27.77839830958376,0.7514285432706143,85151.38506175322,62192.49868267691,24.83518208130649,0.7733698580403464,85996.54571858524,64997.01926820798,-0.0230478230225585,-0.03857145672938572,2151.3850617532153,-2192.6839015927544,-2.966264051299824,-0.0166301419596536,2996.545718585243,611.8366839383161,,,,,,,0.04710996758125496,0.024691358024691468,,0.22427490862325705,0.9125,0.43037974683544306,0.675,0.05,0.1875,0.26875,0.65625,0.4625,,0.50625,0.05,0.4625000000000001,0.09583333333333333,0.346875,0.41604166666666653,0.30173611111111115,0.3588888888888888,74.0,monitor,"Proxy score from public NDIA service-area data. It combines benchmark gaps, utilisation friction, unspent committed funding and provider-activity indicators; it is a triage signal, not proof of unmet need.",supply_response_gap is participant growth minus provider growth; it is not a provider caseload measure.,2025,static 2025 ERP denominator from local processed file; quarterly interpolation unavailable without annual series,funded_plan_context_only
2026Q1,2026 Q1,2025-09-30,ndia_service_area,Southern Melbourne,Southern Melbourne,VIC,Major Cities of Australia,717085.0,,20418.0,,28.473611914905483,,0.024177367576244002,83000.0,,1694694000.0,1328401000.0,65060.2899402488,,1852501.4468298736,0.7838589149427566,366293000.0,17939.7100597512,0.78,28.253214646769933,0.7386029448813405,85151.81887829916,62709.42778038322,25.249615768421013,0.7599765041363589,86109.56887160339,65613.772509322,-0.2203972681355495,-0.04139705511865955,2151.8188782991638,-2350.8621598655736,-3.2239961464844704,-0.02002349586364119,3109.568871603391,553.4825690732105,,,,,,,0.03491632407097933,0.0,,0.2161410850572434,0.9125,0.4430379746835443,0.675,0.05,0.2,0.26875,0.65,0.4625,,0.50625,0.0375,0.4604166666666667,0.09583333333333333,0.353125,0.41729166666666656,0.30312500000000003,0.3602083333333333,75.0,monitor,"Proxy score from public NDIA service-area data. It combines benchmark gaps, utilisation friction, unspent committed funding and provider-activity indicators; it is a triage signal, not proof of unmet need.",supply_response_gap is participant growth minus provider growth; it is not a provider caseload measure.,2025,static 2025 ERP denominator from local processed file; quarterly interpolation unavailable without annual series,funded_plan_context_only
2024Q2,2024 Q2,2023-12-31,ndia_service_area,Southern NSW,Southern NSW,NSW,Inner Regional Australia,228673.0,5378.0,5380.0,23.518299055857053,23.52704516930289,,,68000.0,29700.0,365840000.0,252231000.0,46883.08550185874,46900.52063964299,1103020.47027852,0.6894571397332168,113609000.0,21116.914498141265,0.72,24.12050932082575,0.774810548394224,79559.82881407744,60116.50993792392,26.8899974718611,0.7630061336695022,76355.8163924701,56667.37290379991,0.5934641515228591,0.05481054839422399,11559.828814077438,13233.42443606518,3.362952302558209,0.043006133669502164,8355.816392470093,9784.287401941168,372.0,1537.0,14.46236559139785,14.456989247311828,69.1449814126394,,,,,0.31054286026678324,0.4375,0.3924050632911392,0.1625,0.5125,0.81875,0.725,0.80625,0.825,0.5375,0.50625,0.7625,0.7854166666666668,0.6979166666666666,0.6208333333333332,0.4862499999999999,0.7013888888888888,0.5938194444444443,20.0,advocacy: funding or access gap,"Proxy score from public NDIA service-area data. It combines benchmark gaps, utilisation friction, unspent committed funding and provider-activity indicators; it is a triage signal, not proof of unmet need.",supply_response_gap is participant growth minus provider growth; it is not a provider caseload measure.,2025,static 2025 ERP denominator from local processed file; quarterly interpolation unavailable without annual series,derived_from_local_curated_source
2024Q3,2024 Q3,2024-03-31,ndia_service_area,Southern NSW,Southern NSW,NSW,Inner Regional Australia,228673.0,5538.0,5538.0,24.217988131524056,24.217988131524056,0.029750836742283404,0.029368029739776924,69000.0,29800.0,382122000.0,258554000.0,46687.25171542073,46687.25171542073,1130671.3079375352,0.6766268364553729,123568000.0,22312.74828457927,0.72,24.68676284471637,0.7773084731227313,81027.36890354347,60498.99233345409,27.71623599286424,0.7648604023741618,77994.1725121406,56947.80441429636,0.4687747131923103,0.05730847312273127,12027.368903543465,13811.740618033356,3.4982478613401824,0.044860402374161765,8994.172512140605,10260.552698875632,,,,,,,0.025068290574909557,0.014705882352941124,,0.3233731635446271,0.4230769230769231,0.4025974025974026,0.1282051282051282,0.5125,0.81875,0.7625,0.8125,0.825,,0.50625,0.775,0.7999999999999999,0.7020833333333333,0.6625,0.4856730769230769,0.7215277777777778,0.6036004273504273,18.0,advocacy: funding or access gap,"Proxy score from public NDIA service-area data. It combines benchmark gaps, utilisation friction, unspent committed funding and provider-activity indicators; it is a triage signal, not proof of unmet need.",supply_response_gap is participant growth minus provider growth; it is not a provider caseload measure.,2025,static 2025 ERP denominator from local processed file; quarterly interpolation unavailable without annual series,derived_from_local_curated_source
2024Q4,2024 Q4,2024-06-30,ndia_service_area,Southern NSW,Southern NSW,NSW,Inner Regional Australia,228673.0,5669.0,5669.0,24.79085856222641,24.79085856222641,0.02365474900686171,0.02365474900686171,70000.0,29600.0,396830000.0,264840000.0,46717.23408008467,46717.23408008467,1158160.3424978026,0.6673890582869239,131990000.0,23282.765919915328,0.72,25.27144981343164,0.7784608418203379,82439.3926044259,61164.480098449734,28.31985586047522,0.7685814728943384,79139.48388848934,57480.02092208034,0.4805912512052259,0.05846084182033792,12439.392604425899,14447.246018365062,3.528997298248808,0.048581472894338444,9139.48388848934,10762.786841995665,,,,,,,0.024312135956125136,0.01449275362318847,,0.33261094171307615,0.425,0.4050632911392405,0.125,0.55,0.88125,0.725,0.8125,0.8375,,0.50625,0.7875,0.7916666666666666,0.7395833333333334,0.69375,0.5066666666666666,0.7416666666666667,0.6241666666666666,15.0,under-funded and under-serviced,"Proxy score from public NDIA service-area data. It combines benchmark gaps, utilisation friction, unspent committed funding and provider-activity indicators; it is a triage signal, not proof of unmet need.",supply_response_gap is participant growth minus provider growth; it is not a provider caseload measure.,2025,static 2025 ERP denominator from local processed file; quarterly interpolation unavailable without annual series,derived_from_local_curated_source
2025Q1,2025 Q1,2024-09-30,ndia_service_area,Southern NSW,Southern NSW,NSW,Inner Regional Australia,228673.0,5804.0,5804.0,25.381221219820443,25.381221219820443,0.023813723760804484,0.023813723760804484,70000.0,29600.0,406280000.0,271397000.0,46760.337698139214,46760.337698139214,1186834.4754299808,0.6680048242591317,134883000.0,23239.662301860786,0.7,26.153554026565185,0.7601002932313932,82459.7494204458,60716.14056683959,29.378540729741957,0.749585874550338,79082.76206451863,56908.5598208139,0.7723328067447426,0.06010029323139321,12459.749420445805,13955.802868700375,3.9973195099215104,0.04958587455033794,9082.762064518625,10148.222122674684,,,,,,,0.02475834466092741,0.0,,0.33199517574086834,0.425,0.379746835443038,0.1125,0.5,0.8875,0.75,0.84375,0.825,,0.50625,0.7625,0.80625,0.7166666666666667,0.6968749999999999,0.49020833333333336,0.7399305555555555,0.6150694444444444,16.0,under-funded and under-serviced,"Proxy score from public NDIA service-area data. It combines benchmark gaps, utilisation friction, unspent committed funding and provider-activity indicators; it is a triage signal, not proof of unmet need.",supply_response_gap is participant growth minus provider growth; it is not a provider caseload measure.,2025,static 2025 ERP denominator from local processed file; quarterly interpolation unavailable without annual series,derived_from_local_curated_source
2025Q2,2025 Q2,2024-12-31,ndia_service_area,Southern NSW,Southern NSW,NSW,Inner Regional Australia,228673.0,5946.0,5946.0,26.002195274474907,26.002195274474907,0.024465885596140602,0.024465885596140602,70000.0,29100.0,416220000.0,276283000.0,46465.35486041036,46465.35486041036,1208201.2305781618,0.663790783720148,139937000.0,23534.64513958964,0.69,26.957763247112997,0.7465297732931997,82492.94748629373,60067.7940397898,30.345785307596167,0.7338446519006651,79096.43428753808,56188.57394969421,0.955567972638086,0.056529773293199664,12492.947486293735,13602.439179379435,4.343590033121259,0.04384465190066507,9096.434287538083,9723.219089283848,,,,,,,0.018003146681798254,0.0,,0.336209216279852,0.425,0.3924050632911392,0.1125,0.45,0.84375,0.7625,0.8375,0.825,,0.50625,0.7375,0.8083333333333332,0.6770833333333334,0.675,0.4679166666666667,0.7201388888888888,0.5940277777777777,18.0,under-funded and under-serviced,"Proxy score from public NDIA service-area data. It combines benchmark gaps, utilisation friction, unspent committed funding and provider-activity indicators; it is a triage signal, not proof of unmet need.",supply_response_gap is participant growth minus provider growth; it is not a provider caseload measure.,2025,static 2025 ERP denominator from local processed file; quarterly interpolation unavailable without annual series,derived_from_local_curated_source
2025Q3,2025 Q3,2025-03-31,ndia_service_area,Southern NSW,Southern NSW,NSW,Inner Regional Australia,228673.0,,6060.0,,26.500723740887643,,0.019172552976791213,71000.0,,430260000.0,282791000.0,46665.18151815182,,1236661.083730917,0.6572560777204481,147469000.0,24334.818481848186,0.69,27.40732028960876,0.7506086859240299,84432.45028614352,60802.47507148593,30.943280669707555,0.735953040708486,80949.4227901239,56650.43820079907,0.9065965487211188,0.06060868592402983,13432.450286143518,14137.293553334115,4.442556928819911,0.045953040708485986,9949.422790123906,9985.256682647254,,,,,,,0.023555557164212093,0.014285714285714235,,0.34274392227955186,0.425,0.3924050632911392,0.1125,0.3875,0.8625,0.7625,0.85625,0.8125,,0.50625,0.75,0.8104166666666667,0.6666666666666666,0.684375,0.4552083333333333,0.720486111111111,0.5878472222222222,17.0,under-funded and under-serviced,"Proxy score from public NDIA service-area data. It combines benchmark gaps, utilisation friction, unspent committed funding and provider-activity indicators; it is a triage signal, not proof of unmet need.",supply_response_gap is participant growth minus provider growth; it is not a provider caseload measure.,2025,static 2025 ERP denominator from local processed file; quarterly interpolation unavailable without annual series,funded_plan_context_only
2025Q4,2025 Q4,2025-06-30,ndia_service_area,Southern NSW,Southern NSW,NSW,Inner Regional Australia,228673.0,,6169.0,,26.977386923685785,,0.017986798679868077,72000.0,,444168000.0,296007000.0,47982.97941319501,,1294455.4013810114,0.6664302696277085,148161000.0,24017.020586804992,0.7,27.77839830958376,0.7514285432706143,85151.38506175322,62192.49868267691,31.40646420190928,0.7357142727569568,81348.30207161774,57871.566955701484,0.8010113858979722,0.05142854327061428,13151.385061753215,14209.519269481898,4.429077278223492,0.03571427275695683,9348.302071617742,9888.587542506473,,,,,,,0.046734160563808524,0.014084507042253502,,0.33356973037229154,0.4375,0.379746835443038,0.15,0.4125,0.8125,0.775,0.8625,0.7875,,0.50625,0.75,0.8083333333333335,0.6583333333333333,0.659375,0.4635416666666667,0.7086805555555555,0.5861111111111111,20.0,advocacy: funding or access gap,"Proxy score from public NDIA service-area data. It combines benchmark gaps, utilisation friction, unspent committed funding and provider-activity indicators; it is a triage signal, not proof of unmet need.",supply_response_gap is participant growth minus provider growth; it is not a provider caseload measure.,2025,static 2025 ERP denominator from local processed file; quarterly interpolation unavailable without annual series,funded_plan_context_only
2026Q1,2026 Q1,2025-09-30,ndia_service_area,Southern NSW,Southern NSW,NSW,Inner Regional Australia,228673.0,,6294.0,,27.524019014050637,,0.020262603339276986,71000.0,,446874000.0,298682000.0,47455.03654273912,,1306153.328114819,0.6683807963766073,148192000.0,23544.963457260885,0.68,28.253214646769933,0.7386029448813405,85151.81887829916,62709.42778038322,32.03344264863498,0.7233427743146025,81102.38055009648,58210.68357447111,0.7291956327192999,0.05860294488134045,14151.818878299164,15254.3912376441,4.509423634584348,0.04334277431460251,10102.38055009648,10755.64703173199,,,,,,,0.00903694845054348,-0.01388888888888884,,0.3316192036233927,0.4375,0.379746835443038,0.1,0.425,0.85625,0.7875,0.86875,0.825,,0.50625,0.75,0.8270833333333334,0.6770833333333334,0.6812499999999999,0.46416666666666667,0.7284722222222223,0.5963194444444445,19.0,under-funded and under-serviced,"Proxy score from public NDIA service-area data. It combines benchmark gaps, utilisation friction, unspent committed funding and provider-activity indicators; it is a triage signal, not proof of unmet need.",supply_response_gap is participant growth minus provider growth; it is not a provider caseload measure.,2025,static 2025 ERP denominator from local processed file; quarterly interpolation unavailable without annual series,funded_plan_context_only
2024Q2,2024 Q2,2023-12-31,ndia_service_area,Sydney,Sydney,NSW,Major Cities of Australia,621058.0,7638.0,7640.0,12.298368268342086,12.30158857948855,,,85000.0,44100.0,649400000.0,496976000.0,65049.214659685866,65066.2477088243,800208.6761622907,0.7652848783492454,152424000.0,19950.785340314134,0.78,24.12050932082575,0.774810548394224,79559.82881407744,60116.50993792392,21.54075115403415,0.7958582408716173,80400.51139569166,62712.29290901039,11.8189207413372,-0.005189451605776014,-5440.171185922562,-4932.704721761947,9.2391625745456,0.015858240871617257,-4599.488604308339,-2336.921750675472,1038.0,2742.0,7.360308285163777,7.358381502890174,135.86387434554976,,,,,0.2347151216507546,0.5375,0.012658227848101266,0.8125,0.425,0.55,0.9625,0.25625,0.225,0.05,0.50625,0.275,0.48125,0.4166666666666667,0.3687500000000001,0.5120833333333333,0.4222222222222223,0.4671527777777778,49.0,monitor,"Proxy score from public NDIA service-area data. It combines benchmark gaps, utilisation friction, unspent committed funding and provider-activity indicators; it is a triage signal, not proof of unmet need.",supply_response_gap is participant growth minus provider growth; it is not a provider caseload measure.,2025,static 2025 ERP denominator from local processed file; quarterly interpolation unavailable without annual series,derived_from_local_curated_source
2024Q3,2024 Q3,2024-03-31,ndia_service_area,Sydney,Sydney,NSW,Major Cities of Australia,621058.0,7829.0,7829.0,12.6059079828293,12.6059079828293,0.02500654621628695,0.024738219895287905,87000.0,44000.0,681123000.0,517589000.0,66111.76395452804,66111.76395452804,833398.8129933113,0.7599053328106671,163534000.0,20888.236045471964,0.77,24.68676284471637,0.7773084731227313,81027.36890354347,60498.99233345409,22.15635799622129,0.7987044245491112,81921.83021338335,63196.969696969696,12.080854861887063,0.0073084731227312716,-5972.631096456535,-5612.771621073953,9.550450013391991,0.028704424549111138,-5078.1697866166505,-2914.794257558344,,,,,,,0.041476852000901454,0.0235294117647058,,0.24009466718933292,0.5256410256410257,0.012987012987012988,0.8333333333333334,0.4125,0.73125,0.9875,0.2625,0.23125,,0.50625,0.2375,0.49374999999999997,0.46041666666666664,0.6187499999999999,0.5701282051282052,0.5243055555555555,0.5472168803418803,31.0,monitor,"Proxy score from public NDIA service-area data. It combines benchmark gaps, utilisation friction, unspent committed funding and provider-activity indicators; it is a triage signal, not proof of unmet need.",supply_response_gap is participant growth minus provider growth; it is not a provider caseload measure.,2025,static 2025 ERP denominator from local processed file; quarterly interpolation unavailable without annual series,derived_from_local_curated_source
2024Q4,2024 Q4,2024-06-30,ndia_service_area,Sydney,Sydney,NSW,Major Cities of Australia,621058.0,7983.0,7983.0,12.85387194110695,12.85387194110695,0.01967045599693451,0.01967045599693451,88000.0,44000.0,702504000.0,533781000.0,66864.71251409245,66864.71251409245,859470.4520350756,0.7598262785692323,168723000.0,21135.287485907553,0.78,25.27144981343164,0.7784608418203379,82439.3926044259,61164.480098449734,22.563669931499856,0.7973695351274968,83207.46100966579,63732.73450666296,12.417577872324689,-0.0015391581796620809,-5560.607395574101,-5700.232415642713,9.709797990392904,0.01736953512749679,-4792.538990334215,-3131.9780074294904,,,,,,,0.03128350872989949,0.011494252873563315,,0.24017372143076765,0.5375,0.012658227848101266,0.8,0.35,0.61875,0.9875,0.25625,0.225,,0.50625,0.1875,0.4895833333333333,0.3854166666666667,0.5625,0.5270833333333333,0.4791666666666667,0.503125,36.0,monitor,"Proxy score from public NDIA service-area data. It combines benchmark gaps, utilisation friction, unspent committed funding and provider-activity indicators; it is a triage signal, not proof of unmet need.",supply_response_gap is participant growth minus provider growth; it is not a provider caseload measure.,2025,static 2025 ERP denominator from local processed file; quarterly interpolation unavailable without annual series,derived_from_local_curated_source
2025Q1,2025 Q1,2024-09-30,ndia_service_area,Sydney,Sydney,NSW,Major Cities of Australia,621058.0,8119.0,8119.0,13.072853099066432,13.072853099066432,0.01703620192909927,0.01703620192909927,88000.0,43500.0,714472000.0,555570000.0,68428.37787904915,68428.37787904915,894554.1318202165,0.777595203171013,158902000.0,19571.622120950855,0.77,26.153554026565185,0.7601002932313932,82459.7494204458,60716.14056683959,23.368427888963133,0.777901017449582,83196.99210700695,63287.15620185708,13.080700927498754,-0.009899706768606792,-5540.250579554195,-7712.23731220956,10.2955747898967,0.007901017449581929,-4803.007892993046,-5141.221677192072,,,,,,,0.04082011161881005,0.0,,0.22240479682898695,0.5375,0.012658227848101266,0.875,0.1125,0.49375,0.9875,0.25,0.225,,0.50625,0.0375,0.48750000000000004,0.21458333333333335,0.5,0.44791666666666663,0.40069444444444446,0.42430555555555555,58.0,monitor,"Proxy score from public NDIA service-area data. It combines benchmark gaps, utilisation friction, unspent committed funding and provider-activity indicators; it is a triage signal, not proof of unmet need.",supply_response_gap is participant growth minus provider growth; it is not a provider caseload measure.,2025,static 2025 ERP denominator from local processed file; quarterly interpolation unavailable without annual series,derived_from_local_curated_source
2025Q2,2025 Q2,2024-12-31,ndia_service_area,Sydney,Sydney,NSW,Major Cities of Australia,621058.0,8344.0,8344.0,13.435138103043515,13.435138103043515,0.027712772508929673,0.027712772508929673,89000.0,43100.0,742616000.0,563146000.0,67491.13135186961,67491.13135186961,906752.6704430182,0.7583273185603326,179470000.0,21508.868648130392,0.76,26.957763247112997,0.7465297732931997,82492.94748629373,60067.7940397898,24.112356938543137,0.7670216640247125,83199.73444972835,62621.1139562926,13.522625144069478,-0.013470226706800332,-6507.052513706265,-7423.337312079813,10.67721883549962,0.007021664024712493,-5800.265550271652,-4870.017395577015,,,,,,,0.013636445452418267,0.011363636363636465,,0.24167268143966736,0.5375,0.012658227848101266,0.875,0.275,0.5,0.9875,0.24375,0.21875,,0.50625,0.15,0.48333333333333334,0.30833333333333335,0.503125,0.4997916666666667,0.43159722222222224,0.46569444444444447,51.0,monitor,"Proxy score from public NDIA service-area data. It combines benchmark gaps, utilisation friction, unspent committed funding and provider-activity indicators; it is a triage signal, not proof of unmet need.",supply_response_gap is participant growth minus provider growth; it is not a provider caseload measure.,2025,static 2025 ERP denominator from local processed file; quarterly interpolation unavailable without annual series,derived_from_local_curated_source
2025Q3,2025 Q3,2025-03-31,ndia_service_area,Sydney,Sydney,NSW,Major Cities of Australia,621058.0,,8468.0,,13.63479739412422,,0.014860977948226273,91000.0,,770588000.0,581014000.0,68612.89560699102,,935522.9302255184,0.7539878638130881,189574000.0,22387.104393008976,0.77,27.40732028960876,0.7506086859240299,84432.45028614352,60802.47507148593,24.50313856910154,0.7729322500306646,85141.60084900781,63507.002181182106,13.772522895484542,-0.019391314075970167,-6567.549713856482,-7810.420535505087,10.86834117497732,0.002932250030664534,-5858.399150992191,-5105.893425808914,,,,,,,0.031728894460761436,0.022471910112359605,,0.24601213618691187,0.5375,0.012658227848101266,0.8625,0.2375,0.44375,0.9875,0.25625,0.225,,0.50625,0.0875,0.4895833333333333,0.25625,0.475,0.47375,0.4069444444444444,0.4403472222222222,57.0,monitor,"Proxy score from public NDIA service-area data. It combines benchmark gaps, utilisation friction, unspent committed funding and provider-activity indicators; it is a triage signal, not proof of unmet need.",supply_response_gap is participant growth minus provider growth; it is not a provider caseload measure.,2025,static 2025 ERP denominator from local processed file; quarterly interpolation unavailable without annual series,funded_plan_context_only
2025Q4,2025 Q4,2025-06-30,ndia_service_area,Sydney,Sydney,NSW,Major Cities of Australia,621058.0,,8618.0,,13.876320730108944,,0.01771374586679264,92000.0,,792856000.0,613077000.0,71139.12740775122,,987149.3483700396,0.7732513848668611,179779000.0,20860.872592248783,0.77,27.77839830958376,0.7514285432706143,85151.38506175322,62192.49868267691,24.83518208130649,0.7733698580403464,85996.54571858524,64997.01926820798,13.902077579474811,-0.01857145672938572,-6848.614938246785,-8946.628725074312,10.958861351197548,0.0033698580403464,-6003.454281414757,-6142.108139543241,,,,,,,0.055184556654400696,0.01098901098901095,,0.22674861513313893,0.5375,0.012658227848101266,0.8625,0.1625,0.4125,0.9875,0.25,0.21875,,0.50625,0.0625,0.48541666666666666,0.2125,0.459375,0.446875,0.38576388888888885,0.41631944444444446,60.0,monitor,"Proxy score from public NDIA service-area data. It combines benchmark gaps, utilisation friction, unspent committed funding and provider-activity indicators; it is a triage signal, not proof of unmet need.",supply_response_gap is participant growth minus provider growth; it is not a provider caseload measure.,2025,static 2025 ERP denominator from local processed file; quarterly interpolation unavailable without annual series,funded_plan_context_only
2026Q1,2026 Q1,2025-09-30,ndia_service_area,Sydney,Sydney,NSW,Major Cities of Australia,621058.0,,8677.0,,13.9713199089296,,0.006846135994430291,93000.0,,806961000.0,620211000.0,71477.58441857786,,998636.198229473,0.7685761765438478,186750000.0,21522.415581422152,0.76,28.253214646769933,0.7386029448813405,85151.81887829916,62709.42778038322,25.249615768421013,0.7599765041363589,86109.56887160339,65613.772509322,14.281894737840332,-0.021397055118659553,-7848.181121700836,-8768.156638194632,11.278295859491411,-2.3495863641187e-05,-6890.431128396609,-5863.811909255848,,,,,,,0.011636384989161197,0.010869565217391353,,0.2314238234561522,0.525,0.012658227848101266,0.8625,0.2375,0.2,0.9875,0.24375,0.21875,,0.50625,0.0875,0.48333333333333334,0.17500000000000002,0.353125,0.43062500000000004,0.3371527777777778,0.38388888888888895,67.0,monitor,"Proxy score from public NDIA service-area data. It combines benchmark gaps, utilisation friction, unspent committed funding and provider-activity indicators; it is a triage signal, not proof of unmet need.",supply_response_gap is participant growth minus provider growth; it is not a provider caseload measure.,2025,static 2025 ERP denominator from local processed file; quarterly interpolation unavailable without annual series,funded_plan_context_only
2024Q2,2024 Q2,2023-12-31,ndia_service_area,TAS North,TAS North,TAS,Outer Regional Australia,156393.0,4071.0,4076.0,26.03057681609791,26.06254755647631,,,90000.0,40300.0,366840000.0,264331000.0,64850.588812561335,64930.23827069516,1690171.5549928707,0.7205620979173482,102509000.0,25149.411187438665,0.73,24.12050932082575,0.774810548394224,79559.82881407744,60116.50993792392,29.44748036263278,0.7485395550523876,79779.69432547608,58182.44347371007,-1.9420382356505608,0.044810548394223985,-10440.171185922562,-4734.078874637416,3.3849328061564705,0.018539555052387583,-10220.305674523916,-6668.145338851267,218.0,918.0,18.69724770642202,18.674311926605505,53.4838076545633,,,,,0.27943790208265185,0.3375,0.5189873417721519,0.8,0.75,0.59375,0.7375,0.25625,0.225,0.7875,0.50625,0.6125,0.40625,0.6520833333333333,0.6291666666666667,0.63375,0.5625,0.598125,17.0,monitor,"Proxy score from public NDIA service-area data. It combines benchmark gaps, utilisation friction, unspent committed funding and provider-activity indicators; it is a triage signal, not proof of unmet need.",supply_response_gap is participant growth minus provider growth; it is not a provider caseload measure.,2025,static 2025 ERP denominator from local processed file; quarterly interpolation unavailable without annual series,derived_from_local_curated_source
2024Q3,2024 Q3,2024-03-31,ndia_service_area,TAS North,TAS North,TAS,Outer Regional Australia,156393.0,4159.0,4159.0,26.593261846757848,26.593261846757848,0.021616310488823398,0.020363101079489798,92000.0,40300.0,382628000.0,272968000.0,65633.08487617216,65633.08487617216,1745397.8119225285,0.7134030964801321,109660000.0,26366.915123827843,0.74,24.68676284471637,0.7773084731227313,81027.36890354347,60498.99233345409,29.18486251877246,0.751550423518762,80452.36760997478,58049.56139405565,-1.9064990020414816,0.03730847312273127,-10972.631096456535,-5134.09254271807,2.5916006720146108,0.011550423518762043,-11547.632390025217,-7583.523482116507,,,,,,,0.0326749416451344,0.022222222222222143,,0.2865969035198679,0.32051282051282054,0.5064935064935064,0.8076923076923077,0.7375,0.525,0.7125,0.2625,0.23125,,0.50625,0.6125,0.40208333333333335,0.6250000000000001,0.515625,0.6012660256410257,0.5142361111111112,0.5577510683760685,28.0,monitor,"Proxy score from public NDIA service-area data. It combines benchmark gaps, utilisation friction, unspent committed funding and provider-activity indicators; it is a triage signal, not proof of unmet need.",supply_response_gap is participant growth minus provider growth; it is not a provider caseload measure.,2025,static 2025 ERP denominator from local processed file; quarterly interpolation unavailable without annual series,derived_from_local_curated_source
2024Q4,2024 Q4,2024-06-30,ndia_service_area,TAS North,TAS North,TAS,Outer Regional Australia,156393.0,4233.0,4233.0,27.06642880435825,27.06642880435825,0.017792738639095917,0.017792738639095917,93000.0,40600.0,393669000.0,284174000.0,67133.00259862981,67133.00259862981,1817050.6352586113,0.7218602429960195,109495000.0,25866.997401370187,0.74,25.27144981343164,0.7784608418203379,82439.3926044259,61164.480098449734,30.608345586211776,0.7572561652281135,82644.4615700781,59375.719276613236,-1.7949789909266125,0.03846084182033792,-10560.607395574101,-5968.522500180079,3.5419167818535264,0.017256165228113504,-10355.5384299219,-7757.283322016578,,,,,,,0.04105243105418954,0.010869565217391353,,0.2781397570039805,0.3375,0.5189873417721519,0.8375,0.7125,0.5875,0.7375,0.25625,0.225,,0.50625,0.5375,0.40625,0.6124999999999999,0.546875,0.609375,0.521875,0.565625,27.0,monitor,"Proxy score from public NDIA service-area data. It combines benchmark gaps, utilisation friction, unspent committed funding and provider-activity indicators; it is a triage signal, not proof of unmet need.",supply_response_gap is participant growth minus provider growth; it is not a provider caseload measure.,2025,static 2025 ERP denominator from local processed file; quarterly interpolation unavailable without annual series,derived_from_local_curated_source
2025Q1,2025 Q1,2024-09-30,ndia_service_area,TAS North,TAS North,TAS,Outer Regional Australia,156393.0,4384.0,4384.0,28.0319451637861,28.0319451637861,0.03567210016536726,0.03567210016536726,92000.0,39400.0,403328000.0,287951000.0,65682.25364963504,65682.25364963504,1841201.332540459,0.713937539669946,115377000.0,26317.746350364963,0.73,26.153554026565185,0.7601002932313932,82459.7494204458,60716.14056683959,31.532697494122548,0.7415501850207962,82697.75282019569,59065.36071574622,-1.878391137220916,0.03010029323139321,-9540.250579554195,-4966.113082795448,3.5007523303364465,0.011550185020796135,-9302.247179804312,-6616.892933888819,,,,,,,0.013291152603686518,-0.010752688172043001,,0.286062460330054,0.3375,0.5189873417721519,0.7625,0.725,0.63125,0.725,0.25,0.225,,0.50625,0.5625,0.39999999999999997,0.6395833333333333,0.56875,0.6066666666666667,0.5361111111111111,0.571388888888889,23.0,monitor,"Proxy score from public NDIA service-area data. It combines benchmark gaps, utilisation friction, unspent committed funding and provider-activity indicators; it is a triage signal, not proof of unmet need.",supply_response_gap is participant growth minus provider growth; it is not a provider caseload measure.,2025,static 2025 ERP denominator from local processed file; quarterly interpolation unavailable without annual series,derived_from_local_curated_source
2025Q2,2025 Q2,2024-12-31,ndia_service_area,TAS North,TAS North,TAS,Outer Regional Australia,156393.0,4503.0,4503.0,28.792848784792156,28.79284878479216,0.027144160583941535,0.027144160583941535,92000.0,39000.0,414276000.0,292387000.0,64931.6011547857,64931.6011547857,1869565.7734041803,0.7057782734215837,121889000.0,27068.398845214302,0.72,26.957763247112997,0.7465297732931997,82492.94748629373,60067.7940397898,32.322438100030666,0.723891505303104,82921.77678310791,58404.145178554056,-1.8350855376791628,0.02652977329319967,-9507.052513706265,-4863.8071149959,3.5295893152385105,0.003891505303104026,-9078.22321689209,-6527.455976231642,,,,,,,0.01540539883521852,0.0,,0.2942217265784163,0.3375,0.5063291139240507,0.7625,0.7125,0.4625,0.725,0.24375,0.21875,,0.50625,0.575,0.3958333333333333,0.5833333333333334,0.484375,0.5760416666666667,0.48784722222222227,0.5319444444444444,32.0,monitor,"Proxy score from public NDIA service-area data. It combines benchmark gaps, utilisation friction, unspent committed funding and provider-activity indicators; it is a triage signal, not proof of unmet need.",supply_response_gap is participant growth minus provider growth; it is not a provider caseload measure.,2025,static 2025 ERP denominator from local processed file; quarterly interpolation unavailable without annual series,derived_from_local_curated_source
2025Q3,2025 Q3,2025-03-31,ndia_service_area,TAS North,TAS North,TAS,Outer Regional Australia,156393.0,,4617.0,,29.521781665419805,,0.025316455696202445,93000.0,,429381000.0,296710000.0,64264.6740307559,,1897207.67553535,0.6910180003307086,132671000.0,28735.3259692441,0.72,27.40732028960876,0.7506086859240299,84432.45028614352,60802.47507148593,32.730046154692914,0.7269261814617647,84888.12868756366,59134.059154767165,-2.114461375811043,0.03060868592402983,-8567.549713856482,-3462.1989592699683,3.208264489273109,0.006926181461764713,-8111.871312436342,-5130.6148759887365,,,,,,,0.014785199068358068,0.010869565217391353,,0.3089819996692914,0.3375,0.5189873417721519,0.725,0.7125,0.53125,0.7,0.25625,0.225,,0.50625,0.5875,0.39375,0.6104166666666666,0.51875,0.5808333333333333,0.5076388888888889,0.5442361111111111,26.0,monitor,"Proxy score from public NDIA service-area data. It combines benchmark gaps, utilisation friction, unspent committed funding and provider-activity indicators; it is a triage signal, not proof of unmet need.",supply_response_gap is participant growth minus provider growth; it is not a provider caseload measure.,2025,static 2025 ERP denominator from local processed file; quarterly interpolation unavailable without annual series,funded_plan_context_only
2025Q4,2025 Q4,2025-06-30,ndia_service_area,TAS North,TAS North,TAS,Outer Regional Australia,156393.0,,4666.0,,29.835094921128185,,0.01061295213341995,93000.0,,433938000.0,300700000.0,64444.92070295756,,1922720.3263573179,0.6929561365909416,133238000.0,28555.079297042434,0.72,27.77839830958376,0.7514285432706143,85151.38506175322,62192.49868267691,33.11060614399949,0.7308756031764125,85664.50093088642,60376.25859645123,-2.056696611544428,0.031428543270614284,-7848.614938246785,-2252.4220202806537,3.2755112228713053,0.010875603176412485,-7335.499069113575,-4068.66210650633,,,,,,,0.013447473964477208,0.0,,0.3070438634090584,0.3375,0.4936708860759494,0.6875,0.7625,0.475,0.7125,0.25,0.21875,,0.50625,0.625,0.39375,0.6208333333333332,0.490625,0.5797916666666666,0.501736111111111,0.5407638888888888,28.0,monitor,"Proxy score from public NDIA service-area data. It combines benchmark gaps, utilisation friction, unspent committed funding and provider-activity indicators; it is a triage signal, not proof of unmet need.",supply_response_gap is participant growth minus provider growth; it is not a provider caseload measure.,2025,static 2025 ERP denominator from local processed file; quarterly interpolation unavailable without annual series,funded_plan_context_only
2026Q1,2026 Q1,2025-09-30,ndia_service_area,TAS North,TAS North,TAS,Outer Regional Australia,156393.0,,4724.0,,30.20595550951769,,0.01243034719245606,94000.0,,444056000.0,309040000.0,65419.13632514818,,1976047.5213084985,0.6959482587781721,135016000.0,28580.863674851822,0.71,28.253214646769933,0.7386029448813405,85151.81887829916,62709.42778038322,33.634269269780866,0.7179683189796243,85747.48693204664,60763.24328367979,-1.9527408627477565,0.02860294488134045,-8848.181121700836,-2709.708544764959,3.428313760263176,0.007968318979624342,-8252.513067953361,-4655.893041468393,,,,,,,0.02773528433654815,0.010752688172043001,,0.3040517412218279,0.3375,0.5063291139240507,0.7,0.775,0.4625,0.725,0.24375,0.21875,,0.50625,0.625,0.3958333333333333,0.6208333333333333,0.484375,0.5835416666666666,0.5003472222222222,0.5419444444444443,28.0,monitor,"Proxy score from public NDIA service-area data. It combines benchmark gaps, utilisation friction, unspent committed funding and provider-activity indicators; it is a triage signal, not proof of unmet need.",supply_response_gap is participant growth minus provider growth; it is not a provider caseload measure.,2025,static 2025 ERP denominator from local processed file; quarterly interpolation unavailable without annual series,funded_plan_context_only
2024Q2,2024 Q2,2023-12-31,ndia_service_area,TAS North West,TAS North West,TAS,Outer Regional Australia,120091.0,3098.0,3099.0,25.797103862903967,25.80543088158147,,,97000.0,40800.0,300603000.0,229687000.0,74116.48919006131,74140.41316978696,1912607.938979607,0.7640875174233125,70916000.0,22883.51080993869,0.76,24.12050932082575,0.774810548394224,79559.82881407744,60116.50993792392,29.44748036263278,0.7485395550523876,79779.69432547608,58182.44347371007,-1.6849215607557184,0.014810548394223987,-17440.17118592256,-13999.979252137397,3.6420494810513127,-0.011460444947612416,-17220.305674523916,-15934.045716351247,213.0,875.0,14.549295774647888,14.544600938967136,68.73184898354307,,,,,0.2359124825766875,0.275,0.5063291139240507,0.9625,0.625,0.1875,0.75,0.25625,0.225,0.5625,0.50625,0.3,0.4104166666666667,0.37083333333333335,0.41875,0.5304166666666668,0.39999999999999997,0.46520833333333333,51.0,monitor,"Proxy score from public NDIA service-area data. It combines benchmark gaps, utilisation friction, unspent committed funding and provider-activity indicators; it is a triage signal, not proof of unmet need.",supply_response_gap is participant growth minus provider growth; it is not a provider caseload measure.,2025,static 2025 ERP denominator from local processed file; quarterly interpolation unavailable without annual series,derived_from_local_curated_source
2024Q3,2024 Q3,2024-03-31,ndia_service_area,TAS North West,TAS North West,TAS,Outer Regional Australia,120091.0,3171.0,,26.404976226361676,,0.023563589412524122,,99000.0,41500.0,,239613000.0,,75563.85998107852,1995261.926372501,,,,0.77,24.68676284471637,0.7773084731227313,81027.36890354347,60498.99233345409,29.18486251877246,0.751550423518762,80452.36760997478,58049.56139405565,,0.0073084731227312716,-17972.631096456535,,,-0.018449576481237958,-18547.632390025217,,,,,,,,0.04321533216943063,0.020618556701030855,,,,,,0.01875,0.20625,0.26875,0.2625,0.23125,,0.50625,0.01875,0.25416666666666665,0.08124999999999999,0.35624999999999996,0.15208333333333332,0.23055555555555554,0.19131944444444443,79.0,monitor,"Proxy score from public NDIA service-area data. It combines benchmark gaps, utilisation friction, unspent committed funding and provider-activity indicators; it is a triage signal, not proof of unmet need.",supply_response_gap is participant growth minus provider growth; it is not a provider caseload measure.,2025,static 2025 ERP denominator from local processed file; quarterly interpolation unavailable without annual series,derived_from_local_curated_source
2024Q4,2024 Q4,2024-06-30,ndia_service_area,TAS North West,TAS North West,TAS,Outer Regional Australia,120091.0,,3234.0,,26.92957840304436,,,100000.0,42100.0,323400000.0,245070000.0,75779.22077922078,,2040702.467295634,0.7577922077922078,78330000.0,24220.77922077922,0.78,25.27144981343164,0.7784608418203379,82439.3926044259,61164.480098449734,30.608345586211776,0.7572561652281135,82644.4615700781,59375.719276613236,-1.6581285896127191,-0.0015391581796620809,-17560.6073955741,-14614.740680771043,3.67876718316742,-0.022743834771886497,-17355.5384299219,-16403.50150260754,,,,,,,0.022774223435289453,0.010101010101010166,,0.2422077922077922,0.275,0.5063291139240507,0.95,0.6,0.2125,0.75,0.25625,0.225,,0.50625,0.2,0.4104166666666667,0.33749999999999997,0.359375,0.504375,0.36909722222222224,0.4367361111111111,57.0,monitor,"Proxy score from public NDIA service-area data. It combines benchmark gaps, utilisation friction, unspent committed funding and provider-activity indicators; it is a triage signal, not proof of unmet need.",supply_response_gap is participant growth minus provider growth; it is not a provider caseload measure.,2025,static 2025 ERP denominator from local processed file; quarterly interpolation unavailable without annual series,funded_plan_context_only
2025Q1,2025 Q1,2024-09-30,ndia_service_area,TAS North West,TAS North West,TAS,Outer Regional Australia,120091.0,3335.0,3335.0,27.77060728947215,27.77060728947215,,0.03123067408781699,101000.0,,336835000.0,250216000.0,75027.28635682158,75027.28635682158,2083553.3054100643,0.7428444193744712,86619000.0,25972.71364317841,0.77,26.153554026565185,0.7601002932313932,82459.7494204458,60716.14056683959,31.532697494122548,0.7415501850207962,82697.75282019569,59065.36071574622,-1.617053262906964,-0.009899706768606792,-18540.250579554195,-14311.145789981994,3.762090204650399,-0.028449814979203864,-18302.24717980431,-15961.925641075366,,,,,,,0.020998082180601507,0.010000000000000009,,0.2571555806255288,0.26875,0.5063291139240507,0.9375,0.7,0.21875,0.7375,0.25,0.225,,0.50625,0.2625,0.40416666666666673,0.39375,0.3625,0.5325,0.38680555555555557,0.4596527777777778,51.0,monitor,"Proxy score from public NDIA service-area data. It combines benchmark gaps, utilisation friction, unspent committed funding and provider-activity indicators; it is a triage signal, not proof of unmet need.",supply_response_gap is participant growth minus provider growth; it is not a provider caseload measure.,2025,static 2025 ERP denominator from local processed file; quarterly interpolation unavailable without annual series,derived_from_local_curated_source
2025Q2,2025 Q2,2024-12-31,ndia_service_area,TAS North West,TAS North West,TAS,Outer Regional Australia,120091.0,3464.0,3464.0,28.844792698870023,28.844792698870023,0.038680659670164985,0.038680659670164985,101000.0,41400.0,349864000.0,252058000.0,72765.01154734411,72765.01154734411,2098891.6738140243,0.7204456588845951,97806000.0,28234.98845265589,0.76,26.957763247112997,0.7465297732931997,82492.94748629373,60067.7940397898,32.322438100030666,0.723891505303104,82921.77678310791,58404.145178554056,-1.88702945175703,-0.013470226706800332,-18507.052513706265,-12697.217507554313,3.4776454011606432,-0.03610849469689597,-18078.22321689209,-14360.866368790055,,,,,,,0.007361639543434384,0.0,,0.2795543411154049,0.2625,0.5189873417721519,0.9375,0.7625,0.19375,0.7125,0.24375,0.21875,,0.50625,0.4125,0.39166666666666666,0.45625,0.35,0.55375,0.3993055555555555,0.4765277777777778,46.0,monitor,"Proxy score from public NDIA service-area data. It combines benchmark gaps, utilisation friction, unspent committed funding and provider-activity indicators; it is a triage signal, not proof of unmet need.",supply_response_gap is participant growth minus provider growth; it is not a provider caseload measure.,2025,static 2025 ERP denominator from local processed file; quarterly interpolation unavailable without annual series,derived_from_local_curated_source
2025Q3,2025 Q3,2025-03-31,ndia_service_area,TAS North West,TAS North West,TAS,Outer Regional Australia,120091.0,,3537.0,,29.452665062327736,,0.02107390300230949,102000.0,,360774000.0,252617000.0,71421.2609556121,,2103546.4772547483,0.7002084407412951,108157000.0,30578.739044387898,0.75,27.40732028960876,0.7506086859240299,84432.45028614352,60802.47507148593,32.730046154692914,0.7269261814617647,84888.12868756366,59134.059154767165,-2.0453447727189733,0.000608685924029828,-17567.549713856482,-10618.78588412617,3.2773810923651787,-0.023073818538235286,-17111.871312436342,-12287.201800844938,,,,,,,0.0022177435352179753,0.00990099009900991,,0.29979155925870493,0.275,0.5063291139240507,0.9125,0.8125,0.2125,0.7125,0.25625,0.225,,0.50625,0.55,0.3979166666666667,0.525,0.359375,0.576875,0.42743055555555554,0.5021527777777778,42.0,monitor,"Proxy score from public NDIA service-area data. It combines benchmark gaps, utilisation friction, unspent committed funding and provider-activity indicators; it is a triage signal, not proof of unmet need.",supply_response_gap is participant growth minus provider growth; it is not a provider caseload measure.,2025,static 2025 ERP denominator from local processed file; quarterly interpolation unavailable without annual series,funded_plan_context_only
2025Q4,2025 Q4,2025-06-30,ndia_service_area,TAS North West,TAS North West,TAS,Outer Regional Australia,120091.0,,3606.0,,30.027229351075437,,0.019508057675996504,102000.0,,367812000.0,262481000.0,72790.07210205213,,2185684.189489637,0.7136281578632562,105331000.0,29209.927897947866,0.73,27.77839830958376,0.7514285432706143,85151.38506175322,62192.49868267691,33.11060614399949,0.7308756031764125,85664.50093088642,60376.25859645123,-2.248831041491677,0.021428543270614286,-16848.614938246785,-10597.573419375221,3.0833767929240565,0.000875603176412482,-16335.499069113575,-12413.813505600898,,,,,,,0.03904725335191217,0.0,,0.2863718421367438,0.275,0.5189873417721519,0.9,0.8,0.38125,0.675,0.25,0.21875,,0.50625,0.5125,0.38125000000000003,0.5645833333333333,0.44375,0.5966666666666667,0.46319444444444446,0.5299305555555556,31.0,monitor,"Proxy score from public NDIA service-area data. It combines benchmark gaps, utilisation friction, unspent committed funding and provider-activity indicators; it is a triage signal, not proof of unmet need.",supply_response_gap is participant growth minus provider growth; it is not a provider caseload measure.,2025,static 2025 ERP denominator from local processed file; quarterly interpolation unavailable without annual series,funded_plan_context_only
2026Q1,2026 Q1,2025-09-30,ndia_service_area,TAS North West,TAS North West,TAS,Outer Regional Australia,120091.0,,3655.0,,30.43525326627308,,0.013588463671658335,101000.0,,369155000.0,264721000.0,72427.08618331053,,2204336.7113272436,0.7170998632010944,104434000.0,28572.913816689466,0.71,28.253214646769933,0.7386029448813405,85151.81887829916,62709.42778038322,33.634269269780866,0.7179683189796243,85747.48693204664,60763.24328367979,-2.1820386195031425,0.02860294488134045,-15848.181121700836,-9717.658402927307,3.19901600350779,0.007968318979624342,-15252.513067953361,-11663.842899630741,,,,,,,0.008533951028836473,-0.009803921568627416,,0.2829001367989056,0.275,0.5189873417721519,0.8875,0.7625,0.4625,0.6875,0.24375,0.21875,,0.50625,0.5125,0.3833333333333333,0.5791666666666667,0.484375,0.5977083333333333,0.4822916666666666,0.5399999999999999,29.0,monitor,"Proxy score from public NDIA service-area data. It combines benchmark gaps, utilisation friction, unspent committed funding and provider-activity indicators; it is a triage signal, not proof of unmet need.",supply_response_gap is participant growth minus provider growth; it is not a provider caseload measure.,2025,static 2025 ERP denominator from local processed file; quarterly interpolation unavailable without annual series,funded_plan_context_only
2024Q2,2024 Q2,2023-12-31,ndia_service_area,TAS South East,TAS South East,TAS,Remote Australia,131947.0,3203.0,3205.0,24.274898254602228,24.290055855760265,,,82000.0,31400.0,262810000.0,178891000.0,55816.22464898596,55851.0771152045,1355779.214381532,0.6806856664510483,83919000.0,26183.77535101404,0.72,24.12050932082575,0.774810548394224,79559.82881407744,60116.50993792392,24.02634249609882,0.7224571363687976,79668.8997388441,54482.11649824004,-0.1695465349345148,0.05481054839422399,-2440.1711859225616,4300.285288937957,-0.2637133596614447,0.002457136368797563,-2331.1002611558943,-1334.108150745924,227.0,821.0,14.118942731277533,14.110132158590309,70.82683307332293,,,,,0.31931433354895167,0.2875,0.43037974683544306,0.4375,0.8125,0.375,0.24375,0.25625,0.225,0.4875,0.50625,0.775,0.24166666666666667,0.6541666666666667,0.45625,0.5295833333333333,0.45069444444444445,0.4901388888888889,43.0,monitor,"Proxy score from public NDIA service-area data. It combines benchmark gaps, utilisation friction, unspent committed funding and provider-activity indicators; it is a triage signal, not proof of unmet need.",supply_response_gap is participant growth minus provider growth; it is not a provider caseload measure.,2025,static 2025 ERP denominator from local processed file; quarterly interpolation unavailable without annual series,derived_from_local_curated_source
2024Q3,2024 Q3,2024-03-31,ndia_service_area,TAS South East,TAS South East,TAS,Remote Australia,131947.0,3309.0,3309.0,25.078251115978386,25.078251115978382,0.03309397439900086,0.03244929797191887,84000.0,32800.0,277956000.0,188754000.0,57042.611060743424,57042.611060743424,1430528.92449241,0.6790787031040885,89202000.0,26957.388939256572,0.73,24.68676284471637,0.7773084731227313,81027.36890354347,60498.99233345409,24.7574722552625,0.7261652892561983,82596.36363636363,55098.732782369145,-0.3914882712620198,0.04730847312273127,-2972.6310964565346,3456.3812727106633,-0.3207788607158868,-0.0038347107438016794,-1403.6363636363676,-1943.878278374279,,,,,,,0.055134131957448984,0.024390243902439046,,0.32092129689591153,0.2692307692307692,0.42857142857142855,0.48717948717948717,0.8125,0.20625,0.26875,0.2625,0.23125,,0.50625,0.7625,0.25416666666666665,0.59375,0.35624999999999996,0.5037820512820513,0.40138888888888885,0.4525854700854701,54.0,monitor,"Proxy score from public NDIA service-area data. It combines benchmark gaps, utilisation friction, unspent committed funding and provider-activity indicators; it is a triage signal, not proof of unmet need.",supply_response_gap is participant growth minus provider growth; it is not a provider caseload measure.,2025,static 2025 ERP denominator from local processed file; quarterly interpolation unavailable without annual series,derived_from_local_curated_source
2024Q4,2024 Q4,2024-06-30,ndia_service_area,TAS South East,TAS South East,TAS,Remote Australia,131947.0,3359.0,3359.0,25.457191144929403,25.457191144929403,0.015110305228165588,0.015110305228165588,83000.0,33000.0,278797000.0,193199000.0,57516.82048228639,57516.82048228639,1464216.6930661553,0.6929737407504385,85598000.0,25483.179517713605,0.72,25.27144981343164,0.7784608418203379,82439.3926044259,61164.480098449734,25.15304619212344,0.7224088937093275,83827.87418655098,56104.77223427332,-0.1857413314977662,0.05846084182033792,-560.6073955741012,3647.6596161633424,-0.304144952805963,0.002408893709327486,827.8741865509801,-1412.048248013074,,,,,,,0.023549169818917637,-0.011904761904761862,,0.3070262592495615,0.2875,0.43037974683544306,0.4625,0.675,0.425,0.25625,0.5375,0.225,,0.50625,0.675,0.33958333333333335,0.5916666666666667,0.46562499999999996,0.49645833333333333,0.465625,0.4810416666666667,42.0,monitor,"Proxy score from public NDIA service-area data. It combines benchmark gaps, utilisation friction, unspent committed funding and provider-activity indicators; it is a triage signal, not proof of unmet need.",supply_response_gap is participant growth minus provider growth; it is not a provider caseload measure.,2025,static 2025 ERP denominator from local processed file; quarterly interpolation unavailable without annual series,derived_from_local_curated_source
2025Q1,2025 Q1,2024-09-30,ndia_service_area,TAS South East,TAS South East,TAS,Remote Australia,131947.0,3505.0,3505.0,26.563696029466374,26.56369602946637,0.04346531705864831,0.04346531705864831,82000.0,32900.0,287410000.0,198505000.0,56634.80741797432,56634.80741797432,1504429.8089384374,0.6906683831460283,88905000.0,25365.192582025677,0.71,26.153554026565185,0.7601002932313932,82459.7494204458,60716.14056683959,25.966018834775586,0.705875183862156,83531.09897037192,55810.77957554108,-0.4101420029011891,0.05010029323139321,459.7494204458053,4081.3331488652693,-0.5976771946907888,-0.004124816137844078,1531.0989703719242,-824.0278424332428,,,,,,,0.027463910268686664,-0.012048192771084376,,0.3093316168539717,0.2875,0.46835443037974683,0.45,0.6625,0.21875,0.25625,0.55,0.225,,0.50625,0.6875,0.34375,0.5229166666666667,0.3625,0.4570833333333334,0.40972222222222227,0.4334027777777778,56.0,monitor,"Proxy score from public NDIA service-area data. It combines benchmark gaps, utilisation friction, unspent committed funding and provider-activity indicators; it is a triage signal, not proof of unmet need.",supply_response_gap is participant growth minus provider growth; it is not a provider caseload measure.,2025,static 2025 ERP denominator from local processed file; quarterly interpolation unavailable without annual series,derived_from_local_curated_source
2025Q2,2025 Q2,2024-12-31,ndia_service_area,TAS South East,TAS South East,TAS,Remote Australia,131947.0,3618.0,3618.0,27.420100494895678,27.42010049489568,0.032239657631954355,0.032239657631954355,83000.0,32500.0,300294000.0,200705000.0,55474.01879491432,55474.018794914315,1521103.1702122823,0.6683616722278833,99589000.0,27525.98120508568,0.71,26.957763247112997,0.7465297732931997,82492.94748629373,60067.7940397898,26.680780017241567,0.6975378323108384,85021.06339468302,55637.83231083844,-0.4623372477826848,0.036529773293199674,-507.052513706265,4593.775244875476,-0.7393204776541111,-0.01246216768916156,2021.0633946830203,163.81351592412102,,,,,,,0.011082844260849933,0.012195121951219523,,0.33163832777211666,0.2875,0.46835443037974683,0.4375,0.725,0.19375,0.25625,0.6,0.4375,,0.50625,0.725,0.43124999999999997,0.5479166666666666,0.35,0.46958333333333335,0.44305555555555554,0.45631944444444444,55.0,monitor,"Proxy score from public NDIA service-area data. It combines benchmark gaps, utilisation friction, unspent committed funding and provider-activity indicators; it is a triage signal, not proof of unmet need.",supply_response_gap is participant growth minus provider growth; it is not a provider caseload measure.,2025,static 2025 ERP denominator from local processed file; quarterly interpolation unavailable without annual series,derived_from_local_curated_source
2025Q3,2025 Q3,2025-03-31,ndia_service_area,TAS South East,TAS South East,TAS,Remote Australia,131947.0,,3715.0,,28.155244151060653,,0.026810392482034207,85000.0,,315775000.0,208260000.0,56059.21938088829,,1578361.008586781,0.6595202280104505,107515000.0,28940.78061911171,0.71,27.40732028960876,0.7506086859240299,84432.45028614352,60802.47507148593,27.089994434683923,0.7040251762336355,86631.31923464249,56813.29305135952,-0.7479238614518913,0.04060868592402983,-567.5497138564824,4743.255690597645,-1.06524971637673,-0.005974823766364494,1631.3192346424912,754.0736704712326,,,,,,,0.03764231085423875,0.024096385542168752,,0.3404797719895495,0.2875,0.46835443037974683,0.4375,0.725,0.2125,0.25625,0.5875,0.4625,,0.50625,0.7375,0.4354166666666666,0.5583333333333333,0.359375,0.47354166666666664,0.4510416666666666,0.46229166666666666,52.0,monitor,"Proxy score from public NDIA service-area data. It combines benchmark gaps, utilisation friction, unspent committed funding and provider-activity indicators; it is a triage signal, not proof of unmet need.",supply_response_gap is participant growth minus provider growth; it is not a provider caseload measure.,2025,static 2025 ERP denominator from local processed file; quarterly interpolation unavailable without annual series,funded_plan_context_only
2025Q4,2025 Q4,2025-06-30,ndia_service_area,TAS South East,TAS South East,TAS,Remote Australia,131947.0,,3767.0,,28.549341781169712,,0.013997308209959591,85000.0,,320195000.0,215339000.0,57164.58720467216,,1632011.3378856664,0.6725245553490842,104856000.0,27835.412795327848,0.7,27.77839830958376,0.7514285432706143,85151.38506175322,62192.49868267691,27.289145451172534,0.7043007097870638,87268.51944416676,58336.399080275914,-0.7709434715859551,0.05142854327061428,151.38506175321527,5027.911478004746,-1.2601963299971786,0.004300709787063823,2268.5194441667554,1171.811875603751,,,,,,,0.03399116489004128,0.0,,0.3274754446509158,0.2875,0.45569620253164556,0.4,0.6875,0.4375,0.26875,0.6125,0.5125,,0.50625,0.7125,0.46458333333333335,0.6124999999999999,0.471875,0.49187499999999995,0.5163194444444444,0.5040972222222222,37.0,monitor,"Proxy score from public NDIA service-area data. It combines benchmark gaps, utilisation friction, unspent committed funding and provider-activity indicators; it is a triage signal, not proof of unmet need.",supply_response_gap is participant growth minus provider growth; it is not a provider caseload measure.,2025,static 2025 ERP denominator from local processed file; quarterly interpolation unavailable without annual series,funded_plan_context_only
2026Q1,2026 Q1,2025-09-30,ndia_service_area,TAS South East,TAS South East,TAS,Remote Australia,131947.0,,3864.0,,29.284485437334688,,0.025749933634191757,86000.0,,332304000.0,226092000.0,58512.42236024845,,1713506.180511872,0.6803770041889354,106212000.0,27487.57763975155,0.69,28.253214646769933,0.7386029448813405,85151.81887829916,62709.42778038322,27.59196412007988,0.6915315404389955,88616.37334387976,59932.27209808187,-1.0312707905647542,0.04860294488134045,-848.1811217008362,4197.005420134774,-1.6925213172548084,0.0015315404389954778,2616.3733438797644,1419.8497378334214,,,,,,,0.0499352184230446,0.0117647058823529,,0.31962299581106457,0.2875,0.45569620253164556,0.4375,0.7125,0.4,0.26875,0.6,0.525,,0.50625,0.7125,0.4645833333333333,0.6083333333333334,0.453125,0.4997916666666667,0.5086805555555556,0.5042361111111111,38.0,monitor,"Proxy score from public NDIA service-area data. It combines benchmark gaps, utilisation friction, unspent committed funding and provider-activity indicators; it is a triage signal, not proof of unmet need.",supply_response_gap is participant growth minus provider growth; it is not a provider caseload measure.,2025,static 2025 ERP denominator from local processed file; quarterly interpolation unavailable without annual series,funded_plan_context_only
2024Q2,2024 Q2,2023-12-31,ndia_service_area,TAS South West,TAS South West,TAS,Inner Regional Australia,167830.0,33488.0,3773.0,199.5352439969016,22.481082047309776,,,100000.0,,377300000.0,274305000.0,72702.0938245428,8191.1430960344005,1634421.7362807603,0.727020938245428,102995000.0,27297.906175457196,0.73,24.12050932082575,0.774810548394224,79559.82881407744,60116.50993792392,26.8899974718611,0.7630061336695022,76355.8163924701,56667.37290379991,1.6394272735159738,0.044810548394223985,-20440.17118592256,-12585.583886618879,4.408915424551324,0.033006133669502155,-23644.183607529907,-16034.72092074289,267.0,887.0,14.131086142322097,125.42322097378278,70.76596872515239,,,,,0.272979061754572,0.3125,0.34177215189873417,0.9375,0.8375,0.75,0.7875,0.25625,0.225,0.5,0.50625,0.5625,0.42291666666666666,0.7166666666666667,0.5854166666666667,0.6779166666666667,0.5750000000000001,0.6264583333333333,10.0,business opportunity: high demand friction,"Proxy score from public NDIA service-area data. It combines benchmark gaps, utilisation friction, unspent committed funding and provider-activity indicators; it is a triage signal, not proof of unmet need.",supply_response_gap is participant growth minus provider growth; it is not a provider caseload measure.,2025,static 2025 ERP denominator from local processed file; quarterly interpolation unavailable without annual series,derived_from_local_curated_source
2024Q3,2024 Q3,2024-03-31,ndia_service_area,TAS South West,TAS South West,TAS,Inner Regional Australia,167830.0,34460.0,3874.0,205.3268188047429,23.082881487219208,0.029025322503583473,0.026769149218128785,101000.0,,391274000.0,285989000.0,73822.66391326794,8299.158444573419,1704039.8021807782,0.7309174644878014,105285000.0,27177.33608673206,0.74,24.68676284471637,0.7773084731227313,81027.36890354347,60498.99233345409,27.71623599286424,0.7648604023741618,77994.1725121406,56947.80441429636,1.6038813574971584,0.03730847312273127,-19972.631096456535,-13323.671579813854,4.633354505645031,0.024860402374161764,-23005.827487859395,-16874.85949897158,,,,,,,0.0425949217112338,0.010000000000000009,,0.26908253551219863,0.2948717948717949,0.35064935064935066,0.9487179487179487,0.8375,0.6875,0.7875,0.2625,0.23125,,0.50625,0.5,0.4270833333333333,0.6749999999999999,0.596875,0.6705929487179486,0.5663194444444445,0.6184561965811965,14.0,business opportunity: high demand friction,"Proxy score from public NDIA service-area data. It combines benchmark gaps, utilisation friction, unspent committed funding and provider-activity indicators; it is a triage signal, not proof of unmet need.",supply_response_gap is participant growth minus provider growth; it is not a provider caseload measure.,2025,static 2025 ERP denominator from local processed file; quarterly interpolation unavailable without annual series,derived_from_local_curated_source
2024Q4,2024 Q4,2024-06-30,ndia_service_area,TAS South West,TAS South West,TAS,Inner Regional Australia,167830.0,35140.0,3967.0,209.37853780611331,23.637013644759577,0.019733023795705185,0.024006195147134646,103000.0,,408601000.0,301217000.0,75930.6780942778,8571.91235059761,1794774.4741702913,0.7371910494590077,107384000.0,27069.32190572221,0.76,25.27144981343164,0.7784608418203379,82439.3926044259,61164.480098449734,28.31985586047522,0.7685814728943384,79139.48388848934,57480.02092208034,1.6344361686720603,0.01846084182033792,-20560.6073955741,-14766.197995828064,4.682842215715642,0.008581472894338447,-23860.51611151066,-18450.65717219746,,,,,,,0.053246803198724324,0.01980198019801982,,0.2628089505409923,0.325,0.35443037974683544,0.9625,0.7625,0.54375,0.7875,0.25625,0.225,,0.50625,0.3875,0.42291666666666666,0.5645833333333333,0.5249999999999999,0.6279166666666667,0.5041666666666667,0.5660416666666667,26.0,monitor,"Proxy score from public NDIA service-area data. It combines benchmark gaps, utilisation friction, unspent committed funding and provider-activity indicators; it is a triage signal, not proof of unmet need.",supply_response_gap is participant growth minus provider growth; it is not a provider caseload measure.,2025,static 2025 ERP denominator from local processed file; quarterly interpolation unavailable without annual series,derived_from_local_curated_source
2025Q1,2025 Q1,2024-09-30,ndia_service_area,TAS South West,TAS South West,TAS,Inner Regional Australia,167830.0,36308.0,4108.0,216.33796103199666,24.47714949651433,0.03323847467273766,0.03554323166120499,104000.0,,427232000.0,310287000.0,75532.37585199611,8545.967830781095,1848817.2555562176,0.7262728447307317,116945000.0,28467.624148003895,0.75,26.153554026565185,0.7601002932313932,82459.7494204458,60716.14056683959,29.378540729741957,0.749585874550338,79082.76206451863,56908.5598208139,1.6764045300508563,0.01010029323139321,-21540.250579554195,-14816.235285156523,4.901391233227624,-0.00041412544966206604,-24917.237935481375,-18623.816031182214,,,,,,,0.03011118230378762,0.009708737864077666,,0.2737271552692683,0.325,0.35443037974683544,0.95,0.8,0.21875,0.775,0.25,0.225,,0.50625,0.45,0.4166666666666667,0.4895833333333333,0.3625,0.5854166666666666,0.42291666666666666,0.5041666666666667,36.0,monitor,"Proxy score from public NDIA service-area data. It combines benchmark gaps, utilisation friction, unspent committed funding and provider-activity indicators; it is a triage signal, not proof of unmet need.",supply_response_gap is participant growth minus provider growth; it is not a provider caseload measure.,2025,static 2025 ERP denominator from local processed file; quarterly interpolation unavailable without annual series,derived_from_local_curated_source
2025Q2,2025 Q2,2024-12-31,ndia_service_area,TAS South West,TAS South West,TAS,Inner Regional Australia,167830.0,37448.0,4246.0,223.13054876958827,25.29941011738068,0.03139803899966953,0.033592989289191744,103000.0,,437338000.0,313505000.0,73835.37447008949,8371.742149113437,1867991.4198891735,0.7168482958261116,123833000.0,29164.625529910503,0.74,26.957763247112997,0.7465297732931997,82492.94748629373,60067.7940397898,30.345785307596167,0.7338446519006651,79096.43428753808,56188.57394969421,1.658353129732312,0.006529773293199668,-20507.052513706265,-13767.580430299691,5.046375190215485,-0.00615534809933493,-23903.565712461917,-17646.800520395278,,,,,,,0.010371043582231954,-0.009615384615384581,,0.28315170417388835,0.325,0.3670886075949367,0.95,0.8,0.19375,0.7875,0.24375,0.21875,,0.50625,0.475,0.4166666666666667,0.4895833333333333,0.35,0.5829166666666665,0.41875,0.5008333333333332,37.0,monitor,"Proxy score from public NDIA service-area data. It combines benchmark gaps, utilisation friction, unspent committed funding and provider-activity indicators; it is a triage signal, not proof of unmet need.",supply_response_gap is participant growth minus provider growth; it is not a provider caseload measure.,2025,static 2025 ERP denominator from local processed file; quarterly interpolation unavailable without annual series,derived_from_local_curated_source
2025Q3,2025 Q3,2025-03-31,ndia_service_area,TAS South West,TAS South West,TAS,Inner Regional Australia,167830.0,,4351.0,,25.925043198474647,,0.024729156853509293,104000.0,,452504000.0,320124000.0,73574.81038841646,,1907430.1376392778,0.7074500998886197,132380000.0,30425.189611583544,0.74,27.40732028960876,0.7506086859240299,84432.45028614352,60802.47507148593,30.943280669707555,0.735953040708486,80949.4227901239,56650.43820079907,1.4822770911341152,0.010608685924029828,-19567.549713856482,-12772.335316930526,5.018237471232908,-0.004046959291514014,-23050.577209876094,-16924.372187617388,,,,,,,0.021112900910671195,0.009708737864077666,,0.29254990011138027,0.325,0.3670886075949367,0.95,0.8,0.2125,0.7875,0.25625,0.225,,0.50625,0.45,0.42291666666666666,0.4875,0.359375,0.584375,0.4232638888888889,0.5038194444444444,38.0,monitor,"Proxy score from public NDIA service-area data. It combines benchmark gaps, utilisation friction, unspent committed funding and provider-activity indicators; it is a triage signal, not proof of unmet need.",supply_response_gap is participant growth minus provider growth; it is not a provider caseload measure.,2025,static 2025 ERP denominator from local processed file; quarterly interpolation unavailable without annual series,funded_plan_context_only
2025Q4,2025 Q4,2025-06-30,ndia_service_area,TAS South West,TAS South West,TAS,Inner Regional Australia,167830.0,,4400.0,,26.217005302985164,,0.011261778901402009,103000.0,,453200000.0,329970000.0,74993.18181818182,,1966096.6454150032,0.7280891438658429,123230000.0,28006.81818181818,0.75,27.77839830958376,0.7514285432706143,85151.38506175322,62192.49868267691,31.40646420190928,0.7357142727569568,81348.30207161774,57871.566955701484,1.5613930065985926,0.001428543270614284,-17848.614938246785,-12800.683135504914,5.189458898924112,-0.014285727243043169,-21651.69792838226,-17121.61486248034,,,,,,,0.030756831727705602,-0.009615384615384581,,0.2719108561341571,0.325,0.35443037974683544,0.95,0.7,0.1875,0.8125,0.25,0.21875,,0.50625,0.3375,0.4270833333333333,0.4083333333333334,0.346875,0.5460416666666668,0.39409722222222227,0.47006944444444454,51.0,monitor,"Proxy score from public NDIA service-area data. It combines benchmark gaps, utilisation friction, unspent committed funding and provider-activity indicators; it is a triage signal, not proof of unmet need.",supply_response_gap is participant growth minus provider growth; it is not a provider caseload measure.,2025,static 2025 ERP denominator from local processed file; quarterly interpolation unavailable without annual series,funded_plan_context_only
2026Q1,2026 Q1,2025-09-30,ndia_service_area,TAS South West,TAS South West,TAS,Inner Regional Australia,167830.0,,4480.0,,26.693678126675803,,0.018181818181818077,102000.0,,456960000.0,336523000.0,75116.74107142857,,2005142.1080855627,0.736438637955182,120437000.0,26883.258928571428,0.75,28.253214646769933,0.7386029448813405,85151.81887829916,62709.42778038322,32.03344264863498,0.7233427743146025,81102.38055009648,58210.68357447111,1.559536520094131,-0.01139705511865955,-16848.181121700836,-12407.313291045342,5.339764521959179,-0.026657225685397492,-20897.61944990352,-16906.05749695745,,,,,,,0.01985938115586272,-0.009708737864077666,,0.26356136204481795,0.325,0.3670886075949367,0.95,0.675,0.2,0.8125,0.24375,0.21875,,0.50625,0.325,0.425,0.39999999999999997,0.353125,0.540625,0.3927083333333334,0.4666666666666667,53.0,monitor,"Proxy score from public NDIA service-area data. It combines benchmark gaps, utilisation friction, unspent committed funding and provider-activity indicators; it is a triage signal, not proof of unmet need.",supply_response_gap is participant growth minus provider growth; it is not a provider caseload measure.,2025,static 2025 ERP denominator from local processed file; quarterly interpolation unavailable without annual series,funded_plan_context_only
2024Q2,2024 Q2,2023-12-31,ndia_service_area,Toowoomba,Toowoomba,QLD,Very Remote Australia,294745.0,8500.0,8500.0,28.83848750614938,28.83848750614938,,,88000.0,35400.0,748000000.0,545870000.0,64220.0,64220.0,1852007.6676449135,0.7297727272727272,202130000.0,23780.0,0.76,24.12050932082575,0.774810548394224,79559.82881407744,60116.50993792392,26.179182279595977,0.7299395777967206,87236.47395075967,60770.62127062127,-4.717978185323631,0.014810548394223987,-8440.171185922562,-4103.490062076082,-2.6593052265534034,-0.03006042220327941,-763.5260492403322,-3449.378729378732,548.0,2112.0,15.510948905109489,15.510948905109489,64.47058823529412,,,,,0.27022727272727276,0.625,0.6708860759493671,0.75,0.675,0.1875,0.24375,0.25625,0.225,0.6375,0.50625,0.5125,0.24166666666666667,0.4583333333333333,0.4437499999999999,0.5904166666666667,0.3812499999999999,0.48583333333333334,44.0,monitor,"Proxy score from public NDIA service-area data. It combines benchmark gaps, utilisation friction, unspent committed funding and provider-activity indicators; it is a triage signal, not proof of unmet need.",supply_response_gap is participant growth minus provider growth; it is not a provider caseload measure.,2025,static 2025 ERP denominator from local processed file; quarterly interpolation unavailable without annual series,derived_from_local_curated_source
2024Q3,2024 Q3,2024-03-31,ndia_service_area,Toowoomba,Toowoomba,QLD,Very Remote Australia,294745.0,8700.0,8700.0,29.517040153352898,29.517040153352895,0.0235294117647058,0.0235294117647058,90000.0,36200.0,783000000.0,570409000.0,65564.25287356322,65564.25287356322,1935262.6846935486,0.7284916985951468,212591000.0,24435.74712643678,0.76,24.68676284471637,0.7773084731227313,81027.36890354347,60498.99233345409,26.741674362372237,0.7287384335959551,89029.82107355865,61786.02459318165,-4.830277308636532,0.01730847312273127,-8972.631096456535,-5065.260540109135,-2.775365790980665,-0.031261566404044885,-970.1789264413528,-3778.2282803815688,,,,,,,0.04495392675911858,0.022727272727272707,,0.27150830140485316,0.6025641025641025,0.6493506493506493,0.782051282051282,0.6625,0.20625,0.26875,0.2625,0.23125,,0.50625,0.525,0.25416666666666665,0.4645833333333333,0.35624999999999996,0.5735897435897436,0.35833333333333334,0.4659615384615384,52.0,monitor,"Proxy score from public NDIA service-area data. It combines benchmark gaps, utilisation friction, unspent committed funding and provider-activity indicators; it is a triage signal, not proof of unmet need.",supply_response_gap is participant growth minus provider growth; it is not a provider caseload measure.,2025,static 2025 ERP denominator from local processed file; quarterly interpolation unavailable without annual series,derived_from_local_curated_source
2024Q4,2024 Q4,2024-06-30,ndia_service_area,Toowoomba,Toowoomba,QLD,Very Remote Australia,294745.0,8822.0,8822.0,29.930957268147043,29.930957268147043,0.014022988505747236,0.014022988505747236,93000.0,37700.0,820446000.0,596189000.0,67579.80049875312,67579.80049875312,2022728.1209180816,0.726664521491969,224257000.0,25420.199501246883,0.76,25.27144981343164,0.7784608418203379,82439.3926044259,61164.480098449734,27.315980747937253,0.7307607285309241,91044.45191984238,62759.91157672161,-4.659507454715406,0.01846084182033792,-10560.607395574101,-6415.3204003033825,-2.6149765202097903,-0.02923927146907588,-1955.5480801576196,-4819.888922031503,,,,,,,0.045195640321243236,0.03333333333333344,,0.27333547850803097,0.6125,0.6329113924050633,0.8625,0.6625,0.2125,0.25625,0.25625,0.225,,0.50625,0.5,0.24583333333333332,0.4583333333333333,0.359375,0.5910416666666667,0.35451388888888885,0.47277777777777774,49.0,monitor,"Proxy score from public NDIA service-area data. It combines benchmark gaps, utilisation friction, unspent committed funding and provider-activity indicators; it is a triage signal, not proof of unmet need.",supply_response_gap is participant growth minus provider growth; it is not a provider caseload measure.,2025,static 2025 ERP denominator from local processed file; quarterly interpolation unavailable without annual series,derived_from_local_curated_source
2025Q1,2025 Q1,2024-09-30,ndia_service_area,Toowoomba,Toowoomba,QLD,Very Remote Australia,294745.0,9064.0,9064.0,30.752005971263294,30.75200597126329,0.027431421446383997,0.027431421446383997,93000.0,37400.0,842952000.0,608273000.0,67108.67166813769,67108.67166813769,2063726.2718621183,0.721598620087502,234679000.0,25891.32833186231,0.74,26.153554026565185,0.7601002932313932,82459.7494204458,60716.14056683959,28.08981758060144,0.7175297333925275,91778.55924480688,62539.22003878777,-4.598451944698109,0.02010029323139321,-10540.250579554195,-6392.5311012980965,-2.662188390661853,-0.022470266607472523,-1221.4407551931217,-4569.451629349918,,,,,,,0.020268740282024744,0.0,,0.278401379912498,0.6125,0.620253164556962,0.8375,0.6875,0.21875,0.25625,0.25,0.225,,0.50625,0.5125,0.24375,0.47291666666666665,0.3625,0.5945833333333334,0.3597222222222222,0.47715277777777776,46.0,monitor,"Proxy score from public NDIA service-area data. It combines benchmark gaps, utilisation friction, unspent committed funding and provider-activity indicators; it is a triage signal, not proof of unmet need.",supply_response_gap is participant growth minus provider growth; it is not a provider caseload measure.,2025,static 2025 ERP denominator from local processed file; quarterly interpolation unavailable without annual series,derived_from_local_curated_source
2025Q2,2025 Q2,2024-12-31,ndia_service_area,Toowoomba,Toowoomba,QLD,Very Remote Australia,294745.0,9313.0,9313.0,31.596804017031673,31.596804017031676,0.02747131509267442,0.02747131509267442,93000.0,36900.0,866109000.0,622991000.0,66894.77075056372,66894.77075056372,2113660.961169825,0.7192986102211154,243118000.0,26105.229249436274,0.72,26.957763247112997,0.7465297732931997,82492.94748629373,60067.7940397898,28.799988448237272,0.6997169488821533,91472.6178809909,62312.67804644591,-4.63904076991868,0.02652977329319967,-10507.052513706265,-6826.976710773924,-2.7968155687944005,-0.020283051117846757,-1527.3821190090966,-4582.092704117815,,,,,,,0.02419637235254557,0.0,,0.2807013897788846,0.6125,0.620253164556962,0.825,0.6375,0.19375,0.25625,0.24375,0.21875,,0.50625,0.425,0.23958333333333334,0.41874999999999996,0.35,0.56875,0.3361111111111111,0.45243055555555556,57.0,monitor,"Proxy score from public NDIA service-area data. It combines benchmark gaps, utilisation friction, unspent committed funding and provider-activity indicators; it is a triage signal, not proof of unmet need.",supply_response_gap is participant growth minus provider growth; it is not a provider caseload measure.,2025,static 2025 ERP denominator from local processed file; quarterly interpolation unavailable without annual series,derived_from_local_curated_source
2025Q3,2025 Q3,2025-03-31,ndia_service_area,Toowoomba,Toowoomba,QLD,Very Remote Australia,294745.0,,9414.0,,31.93947310386944,,0.010845055299044448,95000.0,,894330000.0,638354000.0,67809.0078606331,,2165783.982764763,0.7137790301119273,255976000.0,27190.9921393669,0.73,27.40732028960876,0.7506086859240299,84432.45028614352,60802.47507148593,29.255495455759704,0.6998867027124044,93888.60969645302,63068.60655553811,-4.53215281426068,0.020608685924029826,-10567.549713856482,-7006.532789147161,-2.683977648109739,-0.03011329728759563,-1111.3903035469848,-4740.401305094987,,,,,,,0.02466006732039472,0.021505376344086002,,0.28622096988807266,0.6125,0.6075949367088608,0.825,0.6375,0.2125,0.25625,0.25625,0.225,,0.50625,0.35,0.24583333333333332,0.39999999999999997,0.359375,0.5668749999999999,0.3350694444444444,0.45097222222222216,56.0,monitor,"Proxy score from public NDIA service-area data. It combines benchmark gaps, utilisation friction, unspent committed funding and provider-activity indicators; it is a triage signal, not proof of unmet need.",supply_response_gap is participant growth minus provider growth; it is not a provider caseload measure.,2025,static 2025 ERP denominator from local processed file; quarterly interpolation unavailable without annual series,funded_plan_context_only
2025Q4,2025 Q4,2025-06-30,ndia_service_area,Toowoomba,Toowoomba,QLD,Very Remote Australia,294745.0,,9437.0,,32.01750665829785,,0.002443169747184948,96000.0,,905952000.0,660292000.0,69968.42216806188,,2240214.4226365164,0.7288377309173113,245660000.0,26031.577831938117,0.74,27.77839830958376,0.7514285432706143,85151.38506175322,62192.49868267691,29.615831690817068,0.7017884845529896,94950.29032401046,64775.29808075883,-4.23910834871409,0.011428543270614284,-10848.614938246785,-7775.92348538497,-2.40167496748078,-0.038211515447010395,-1049.7096759895358,-5193.124087303047,,,,,,,0.03436651137143332,0.010526315789473717,,0.2711622690826887,0.6,0.5949367088607594,0.85,0.625,0.1875,0.26875,0.25,0.21875,,0.50625,0.325,0.24583333333333335,0.37916666666666665,0.346875,0.5602083333333333,0.32395833333333335,0.44208333333333333,58.0,monitor,"Proxy score from public NDIA service-area data. It combines benchmark gaps, utilisation friction, unspent committed funding and provider-activity indicators; it is a triage signal, not proof of unmet need.",supply_response_gap is participant growth minus provider growth; it is not a provider caseload measure.,2025,static 2025 ERP denominator from local processed file; quarterly interpolation unavailable without annual series,funded_plan_context_only
2026Q1,2026 Q1,2025-09-30,ndia_service_area,Toowoomba,Toowoomba,QLD,Very Remote Australia,294745.0,,9515.0,,32.28214219070722,,0.008265338560983437,95000.0,,903925000.0,674493000.0,70887.33578560168,,2288395.053351202,0.746182481953702,229432000.0,24112.66421439832,0.72,28.253214646769933,0.7386029448813405,85151.81887829916,62709.42778038322,29.935474216268688,0.6915735929312197,94840.2069766932,65463.76811594203,-4.028927543937286,0.01860294488134045,-9848.181121700836,-8177.908005218458,-2.346667974438532,-0.02842640706878029,-159.79302330680366,-5423.567669659649,,,,,,,0.021507151381509937,-0.01041666666666663,,0.25381751804629804,0.6,0.5822784810126582,0.85,0.4875,0.2,0.26875,0.24375,0.21875,,0.50625,0.2375,0.24375,0.30833333333333335,0.353125,0.5197916666666667,0.30173611111111115,0.41076388888888893,61.0,monitor,"Proxy score from public NDIA service-area data. It combines benchmark gaps, utilisation friction, unspent committed funding and provider-activity indicators; it is a triage signal, not proof of unmet need.",supply_response_gap is participant growth minus provider growth; it is not a provider caseload measure.,2025,static 2025 ERP denominator from local processed file; quarterly interpolation unavailable without annual series,funded_plan_context_only
2024Q2,2024 Q2,2023-12-31,ndia_service_area,Townsville,Townsville,QLD,Very Remote Australia,280540.0,8045.0,8046.0,28.676837527625295,28.68040208169958,,,84000.0,29600.0,675864000.0,491616000.0,61100.6711409396,61108.266003729026,1752391.8157838455,0.7273889421540428,184248000.0,22899.328859060402,0.75,24.12050932082575,0.774810548394224,79559.82881407744,60116.50993792392,26.179182279595977,0.7299395777967206,87236.47395075967,60770.62127062127,-4.559892760873829,0.024810548394223985,-4440.171185922562,-984.161203015683,-2.501219802103602,-0.020060422203279412,3236.473950759668,-330.049870318333,462.0,1728.0,17.415584415584416,17.413419913419915,57.41983594332588,,,,,0.2726110578459572,0.575,0.6582278481012658,0.6625,0.6375,0.1875,0.24375,0.6375,0.225,0.75,0.50625,0.55,0.36874999999999997,0.4583333333333333,0.48125,0.5629166666666666,0.4361111111111111,0.49951388888888887,40.0,monitor,"Proxy score from public NDIA service-area data. It combines benchmark gaps, utilisation friction, unspent committed funding and provider-activity indicators; it is a triage signal, not proof of unmet need.",supply_response_gap is participant growth minus provider growth; it is not a provider caseload measure.,2025,static 2025 ERP denominator from local processed file; quarterly interpolation unavailable without annual series,derived_from_local_curated_source
2024Q3,2024 Q3,2024-03-31,ndia_service_area,Townsville,Townsville,QLD,Very Remote Australia,280540.0,8221.0,8223.0,29.30419904469951,29.31132815284808,0.021876942200124372,0.021998508575689746,86000.0,30500.0,707178000.0,507830000.0,61757.26620454822,61772.29047561124,1810187.4955443074,0.7181077465645141,199348000.0,24242.733795451782,0.74,24.68676284471637,0.7773084731227313,81027.36890354347,60498.99233345409,26.741674362372237,0.7287384335959551,89029.82107355865,61786.02459318165,-4.624565308131714,0.03730847312273127,-4972.631096456535,-1258.273871094134,-2.569653790475847,-0.011261566404044885,3029.821073558647,28.758388633432332,,,,,,,0.03298102584130702,0.023809523809523725,,0.28189225343548585,0.5641025641025641,0.6363636363636364,0.6666666666666666,0.65,0.20625,0.26875,0.6875,0.4625,,0.50625,0.5875,0.4729166666666667,0.48125,0.35624999999999996,0.5436538461538462,0.4368055555555556,0.49022970085470086,44.0,monitor,"Proxy score from public NDIA service-area data. It combines benchmark gaps, utilisation friction, unspent committed funding and provider-activity indicators; it is a triage signal, not proof of unmet need.",supply_response_gap is participant growth minus provider growth; it is not a provider caseload measure.,2025,static 2025 ERP denominator from local processed file; quarterly interpolation unavailable without annual series,derived_from_local_curated_source
2024Q4,2024 Q4,2024-06-30,ndia_service_area,Townsville,Townsville,QLD,Very Remote Australia,280540.0,8413.0,8415.0,29.988593426962286,29.995722535110858,0.02335482301423175,0.023349142648668275,87000.0,31000.0,732105000.0,522019000.0,62034.34343434344,62049.09069297516,1860764.9533043415,0.7130384302798096,210086000.0,24965.656565656565,0.74,25.27144981343164,0.7784608418203379,82439.3926044259,61164.480098449734,27.315980747937253,0.7307607285309241,91044.45191984238,62759.91157672161,-4.72427272167922,0.03846084182033792,-4560.607395574101,-869.8633358937077,-2.6797417871736045,-0.009239271469075874,4044.4519198423804,725.5681423781716,,,,,,,0.027940452513636416,0.011627906976744207,,0.2869615697201904,0.575,0.6455696202531646,0.6625,0.6375,0.2125,0.25625,0.6875,0.4625,,0.50625,0.5875,0.46875,0.4791666666666667,0.359375,0.5427083333333333,0.4357638888888889,0.4892361111111111,40.0,monitor,"Proxy score from public NDIA service-area data. It combines benchmark gaps, utilisation friction, unspent committed funding and provider-activity indicators; it is a triage signal, not proof of unmet need.",supply_response_gap is participant growth minus provider growth; it is not a provider caseload measure.,2025,static 2025 ERP denominator from local processed file; quarterly interpolation unavailable without annual series,derived_from_local_curated_source
2025Q1,2025 Q1,2024-09-30,ndia_service_area,Townsville,Townsville,QLD,Very Remote Australia,280540.0,8709.0,8712.0,31.043701432950737,31.054395095173597,0.035183644359919164,0.03529411764705892,87000.0,30300.0,757944000.0,532995000.0,61179.40771349862,61200.48225973131,1899889.498823697,0.7032115829137773,224949000.0,25820.592286501378,0.73,26.153554026565185,0.7601002932313932,82459.7494204458,60716.14056683959,28.08981758060144,0.7175297333925275,91778.55924480688,62539.22003878777,-4.900841068608408,0.03010029323139321,-4540.250579554195,-463.26714665903273,-2.964577514572152,-0.012470266607472524,4778.559244806878,1359.8123252891455,,,,,,,0.021026054607207856,0.0,,0.2967884170862227,0.575,0.6455696202531646,0.65,0.675,0.21875,0.25625,0.70625,0.4875,,0.50625,0.6,0.48333333333333334,0.4979166666666666,0.3625,0.5520833333333334,0.4479166666666667,0.5,37.0,monitor,"Proxy score from public NDIA service-area data. It combines benchmark gaps, utilisation friction, unspent committed funding and provider-activity indicators; it is a triage signal, not proof of unmet need.",supply_response_gap is participant growth minus provider growth; it is not a provider caseload measure.,2025,static 2025 ERP denominator from local processed file; quarterly interpolation unavailable without annual series,derived_from_local_curated_source
2025Q2,2025 Q2,2024-12-31,ndia_service_area,Townsville,Townsville,QLD,Very Remote Australia,280540.0,8962.0,8962.0,31.94553361374492,31.94553361374492,0.02905040762429678,0.028696051423324098,85000.0,29300.0,761770000.0,539561000.0,60205.42289667485,60205.42289667485,1923294.3608754545,0.7082990929020571,222209000.0,24794.57710332515,0.71,26.957763247112997,0.7465297732931997,82492.94748629373,60067.7940397898,28.799988448237272,0.6997169488821533,91472.6178809909,62312.67804644591,-4.987770366631928,0.036529773293199674,-2507.052513706265,-137.62885688505048,-3.1455451655076487,-0.010283051117846751,6472.617880990903,2107.255149771059,,,,,,,0.012319064906800348,-0.02298850574712641,,0.29170090709794294,0.575,0.6329113924050633,0.575,0.5875,0.19375,0.25625,0.76875,0.55,,0.50625,0.55,0.525,0.44375000000000003,0.35,0.50625,0.4395833333333334,0.47291666666666665,47.0,monitor,"Proxy score from public NDIA service-area data. It combines benchmark gaps, utilisation friction, unspent committed funding and provider-activity indicators; it is a triage signal, not proof of unmet need.",supply_response_gap is participant growth minus provider growth; it is not a provider caseload measure.,2025,static 2025 ERP denominator from local processed file; quarterly interpolation unavailable without annual series,derived_from_local_curated_source
2025Q3,2025 Q3,2025-03-31,ndia_service_area,Townsville,Townsville,QLD,Very Remote Australia,280540.0,,9037.0,,32.21287516931632,,0.008368667708100963,87000.0,,786219000.0,551985000.0,61080.55770720372,,1967580.3806943751,0.7020753759448704,234234000.0,25919.44229279628,0.7,27.40732028960876,0.7506086859240299,84432.45028614352,60802.47507148593,29.255495455759704,0.6998867027124044,93888.60969645302,63068.60655553811,-4.805554879707557,0.050608685924029825,-2567.5497138564824,-278.0826357177866,-2.957379713556616,-0.000113297287595628,6888.609696453015,1988.048848334387,,,,,,,0.02302612679567284,0.0235294117647058,,0.29792462405512965,0.575,0.6329113924050633,0.5875,0.575,0.2125,0.25625,0.775,0.5375,,0.50625,0.525,0.5229166666666667,0.4375,0.359375,0.506875,0.43993055555555555,0.47340277777777773,49.0,monitor,"Proxy score from public NDIA service-area data. It combines benchmark gaps, utilisation friction, unspent committed funding and provider-activity indicators; it is a triage signal, not proof of unmet need.",supply_response_gap is participant growth minus provider growth; it is not a provider caseload measure.,2025,static 2025 ERP denominator from local processed file; quarterly interpolation unavailable without annual series,funded_plan_context_only
2025Q4,2025 Q4,2025-06-30,ndia_service_area,Townsville,Townsville,QLD,Very Remote Australia,280540.0,,9093.0,,32.412490197476295,,0.006196746707978207,89000.0,,809277000.0,571780000.0,62881.33729242274,,2038140.7285948528,0.7065318796901432,237497000.0,26118.662707577256,0.71,27.77839830958376,0.7514285432706143,85151.38506175322,62192.49868267691,29.615831690817068,0.7017884845529896,94950.29032401046,64775.29808075883,-4.634091887892538,0.041428543270614286,-3848.6149382467847,-688.8386097458279,-2.7966585066592278,-0.008211515447010384,5950.290324010464,1893.960788336095,,,,,,,0.03586148174316328,0.02298850574712641,,0.2934681203098568,0.575,0.620253164556962,0.6,0.6375,0.1875,0.26875,0.7625,0.5375,,0.50625,0.5625,0.5229166666666667,0.46249999999999997,0.346875,0.5243749999999999,0.4440972222222222,0.4842361111111111,45.0,monitor,"Proxy score from public NDIA service-area data. It combines benchmark gaps, utilisation friction, unspent committed funding and provider-activity indicators; it is a triage signal, not proof of unmet need.",supply_response_gap is participant growth minus provider growth; it is not a provider caseload measure.,2025,static 2025 ERP denominator from local processed file; quarterly interpolation unavailable without annual series,funded_plan_context_only
2026Q1,2026 Q1,2025-09-30,ndia_service_area,Townsville,Townsville,QLD,Very Remote Australia,280540.0,,9191.0,,32.76181649675625,,0.010777521170130866,89000.0,,817999000.0,577391000.0,62821.34696986182,,2058141.4415056675,0.7058578311220429,240608000.0,26178.65303013818,0.71,28.253214646769933,0.7386029448813405,85151.81887829916,62709.42778038322,29.935474216268688,0.6915735929312197,94840.2069766932,65463.76811594203,-4.50860184998632,0.02860294488134045,-3848.1811217008362,-111.91918947859813,-2.826342280487566,-0.018426407068780293,5840.206976693196,2642.4211460802107,,,,,,,0.009813214872853138,0.0,,0.2941421688779571,0.575,0.620253164556962,0.5875,0.6625,0.2,0.26875,0.7375,0.575,,0.50625,0.5625,0.5270833333333333,0.47500000000000003,0.353125,0.530625,0.45173611111111117,0.4911805555555556,45.0,monitor,"Proxy score from public NDIA service-area data. It combines benchmark gaps, utilisation friction, unspent committed funding and provider-activity indicators; it is a triage signal, not proof of unmet need.",supply_response_gap is participant growth minus provider growth; it is not a provider caseload measure.,2025,static 2025 ERP denominator from local processed file; quarterly interpolation unavailable without annual series,funded_plan_context_only
2024Q2,2024 Q2,2023-12-31,ndia_service_area,Western Adelaide,Western Adelaide,SA,Major Cities of Australia,197388.0,4919.0,4919.0,24.920461223579956,24.92046122357996,,,82000.0,33600.0,403358000.0,313223000.0,63676.15368977434,63676.15368977434,1586839.1188927393,0.7765384596313945,90135000.0,18323.846310225657,0.78,24.12050932082575,0.774810548394224,79559.82881407744,60116.50993792392,21.54075115403415,0.7958582408716173,80400.51139569166,62712.29290901039,-0.7999519027542057,-0.005189451605776014,-2440.1711859225616,-3559.6437518504245,-3.379710069545805,0.015858240871617257,-1599.4886043083388,-963.8607807639492,409.0,1245.0,12.026894865525673,12.026894865525673,83.14698109371824,,,,,0.22346154036860555,0.4125,0.4810126582278481,0.725,0.2375,0.55,0.24375,0.25625,0.225,0.275,0.50625,0.1375,0.24166666666666667,0.30833333333333335,0.44375000000000003,0.42541666666666667,0.33125000000000004,0.37833333333333335,73.0,monitor,"Proxy score from public NDIA service-area data. It combines benchmark gaps, utilisation friction, unspent committed funding and provider-activity indicators; it is a triage signal, not proof of unmet need.",supply_response_gap is participant growth minus provider growth; it is not a provider caseload measure.,2025,static 2025 ERP denominator from local processed file; quarterly interpolation unavailable without annual series,derived_from_local_curated_source
2024Q3,2024 Q3,2024-03-31,ndia_service_area,Western Adelaide,Western Adelaide,SA,Major Cities of Australia,197388.0,5026.0,5026.0,25.46254078262103,25.46254078262103,0.021752388696889557,0.021752388696889557,85000.0,33900.0,427210000.0,321818000.0,64030.64066852368,64030.64066852368,1630382.7993596368,0.753301654923808,105392000.0,20969.359331476324,0.78,24.68676284471637,0.7773084731227313,81027.36890354347,60498.99233345409,22.15635799622129,0.7987044245491112,81921.83021338335,63196.969696969696,-0.7757779379046639,-0.002691526877268728,-3972.6310964565346,-3531.6483350695926,-3.306182786399738,0.018704424549111136,-3078.1697866166505,-833.6709715539837,,,,,,,0.02744051362767097,0.03658536585365857,,0.24669834507619204,0.3974358974358974,0.44155844155844154,0.717948717948718,0.45,0.6,0.26875,0.2625,0.23125,,0.50625,0.3125,0.25416666666666665,0.45416666666666666,0.553125,0.5145352564102564,0.42048611111111106,0.4675106837606837,50.0,monitor,"Proxy score from public NDIA service-area data. It combines benchmark gaps, utilisation friction, unspent committed funding and provider-activity indicators; it is a triage signal, not proof of unmet need.",supply_response_gap is participant growth minus provider growth; it is not a provider caseload measure.,2025,static 2025 ERP denominator from local processed file; quarterly interpolation unavailable without annual series,derived_from_local_curated_source
2024Q4,2024 Q4,2024-06-30,ndia_service_area,Western Adelaide,Western Adelaide,SA,Major Cities of Australia,197388.0,5052.0,5052.0,25.59426104930391,25.59426104930391,0.005173099880620757,0.005173099880620757,87000.0,35200.0,439524000.0,330819000.0,65482.77909738717,65482.779097387174,1675983.3424524288,0.752675621809048,108705000.0,21517.220902612826,0.79,25.27144981343164,0.7784608418203379,82439.3926044259,61164.480098449734,22.563669931499856,0.7973695351274968,83207.46100966579,63732.73450666296,-0.3228112358722725,-0.01153915817966208,-4560.607395574101,-4318.298998937433,-3.030591117804054,0.007369535127496789,-3792.5389903342148,-1750.0445907242101,,,,,,,0.027969224841369877,0.0235294117647058,,0.247324378190952,0.4125,0.4430379746835443,0.7375,0.4125,0.475,0.25625,0.25625,0.225,,0.50625,0.2625,0.24583333333333332,0.3833333333333333,0.490625,0.4872916666666667,0.37326388888888884,0.43027777777777776,59.0,monitor,"Proxy score from public NDIA service-area data. It combines benchmark gaps, utilisation friction, unspent committed funding and provider-activity indicators; it is a triage signal, not proof of unmet need.",supply_response_gap is participant growth minus provider growth; it is not a provider caseload measure.,2025,static 2025 ERP denominator from local processed file; quarterly interpolation unavailable without annual series,derived_from_local_curated_source
2025Q1,2025 Q1,2024-09-30,ndia_service_area,Western Adelaide,Western Adelaide,SA,Major Cities of Australia,197388.0,5190.0,5190.0,26.293391695543804,26.293391695543804,0.027315914489311144,0.027315914489311144,87000.0,34500.0,451530000.0,338992000.0,65316.37764932562,65316.37764932562,1717389.1016677811,0.7507629614865015,112538000.0,21683.622350674374,0.77,26.153554026565185,0.7601002932313932,82459.7494204458,60716.14056683959,23.368427888963133,0.777901017449582,83196.99210700695,63287.15620185708,-0.1398376689786182,-0.009899706768606792,-4540.250579554195,-4600.237082486034,-2.9249638065806707,0.007901017449581929,-3803.007892993046,-2029.221447468546,,,,,,,0.024705352473709086,0.0,,0.24923703851349854,0.4125,0.45569620253164556,0.7375,0.3625,0.49375,0.25625,0.25,0.225,,0.50625,0.1875,0.24375,0.34791666666666665,0.5,0.4720833333333333,0.36388888888888893,0.4179861111111111,61.0,monitor,"Proxy score from public NDIA service-area data. It combines benchmark gaps, utilisation friction, unspent committed funding and provider-activity indicators; it is a triage signal, not proof of unmet need.",supply_response_gap is participant growth minus provider growth; it is not a provider caseload measure.,2025,static 2025 ERP denominator from local processed file; quarterly interpolation unavailable without annual series,derived_from_local_curated_source
2025Q2,2025 Q2,2024-12-31,ndia_service_area,Western Adelaide,Western Adelaide,SA,Major Cities of Australia,197388.0,5332.0,5332.0,27.012786998196447,27.012786998196447,0.02736030828516367,0.02736030828516367,87000.0,34400.0,463884000.0,339244000.0,63624.15603900975,63624.15603900975,1718665.7750217847,0.7313121383794224,124640000.0,23375.84396099025,0.75,26.957763247112997,0.7465297732931997,82492.94748629373,60067.7940397898,24.112356938543137,0.7670216640247125,83199.73444972835,62621.1139562926,-0.0550237510834534,-0.0034702267068003317,-4507.052513706265,-3556.361999219953,-2.90043005965331,0.01702166402471249,-3800.2655502716516,-1003.0420827171547,,,,,,,0.0007433803747580736,0.0,,0.26868786162057756,0.4125,0.4430379746835443,0.7,0.4375,0.6375,0.25625,0.24375,0.21875,,0.50625,0.2875,0.23958333333333334,0.4541666666666666,0.5718749999999999,0.5152083333333333,0.421875,0.46854166666666663,49.0,monitor,"Proxy score from public NDIA service-area data. It combines benchmark gaps, utilisation friction, unspent committed funding and provider-activity indicators; it is a triage signal, not proof of unmet need.",supply_response_gap is participant growth minus provider growth; it is not a provider caseload measure.,2025,static 2025 ERP denominator from local processed file; quarterly interpolation unavailable without annual series,derived_from_local_curated_source
2025Q3,2025 Q3,2025-03-31,ndia_service_area,Western Adelaide,Western Adelaide,SA,Major Cities of Australia,197388.0,,5470.0,,27.71191764443634,,0.025881470367591808,89000.0,,486830000.0,350806000.0,64132.7239488117,,1777240.76438284,0.7205924039192326,136024000.0,24867.2760511883,0.75,27.40732028960876,0.7506086859240299,84432.45028614352,60802.47507148593,24.50313856910154,0.7729322500306646,85141.60084900781,63507.002181182106,-0.3045973548275782,0.000608685924029828,-4567.549713856482,-3330.2488773257646,-3.2087790753348,0.022932250030664535,-3858.3991509921907,-625.7217676295913,,,,,,,0.0340816639351027,0.02298850574712641,,0.2794075960807674,0.4125,0.45569620253164556,0.7125,0.4375,0.68125,0.25625,0.25625,0.225,,0.50625,0.325,0.24583333333333332,0.48124999999999996,0.59375,0.5275000000000001,0.44027777777777777,0.4838888888888889,46.0,monitor,"Proxy score from public NDIA service-area data. It combines benchmark gaps, utilisation friction, unspent committed funding and provider-activity indicators; it is a triage signal, not proof of unmet need.",supply_response_gap is participant growth minus provider growth; it is not a provider caseload measure.,2025,static 2025 ERP denominator from local processed file; quarterly interpolation unavailable without annual series,funded_plan_context_only
2025Q4,2025 Q4,2025-06-30,ndia_service_area,Western Adelaide,Western Adelaide,SA,Major Cities of Australia,197388.0,,5549.0,,28.11214460858816,,0.01444241316270567,90000.0,,499410000.0,358526000.0,64610.92088664624,,1816351.5512594483,0.717899120962736,140884000.0,25389.079113353757,0.75,27.77839830958376,0.7514285432706143,85151.38506175322,62192.49868267691,24.83518208130649,0.7733698580403464,85996.54571858524,64997.01926820798,-0.3337462990044031,0.001428543270614284,-4848.614938246785,-2418.422203969334,-3.2769625272816683,0.0233698580403464,-4003.454281414757,386.09838156173646,,,,,,,0.022006465111771067,0.011235955056179803,,0.282100879037264,0.4125,0.4430379746835443,0.7,0.5875,0.6625,0.26875,0.25,0.45,,0.50625,0.475,0.3229166666666667,0.5750000000000001,0.584375,0.571875,0.49409722222222224,0.5329861111111112,30.0,monitor,"Proxy score from public NDIA service-area data. It combines benchmark gaps, utilisation friction, unspent committed funding and provider-activity indicators; it is a triage signal, not proof of unmet need.",supply_response_gap is participant growth minus provider growth; it is not a provider caseload measure.,2025,static 2025 ERP denominator from local processed file; quarterly interpolation unavailable without annual series,funded_plan_context_only
2026Q1,2026 Q1,2025-09-30,ndia_service_area,Western Adelaide,Western Adelaide,SA,Major Cities of Australia,197388.0,,5604.0,,28.39078363426348,,0.009911695801045228,89000.0,,498756000.0,366530000.0,65405.06780870807,,1856901.1287413624,0.7348884023450345,132226000.0,23594.932191291933,0.73,28.253214646769933,0.7386029448813405,85151.81887829916,62709.42778038322,25.249615768421013,0.7599765041363589,86109.56887160339,65613.772509322,-0.1375689874935481,0.008602944881340448,-3848.1811217008362,-2695.640028324844,-3.141167865842469,0.029976504136358814,-2890.431128396609,208.70470061394008,,,,,,,0.022324740744046556,-0.011111111111111072,,0.2651115976549655,0.4125,0.43037974683544306,0.6875,0.4375,0.7375,0.26875,0.24375,0.4375,,0.50625,0.3375,0.31666666666666665,0.5041666666666668,0.621875,0.5327083333333335,0.48090277777777785,0.5068055555555556,36.0,monitor,"Proxy score from public NDIA service-area data. It combines benchmark gaps, utilisation friction, unspent committed funding and provider-activity indicators; it is a triage signal, not proof of unmet need.",supply_response_gap is participant growth minus provider growth; it is not a provider caseload measure.,2025,static 2025 ERP denominator from local processed file; quarterly interpolation unavailable without annual series,funded_plan_context_only
2024Q2,2024 Q2,2023-12-31,ndia_service_area,Western District,Western District,VIC,Outer Regional Australia,153831.0,4678.0,4678.0,30.409995384545375,30.409995384545372,,,72000.0,32100.0,336816000.0,234790000.0,50190.25224454895,50190.25224454895,1526285.339105902,0.6970868367298466,102026000.0,21809.747755451048,0.71,24.12050932082575,0.774810548394224,79559.82881407744,60116.50993792392,29.44748036263278,0.7485395550523876,79779.69432547608,58182.44347371007,-6.289486063719625,0.06481054839422398,7559.828814077438,9926.257693374966,-0.9625150219125942,0.038539555052387584,7779.6943254760845,7992.191229161115,241.0,1030.0,19.410788381742737,19.410788381742737,51.517742625053444,,,,,0.3029131632701534,0.3875,0.759493670886076,0.2375,0.5625,0.8,0.24375,0.775,0.75,0.825,0.50625,0.725,0.5895833333333333,0.6958333333333333,0.7104166666666666,0.51875,0.6652777777777777,0.5920138888888888,21.0,provider opportunity: under-serviced,"Proxy score from public NDIA service-area data. It combines benchmark gaps, utilisation friction, unspent committed funding and provider-activity indicators; it is a triage signal, not proof of unmet need.",supply_response_gap is participant growth minus provider growth; it is not a provider caseload measure.,2025,static 2025 ERP denominator from local processed file; quarterly interpolation unavailable without annual series,derived_from_local_curated_source
2024Q3,2024 Q3,2024-03-31,ndia_service_area,Western District,Western District,VIC,Outer Regional Australia,153831.0,4779.0,4779.0,31.066560056165535,31.06656005616553,0.021590423257802582,0.021590423257802582,74000.0,33000.0,353646000.0,243377000.0,50926.34442351957,50926.344423519564,1582106.3374742412,0.6881938435610752,110269000.0,23073.655576480436,0.71,24.68676284471637,0.7773084731227313,81027.36890354347,60498.99233345409,29.18486251877246,0.751550423518762,80452.36760997478,58049.56139405565,-6.379797211449169,0.06730847312273128,7027.368903543465,9572.647909934516,-1.8816975373930769,0.04155042351876204,6452.367609974783,7123.216970536079,,,,,,,0.036573107883640654,0.02777777777777768,,0.31180615643892484,0.3717948717948718,0.7402597402597403,0.24358974358974358,0.6,0.79375,0.26875,0.7375,0.75,,0.50625,0.7,0.5854166666666667,0.6979166666666666,0.6499999999999999,0.5126602564102564,0.6444444444444444,0.5785523504273504,24.0,monitor,"Proxy score from public NDIA service-area data. It combines benchmark gaps, utilisation friction, unspent committed funding and provider-activity indicators; it is a triage signal, not proof of unmet need.",supply_response_gap is participant growth minus provider growth; it is not a provider caseload measure.,2025,static 2025 ERP denominator from local processed file; quarterly interpolation unavailable without annual series,derived_from_local_curated_source
2024Q4,2024 Q4,2024-06-30,ndia_service_area,Western District,Western District,VIC,Outer Regional Australia,153831.0,4847.0,4847.0,31.508603597454346,31.508603597454343,0.014228918183720518,0.014228918183720518,75000.0,33000.0,363525000.0,250616000.0,51705.38477408706,51705.38477408706,1629164.472700561,0.6894051303211609,112909000.0,23294.615225912938,0.72,25.27144981343164,0.7784608418203379,82439.3926044259,61164.480098449734,30.608345586211776,0.7572561652281135,82644.4615700781,59375.719276613236,-6.237153784022709,0.05846084182033792,7439.392604425899,9459.095324362672,-0.9002580112425704,0.0372561652281135,7644.4615700781,7670.334502526173,,,,,,,0.02974397745062185,0.013513513513513598,,0.3105948696788391,0.3875,0.7468354430379747,0.225,0.5625,0.79375,0.25625,0.7625,0.7375,,0.50625,0.6875,0.5854166666666666,0.68125,0.6499999999999999,0.50125,0.6388888888888888,0.5700694444444444,23.0,monitor,"Proxy score from public NDIA service-area data. It combines benchmark gaps, utilisation friction, unspent committed funding and provider-activity indicators; it is a triage signal, not proof of unmet need.",supply_response_gap is participant growth minus provider growth; it is not a provider caseload measure.,2025,static 2025 ERP denominator from local processed file; quarterly interpolation unavailable without annual series,derived_from_local_curated_source
2025Q1,2025 Q1,2024-09-30,ndia_service_area,Western District,Western District,VIC,Outer Regional Australia,153831.0,5018.0,5018.0,32.62021309098946,32.62021309098946,0.03527955436352381,0.03527955436352381,75000.0,32700.0,376350000.0,260616000.0,51936.22957353528,51936.229573535275,1694170.8758312694,0.6924830609804703,115734000.0,23063.770426464725,0.71,26.153554026565185,0.7601002932313932,82459.7494204458,60716.14056683959,31.532697494122548,0.7415501850207962,82697.75282019569,59065.36071574622,-6.466659064424274,0.05010029323139321,7459.749420445805,8779.910993304307,-1.0875155968669112,0.03155018502079613,7697.752820195688,7129.131142210936,,,,,,,0.039901682254923854,0.0,,0.3075169390195297,0.3875,0.7468354430379747,0.2625,0.475,0.75625,0.25625,0.8,0.7375,,0.50625,0.6625,0.5979166666666667,0.63125,0.63125,0.47750000000000004,0.6201388888888889,0.5488194444444445,30.0,monitor,"Proxy score from public NDIA service-area data. It combines benchmark gaps, utilisation friction, unspent committed funding and provider-activity indicators; it is a triage signal, not proof of unmet need.",supply_response_gap is participant growth minus provider growth; it is not a provider caseload measure.,2025,static 2025 ERP denominator from local processed file; quarterly interpolation unavailable without annual series,derived_from_local_curated_source
2025Q2,2025 Q2,2024-12-31,ndia_service_area,Western District,Western District,VIC,Outer Regional Australia,153831.0,5144.0,5144.0,33.43929377043639,33.43929377043639,0.025109605420486236,0.025109605420486236,75000.0,32500.0,385800000.0,262212000.0,50974.33903576983,50974.33903576983,1704545.8977709303,0.6796578538102643,123588000.0,24025.66096423017,0.7,26.957763247112997,0.7465297732931997,82492.94748629373,60067.7940397898,32.322438100030666,0.723891505303104,82921.77678310791,58404.145178554056,-6.4815305233234,0.04652977329319967,7492.947486293735,9093.455004019968,-1.1168556704057266,0.023891505303104025,7921.776783107911,7429.806142784226,,,,,,,0.006123952481812411,0.0,,0.32034214618973567,0.3875,0.7215189873417721,0.225,0.5,0.7375,0.25625,0.8,0.75,,0.50625,0.6625,0.6020833333333333,0.6333333333333333,0.621875,0.47354166666666664,0.6190972222222222,0.5463194444444444,28.0,monitor,"Proxy score from public NDIA service-area data. It combines benchmark gaps, utilisation friction, unspent committed funding and provider-activity indicators; it is a triage signal, not proof of unmet need.",supply_response_gap is participant growth minus provider growth; it is not a provider caseload measure.,2025,static 2025 ERP denominator from local processed file; quarterly interpolation unavailable without annual series,derived_from_local_curated_source
2025Q3,2025 Q3,2025-03-31,ndia_service_area,Western District,Western District,VIC,Outer Regional Australia,153831.0,,5203.0,,33.82283154890757,,0.011469673405909875,77000.0,,400631000.0,267862000.0,51482.2217951182,,1741274.5155397807,0.6686002830534832,132769000.0,25517.7782048818,0.7,27.40732028960876,0.7506086859240299,84432.45028614352,60802.47507148593,32.730046154692914,0.7269261814617647,84888.12868756366,59134.059154767165,-6.41551125929881,0.050608685924029825,7432.450286143518,9320.25327636773,-1.0927853942146584,0.026926181461764717,7888.128687563658,7651.837359648962,,,,,,,0.0215474501548365,0.026666666666666616,,0.3313997169465168,0.375,0.7215189873417721,0.2375,0.4875,0.75625,0.25625,0.8,0.7375,,0.50625,0.6875,0.5979166666666667,0.6437499999999999,0.63125,0.475,0.6243055555555556,0.5496527777777778,23.0,monitor,"Proxy score from public NDIA service-area data. It combines benchmark gaps, utilisation friction, unspent committed funding and provider-activity indicators; it is a triage signal, not proof of unmet need.",supply_response_gap is participant growth minus provider growth; it is not a provider caseload measure.,2025,static 2025 ERP denominator from local processed file; quarterly interpolation unavailable without annual series,funded_plan_context_only
2025Q4,2025 Q4,2025-06-30,ndia_service_area,Western District,Western District,VIC,Outer Regional Australia,153831.0,,5268.0,,34.24537316925717,,0.012492792619642534,77000.0,,405636000.0,275514000.0,52299.5444191344,,1791017.4152153987,0.679214862586161,130122000.0,24700.455580865604,0.7,27.77839830958376,0.7514285432706143,85151.38506175322,62192.49868267691,33.11060614399949,0.7308756031764125,85664.50093088642,60376.25859645123,-6.466974859673414,0.05142854327061428,8151.385061753215,9892.95426354251,-1.1347670252576805,0.030875603176412483,8664.500930886425,8076.714177316833,,,,,,,0.028566948652664514,0.0,,0.32078513741383896,0.375,0.7088607594936709,0.2375,0.4875,0.73125,0.26875,0.81875,0.75,,0.50625,0.7,0.6124999999999999,0.6395833333333333,0.6187499999999999,0.47166666666666657,0.623611111111111,0.5476388888888888,25.0,monitor,"Proxy score from public NDIA service-area data. It combines benchmark gaps, utilisation friction, unspent committed funding and provider-activity indicators; it is a triage signal, not proof of unmet need.",supply_response_gap is participant growth minus provider growth; it is not a provider caseload measure.,2025,static 2025 ERP denominator from local processed file; quarterly interpolation unavailable without annual series,funded_plan_context_only
2026Q1,2026 Q1,2025-09-30,ndia_service_area,Western District,Western District,VIC,Outer Regional Australia,153831.0,,5323.0,,34.60290838647607,,0.010440394836750189,77000.0,,409871000.0,279150000.0,52442.23182415931,,1814653.743393724,0.6810679457683028,130721000.0,24557.76817584069,0.69,28.253214646769933,0.7386029448813405,85151.81887829916,62709.42778038322,33.634269269780866,0.7179683189796243,85747.48693204664,60763.24328367979,-6.349693739706133,0.04860294488134045,8151.818878299164,10267.195956223914,-0.9686391166952006,0.027968318979624342,8747.486932046639,8321.01145952048,,,,,,,0.013197151505912608,0.0,,0.31893205423169724,0.375,0.6962025316455697,0.225,0.55,0.69375,0.26875,0.825,0.75,,0.50625,0.7,0.6145833333333334,0.6479166666666666,0.6,0.47958333333333325,0.6208333333333332,0.5502083333333332,24.0,monitor,"Proxy score from public NDIA service-area data. It combines benchmark gaps, utilisation friction, unspent committed funding and provider-activity indicators; it is a triage signal, not proof of unmet need.",supply_response_gap is participant growth minus provider growth; it is not a provider caseload measure.,2025,static 2025 ERP denominator from local processed file; quarterly interpolation unavailable without annual series,funded_plan_context_only
2024Q2,2024 Q2,2023-12-31,ndia_service_area,Western Melbourne,Western Melbourne,VIC,Major Cities of Australia,864515.0,17560.0,17560.0,20.311966825329808,20.311966825329808,,,71000.0,28300.0,1246760000.0,958165000.0,54565.20501138952,54565.205011389524,1108326.634008664,0.7685240142449229,288595000.0,16434.79498861048,0.78,24.12050932082575,0.774810548394224,79559.82881407744,60116.50993792392,21.54075115403415,0.7958582408716173,80400.51139569166,62712.29290901039,3.808542495495942,-0.005189451605776014,8559.828814077438,5551.304926534402,1.228784328704343,0.015858240871617257,9400.511395691661,8147.087897620877,1136.0,3145.0,15.45774647887324,15.45774647887324,64.69248291571753,,,,,0.2314759857550771,0.925,0.21518987341772153,0.3875,0.075,0.55,0.55,0.8375,0.775,0.625,0.50625,0.2125,0.7208333333333333,0.2791666666666667,0.5604166666666667,0.44541666666666674,0.5201388888888889,0.48277777777777786,45.0,advocacy: funding or access gap,"Proxy score from public NDIA service-area data. It combines benchmark gaps, utilisation friction, unspent committed funding and provider-activity indicators; it is a triage signal, not proof of unmet need.",supply_response_gap is participant growth minus provider growth; it is not a provider caseload measure.,2025,static 2025 ERP denominator from local processed file; quarterly interpolation unavailable without annual series,derived_from_local_curated_source
2024Q3,2024 Q3,2024-03-31,ndia_service_area,Western Melbourne,Western Melbourne,VIC,Major Cities of Australia,864515.0,18155.0,18155.0,21.000213992816782,21.000213992816786,0.03388382687927116,0.03388382687927116,72000.0,28400.0,1307160000.0,1000819000.0,55126.35637565409,55126.35637565409,1157665.2805330157,0.7656438385507512,306341000.0,16873.64362434591,0.78,24.68676284471637,0.7773084731227313,81027.36890354347,60498.99233345409,22.15635799622129,0.7987044245491112,81921.83021338335,63196.969696969696,3.686548851899584,-0.002691526877268728,9027.368903543465,5372.635957799997,1.1561440034045098,0.018704424549111136,9921.83021338335,8070.613321315606,,,,,,,0.044516341131224824,0.014084507042253502,,0.23435616144924876,0.9230769230769231,0.2077922077922078,0.3974358974358974,0.1,0.6,0.6,0.85,0.7625,,0.50625,0.2,0.7374999999999999,0.3,0.553125,0.45472756410256415,0.5302083333333333,0.49246794871794874,42.0,advocacy: funding or access gap,"Proxy score from public NDIA service-area data. It combines benchmark gaps, utilisation friction, unspent committed funding and provider-activity indicators; it is a triage signal, not proof of unmet need.",supply_response_gap is participant growth minus provider growth; it is not a provider caseload measure.,2025,static 2025 ERP denominator from local processed file; quarterly interpolation unavailable without annual series,derived_from_local_curated_source
2024Q4,2024 Q4,2024-06-30,ndia_service_area,Western Melbourne,Western Melbourne,VIC,Major Cities of Australia,864515.0,18515.0,18515.0,21.416632447094614,21.416632447094614,0.01982924814100806,0.01982924814100806,73000.0,28900.0,1351595000.0,1022107000.0,55204.26681069403,55204.26681069403,1182289.4917959783,0.7562228330232059,329488000.0,17795.733189305967,0.78,25.27144981343164,0.7784608418203379,82439.3926044259,61164.480098449734,22.563669931499856,0.7973695351274968,83207.46100966579,63732.73450666296,3.854817366337024,-0.0015391581796620809,9439.392604425899,5960.2132877557015,1.1470374844052422,0.01736953512749679,10207.461009665785,8528.467695968924,,,,,,,0.021270579395475053,0.01388888888888884,,0.24377716697679408,0.925,0.21518987341772153,0.375,0.075,0.61875,0.5375,0.875,0.7875,,0.50625,0.2375,0.7333333333333334,0.3104166666666666,0.5625,0.44958333333333333,0.5354166666666667,0.4925,39.0,advocacy: funding or access gap,"Proxy score from public NDIA service-area data. It combines benchmark gaps, utilisation friction, unspent committed funding and provider-activity indicators; it is a triage signal, not proof of unmet need.",supply_response_gap is participant growth minus provider growth; it is not a provider caseload measure.,2025,static 2025 ERP denominator from local processed file; quarterly interpolation unavailable without annual series,derived_from_local_curated_source
2025Q1,2025 Q1,2024-09-30,ndia_service_area,Western Melbourne,Western Melbourne,VIC,Major Cities of Australia,864515.0,19344.0,19344.0,22.37555160986218,22.37555160986218,0.044774507156359666,0.044774507156359666,73000.0,28600.0,1412112000.0,1054603000.0,54518.35194375517,54518.35194375517,1219878.1976021237,0.7468267389555503,357509000.0,18481.64805624483,0.75,26.153554026565185,0.7601002932313932,82459.7494204458,60716.14056683959,23.368427888963133,0.777901017449582,83196.99210700695,63287.15620185708,3.778002416703007,0.01010029323139321,9459.749420445805,6197.788623084416,0.9928762791009548,0.027901017449581927,10196.992107006954,8768.804258101904,,,,,,,0.031793148858191955,0.0,,0.2531732610444497,0.925,0.21518987341772153,0.35,0.075,0.70625,0.5375,0.875,0.8,,0.50625,0.25,0.7375000000000002,0.34375,0.60625,0.45999999999999996,0.5625000000000001,0.51125,35.0,advocacy: funding or access gap,"Proxy score from public NDIA service-area data. It combines benchmark gaps, utilisation friction, unspent committed funding and provider-activity indicators; it is a triage signal, not proof of unmet need.",supply_response_gap is participant growth minus provider growth; it is not a provider caseload measure.,2025,static 2025 ERP denominator from local processed file; quarterly interpolation unavailable without annual series,derived_from_local_curated_source
2025Q2,2025 Q2,2024-12-31,ndia_service_area,Western Melbourne,Western Melbourne,VIC,Major Cities of Australia,864515.0,20045.0,20045.0,23.186410877775398,23.1864108777754,0.036238626964433474,0.036238626964433474,72000.0,27800.0,1443240000.0,1063485000.0,53054.87652781242,53054.87652781242,1230152.1662435008,0.7368732851085059,379755000.0,18945.123472187577,0.75,26.957763247112997,0.7465297732931997,82492.94748629373,60067.7940397898,24.112356938543137,0.7670216640247125,83199.73444972835,62621.1139562926,3.771352369337595,-0.0034702267068003317,10492.947486293735,7012.917511977379,0.925946060767739,0.01702166402471249,11199.734449728348,9566.237428480177,,,,,,,0.008422126620159398,-0.013698630136986356,,0.2631267148914941,0.925,0.21518987341772153,0.3125,0.075,0.6375,0.5375,0.91875,0.7875,,0.50625,0.25,0.7479166666666667,0.3208333333333333,0.5718749999999999,0.44104166666666667,0.546875,0.49395833333333333,42.0,advocacy: funding or access gap,"Proxy score from public NDIA service-area data. It combines benchmark gaps, utilisation friction, unspent committed funding and provider-activity indicators; it is a triage signal, not proof of unmet need.",supply_response_gap is participant growth minus provider growth; it is not a provider caseload measure.,2025,static 2025 ERP denominator from local processed file; quarterly interpolation unavailable without annual series,derived_from_local_curated_source
2025Q3,2025 Q3,2025-03-31,ndia_service_area,Western Melbourne,Western Melbourne,VIC,Major Cities of Australia,864515.0,,20297.0,,23.477903795769883,,0.01257171364430043,74000.0,,1501978000.0,1098621000.0,54127.260186234416,,1270794.6073810172,0.7314494619761408,403357000.0,19872.73981376558,0.75,27.40732028960876,0.7506086859240299,84432.45028614352,60802.47507148593,24.50313856910154,0.7729322500306646,85141.60084900781,63507.002181182106,3.929416493838879,0.000608685924029828,10432.450286143518,6675.2148852515165,1.0252347733316576,0.022932250030664535,11141.60084900781,9379.74199494769,,,,,,,0.03303854779333992,0.02777777777777768,,0.2685505380238592,0.925,0.21518987341772153,0.3375,0.075,0.68125,0.5375,0.90625,0.775,,0.50625,0.2625,0.7395833333333334,0.33958333333333335,0.59375,0.4541666666666668,0.5576388888888889,0.5059027777777778,37.0,advocacy: funding or access gap,"Proxy score from public NDIA service-area data. It combines benchmark gaps, utilisation friction, unspent committed funding and provider-activity indicators; it is a triage signal, not proof of unmet need.",supply_response_gap is participant growth minus provider growth; it is not a provider caseload measure.,2025,static 2025 ERP denominator from local processed file; quarterly interpolation unavailable without annual series,funded_plan_context_only
2025Q4,2025 Q4,2025-06-30,ndia_service_area,Western Melbourne,Western Melbourne,VIC,Major Cities of Australia,864515.0,,20475.0,,23.683799587051706,,0.00876976893136927,75000.0,,1535625000.0,1142403000.0,55795.01831501832,,1321438.0317287727,0.7439335775335776,393222000.0,19204.981684981685,0.76,27.77839830958376,0.7514285432706143,85151.38506175322,62192.49868267691,24.83518208130649,0.7733698580403464,85996.54571858524,64997.01926820798,4.094598722532055,-0.008571456729385717,10151.385061753215,6397.480367658587,1.15138249425479,0.0133698580403464,10996.545718585243,9202.000953189658,,,,,,,0.03985177781964855,0.013513513513513598,,0.2560664224664224,0.925,0.20253164556962025,0.35,0.075,0.525,0.55,0.9,0.775,,0.50625,0.2,0.7416666666666667,0.26666666666666666,0.515625,0.42645833333333333,0.5079861111111111,0.4672222222222222,52.0,advocacy: funding or access gap,"Proxy score from public NDIA service-area data. It combines benchmark gaps, utilisation friction, unspent committed funding and provider-activity indicators; it is a triage signal, not proof of unmet need.",supply_response_gap is participant growth minus provider growth; it is not a provider caseload measure.,2025,static 2025 ERP denominator from local processed file; quarterly interpolation unavailable without annual series,funded_plan_context_only
2026Q1,2026 Q1,2025-09-30,ndia_service_area,Western Melbourne,Western Melbourne,VIC,Major Cities of Australia,864515.0,,20882.0,,24.15458378397136,,0.019877899877899896,75000.0,,1566150000.0,1170499000.0,56053.01216358587,,1353937.1786493005,0.7473734955144782,395651000.0,18946.987836414137,0.75,28.253214646769933,0.7386029448813405,85151.81887829916,62709.42778038322,25.249615768421013,0.7599765041363589,86109.56887160339,65613.772509322,4.098630862798572,-0.01139705511865955,10151.818878299164,6656.415616797356,1.0950319844496512,0.009976504136358812,11109.568871603391,9560.76034573614,,,,,,,0.024593772950526116,0.0,,0.2526265044855218,0.925,0.20253164556962025,0.325,0.0625,0.50625,0.55,0.9125,0.775,,0.50625,0.225,0.7458333333333332,0.26458333333333334,0.50625,0.4166666666666667,0.5055555555555555,0.46111111111111114,55.0,advocacy: funding or access gap,"Proxy score from public NDIA service-area data. It combines benchmark gaps, utilisation friction, unspent committed funding and provider-activity indicators; it is a triage signal, not proof of unmet need.",supply_response_gap is participant growth minus provider growth; it is not a provider caseload measure.,2025,static 2025 ERP denominator from local processed file; quarterly interpolation unavailable without annual series,funded_plan_context_only
2024Q2,2024 Q2,2023-12-31,ndia_service_area,Western NSW,Western NSW,NSW,Outer Regional Australia,289419.0,8124.0,8124.0,28.070029956568156,28.07002995656816,,,85000.0,36200.0,690540000.0,478451000.0,58893.52535696701,58893.52535696701,1653143.0210179705,0.692865004199612,212089000.0,26106.474643032987,0.7,24.12050932082575,0.774810548394224,79559.82881407744,60116.50993792392,29.44748036263278,0.7485395550523876,79779.69432547608,58182.44347371007,-3.949520635742406,0.07481054839422399,-5440.171185922562,1222.9845809569088,1.377450406064625,0.048539555052387585,-5220.3056745239155,-711.0818832569421,519.0,1884.0,15.653179190751445,15.653179190751445,63.88478581979321,,,,,0.30713499580038806,0.5875,0.6075949367088608,0.525,0.8,0.8375,0.5625,0.25625,0.225,0.6625,0.50625,0.75,0.34791666666666665,0.7958333333333334,0.6687500000000001,0.6754166666666667,0.6041666666666666,0.6397916666666666,6.0,business opportunity: high demand friction,"Proxy score from public NDIA service-area data. It combines benchmark gaps, utilisation friction, unspent committed funding and provider-activity indicators; it is a triage signal, not proof of unmet need.",supply_response_gap is participant growth minus provider growth; it is not a provider caseload measure.,2025,static 2025 ERP denominator from local processed file; quarterly interpolation unavailable without annual series,derived_from_local_curated_source
2024Q3,2024 Q3,2024-03-31,ndia_service_area,Western NSW,Western NSW,NSW,Outer Regional Australia,289419.0,8336.0,8336.0,28.802531969221096,28.802531969221096,0.02609551944854749,0.02609551944854749,86000.0,36000.0,716896000.0,495649000.0,59458.85316698656,59458.85316698656,1712565.5191953536,0.6913820135696113,221247000.0,26541.146833013434,0.71,24.68676284471637,0.7773084731227313,81027.36890354347,60498.99233345409,29.18486251877246,0.751550423518762,80452.36760997478,58049.56139405565,-4.11576912450473,0.06730847312273128,-4972.631096456535,1040.1391664675248,0.3823305495513622,0.04155042351876204,-5547.632390025217,-1409.291772930912,,,,,,,0.035945164708611754,0.0117647058823529,,0.30861798643038874,0.5769230769230769,0.5974025974025974,0.5256410256410257,0.775,0.79375,0.5375,0.2625,0.23125,,0.50625,0.675,0.34375,0.7479166666666668,0.6499999999999999,0.6550961538461538,0.5805555555555556,0.6178258547008547,15.0,monitor,"Proxy score from public NDIA service-area data. It combines benchmark gaps, utilisation friction, unspent committed funding and provider-activity indicators; it is a triage signal, not proof of unmet need.",supply_response_gap is participant growth minus provider growth; it is not a provider caseload measure.,2025,static 2025 ERP denominator from local processed file; quarterly interpolation unavailable without annual series,derived_from_local_curated_source
2024Q4,2024 Q4,2024-06-30,ndia_service_area,Western NSW,Western NSW,NSW,Outer Regional Australia,289419.0,8423.0,8423.0,29.10313421026263,29.10313421026263,0.010436660268714038,0.010436660268714038,88000.0,37000.0,741224000.0,510462000.0,60603.3479757806,60603.3479757806,1763747.3697303908,0.6886744088156886,230762000.0,27396.6520242194,0.72,25.27144981343164,0.7784608418203379,82439.3926044259,61164.480098449734,30.608345586211776,0.7572561652281135,82644.4615700781,59375.719276613236,-3.831684396830994,0.05846084182033792,-5560.607395574101,561.1321226691362,1.5052113759491448,0.0372561652281135,-5355.5384299219,-1227.6286991673624,,,,,,,0.029886068568684587,0.023255813953488413,,0.31132559118431136,0.5875,0.5822784810126582,0.575,0.8125,0.79375,0.5875,0.25625,0.225,,0.50625,0.7,0.35625,0.7687499999999999,0.6499999999999999,0.67875,0.5916666666666667,0.6352083333333334,12.0,business opportunity: high demand friction,"Proxy score from public NDIA service-area data. It combines benchmark gaps, utilisation friction, unspent committed funding and provider-activity indicators; it is a triage signal, not proof of unmet need.",supply_response_gap is participant growth minus provider growth; it is not a provider caseload measure.,2025,static 2025 ERP denominator from local processed file; quarterly interpolation unavailable without annual series,derived_from_local_curated_source
2025Q1,2025 Q1,2024-09-30,ndia_service_area,Western NSW,Western NSW,NSW,Outer Regional Australia,289419.0,8623.0,8623.0,29.79417384484087,29.79417384484087,0.023744509082274767,0.023744509082274767,89000.0,36400.0,767447000.0,523576000.0,60718.54343036066,60718.54343036066,1809058.8385696863,0.6822308250602321,243871000.0,28281.456569639337,0.71,26.153554026565185,0.7601002932313932,82459.7494204458,60716.14056683959,31.532697494122548,0.7415501850207962,82697.75282019569,59065.36071574622,-3.6406198182756846,0.05010029323139321,-6540.250579554195,-2.4028635210706852,1.738523649281678,0.03155018502079613,-6302.247179804312,-1653.1827146144424,,,,,,,0.025690452962218613,0.011363636363636465,,0.31776917493976786,0.5625,0.569620253164557,0.5875,0.7875,0.75625,0.5625,0.25,0.225,,0.50625,0.7125,0.3458333333333334,0.7520833333333333,0.63125,0.6641666666666667,0.5763888888888888,0.6202777777777777,14.0,monitor,"Proxy score from public NDIA service-area data. It combines benchmark gaps, utilisation friction, unspent committed funding and provider-activity indicators; it is a triage signal, not proof of unmet need.",supply_response_gap is participant growth minus provider growth; it is not a provider caseload measure.,2025,static 2025 ERP denominator from local processed file; quarterly interpolation unavailable without annual series,derived_from_local_curated_source
2025Q2,2025 Q2,2024-12-31,ndia_service_area,Western NSW,Western NSW,NSW,Outer Regional Australia,289419.0,8778.0,8778.0,30.32972956163901,30.32972956163901,0.01797518265104947,0.01797518265104947,89000.0,35900.0,781242000.0,529868000.0,60363.18067897015,60363.18067897015,1830798.9454735178,0.678237985156968,251374000.0,28636.81932102985,0.69,26.957763247112997,0.7465297732931997,82492.94748629373,60067.7940397898,32.322438100030666,0.723891505303104,82921.77678310791,58404.145178554056,-3.3719663145260164,0.056529773293199664,-6507.052513706265,-295.3866391803531,1.992708538391657,0.03389150530310402,-6078.223216892089,-1959.0355004160956,,,,,,,0.012017357556496133,0.0,,0.321762014843032,0.5625,0.569620253164557,0.6125,0.775,0.8,0.575,0.24375,0.21875,,0.50625,0.6875,0.3458333333333334,0.7541666666666668,0.653125,0.6714583333333333,0.584375,0.6279166666666667,15.0,business opportunity: high demand friction,"Proxy score from public NDIA service-area data. It combines benchmark gaps, utilisation friction, unspent committed funding and provider-activity indicators; it is a triage signal, not proof of unmet need.",supply_response_gap is participant growth minus provider growth; it is not a provider caseload measure.,2025,static 2025 ERP denominator from local processed file; quarterly interpolation unavailable without annual series,derived_from_local_curated_source
2025Q3,2025 Q3,2025-03-31,ndia_service_area,Western NSW,Western NSW,NSW,Outer Regional Australia,289419.0,,8825.0,,30.492123875764893,,0.005354294827979,91000.0,,803075000.0,543810000.0,61621.52974504249,,1878971.3183999667,0.6771596675279394,259265000.0,29378.47025495751,0.7,27.40732028960876,0.7506086859240299,84432.45028614352,60802.47507148593,32.730046154692914,0.7269261814617647,84888.12868756366,59134.059154767165,-3.0848035861561307,0.050608685924029825,-6567.549713856482,-819.0546735565586,2.2379222789280213,0.026926181461764717,-6111.871312436342,-2487.4705902753267,,,,,,,0.026312213607917467,0.022471910112359605,,0.32284033247206056,0.5625,0.5569620253164557,0.6125,0.75,0.75625,0.6,0.25625,0.225,,0.50625,0.6375,0.36041666666666666,0.7145833333333332,0.63125,0.6541666666666667,0.56875,0.6114583333333333,16.0,monitor,"Proxy score from public NDIA service-area data. It combines benchmark gaps, utilisation friction, unspent committed funding and provider-activity indicators; it is a triage signal, not proof of unmet need.",supply_response_gap is participant growth minus provider growth; it is not a provider caseload measure.,2025,static 2025 ERP denominator from local processed file; quarterly interpolation unavailable without annual series,funded_plan_context_only
2025Q4,2025 Q4,2025-06-30,ndia_service_area,Western NSW,Western NSW,NSW,Outer Regional Australia,289419.0,,8965.0,,30.975851619969664,,0.015864022662889443,92000.0,,824780000.0,564601000.0,62978.36029001673,,1950808.3436125477,0.6845473944567037,260179000.0,29021.63970998327,0.7,27.77839830958376,0.7514285432706143,85151.38506175322,62192.49868267691,33.11060614399949,0.7308756031764125,85664.50093088642,60376.25859645123,-3.197453310385906,0.05142854327061428,-6848.614938246785,-785.8616073398225,2.1347545240298267,0.030875603176412483,-6335.499069113575,-2602.101693565499,,,,,,,0.03823210312425296,0.01098901098901095,,0.31545260554329635,0.5625,0.5569620253164557,0.625,0.7875,0.73125,0.6125,0.25,0.21875,,0.50625,0.6625,0.36041666666666666,0.7270833333333333,0.6187499999999999,0.6641666666666667,0.56875,0.6164583333333333,15.0,monitor,"Proxy score from public NDIA service-area data. It combines benchmark gaps, utilisation friction, unspent committed funding and provider-activity indicators; it is a triage signal, not proof of unmet need.",supply_response_gap is participant growth minus provider growth; it is not a provider caseload measure.,2025,static 2025 ERP denominator from local processed file; quarterly interpolation unavailable without annual series,funded_plan_context_only
2026Q1,2026 Q1,2025-09-30,ndia_service_area,Western NSW,Western NSW,NSW,Outer Regional Australia,289419.0,,9091.0,,31.41120658975396,,0.014054656999442194,92000.0,,836372000.0,574700000.0,63216.36783632164,,1985702.3899605763,0.6871344330034961,261672000.0,28783.632163678365,0.68,28.253214646769933,0.7386029448813405,85151.81887829916,62709.42778038322,33.634269269780866,0.7179683189796243,85747.48693204664,60763.24328367979,-3.157991942984026,0.05860294488134045,-6848.181121700836,-506.94005593841575,2.2230626800269064,0.03796831897962434,-6252.513067953361,-2453.1245526418497,,,,,,,0.017886967964987566,0.0,,0.3128655669965039,0.5625,0.5569620253164557,0.6125,0.7875,0.80625,0.6125,0.24375,0.21875,,0.50625,0.6625,0.3583333333333334,0.7520833333333333,0.65625,0.6741666666666667,0.5888888888888889,0.6315277777777778,13.0,business opportunity: high demand friction,"Proxy score from public NDIA service-area data. It combines benchmark gaps, utilisation friction, unspent committed funding and provider-activity indicators; it is a triage signal, not proof of unmet need.",supply_response_gap is participant growth minus provider growth; it is not a provider caseload measure.,2025,static 2025 ERP denominator from local processed file; quarterly interpolation unavailable without annual series,funded_plan_context_only
2024Q2,2024 Q2,2023-12-31,ndia_service_area,Western Sydney,Western Sydney,NSW,Major Cities of Australia,1207980.0,24075.0,24077.0,19.929965727909405,19.93162138446001,,,81000.0,26500.0,1950237000.0,1590546000.0,66060.80491755618,66066.29283489096,1316698.9519694033,0.8155654928093354,359691000.0,14939.195082443826,0.83,24.12050932082575,0.774810548394224,79559.82881407744,60116.50993792392,21.54075115403415,0.7958582408716173,80400.51139569166,62712.29290901039,4.188887936365742,-0.05518945160577601,-1440.1711859225616,-5944.294979632257,1.6091297695741424,-0.03414175912838274,-599.4886043083388,-3348.512008545782,1948.0,4737.0,12.359856262833675,12.3588295687885,80.90708975370686,,,,,0.18443450719066457,0.9625,0.189873417721519,0.8375,0.0375,0.1875,0.6,0.25625,0.225,0.325,0.50625,0.025,0.36041666666666666,0.08333333333333333,0.33958333333333335,0.4520833333333333,0.2611111111111111,0.35659722222222223,77.0,monitor,"Proxy score from public NDIA service-area data. It combines benchmark gaps, utilisation friction, unspent committed funding and provider-activity indicators; it is a triage signal, not proof of unmet need.",supply_response_gap is participant growth minus provider growth; it is not a provider caseload measure.,2025,static 2025 ERP denominator from local processed file; quarterly interpolation unavailable without annual series,derived_from_local_curated_source
2024Q3,2024 Q3,2024-03-31,ndia_service_area,Western Sydney,Western Sydney,NSW,Major Cities of Australia,1207980.0,24807.0,24807.0,20.535936025430885,20.535936025430885,0.030404984423676007,0.030319391950824448,83000.0,27000.0,2058981000.0,1648727000.0,66462.16793646954,66462.16793646954,1364862.8288547823,0.8007490112827657,410254000.0,16537.832063530455,0.84,24.68676284471637,0.7773084731227313,81027.36890354347,60498.99233345409,22.15635799622129,0.7987044245491112,81921.83021338335,63196.969696969696,4.150826819285481,-0.06269152687726873,-1972.6310964565346,-5963.175603015457,1.6204219707904066,-0.04129557545088886,-1078.1697866166505,-3265.1982394998486,,,,,,,0.03657926271858836,0.024691358024691468,,0.19925098871723435,0.9615384615384616,0.19480519480519481,0.8461538461538461,0.0875,0.20625,0.6375,0.2625,0.23125,,0.50625,0.05,0.37708333333333327,0.11458333333333331,0.35624999999999996,0.4732051282051281,0.28263888888888883,0.37792200854700847,70.0,monitor,"Proxy score from public NDIA service-area data. It combines benchmark gaps, utilisation friction, unspent committed funding and provider-activity indicators; it is a triage signal, not proof of unmet need.",supply_response_gap is participant growth minus provider growth; it is not a provider caseload measure.,2025,static 2025 ERP denominator from local processed file; quarterly interpolation unavailable without annual series,derived_from_local_curated_source
2024Q4,2024 Q4,2024-06-30,ndia_service_area,Western Sydney,Western Sydney,NSW,Major Cities of Australia,1207980.0,25181.0,25181.0,20.845543800394047,20.845543800394047,0.01507638972870562,0.01507638972870562,84000.0,27800.0,2115204000.0,1695510000.0,67332.90973352925,67332.90973352925,1403591.1190582626,0.801582258732491,419694000.0,16667.09026647075,0.84,25.27144981343164,0.7784608418203379,82439.3926044259,61164.480098449734,22.563669931499856,0.7973695351274968,83207.46100966579,63732.73450666296,4.42590601303759,-0.06153915817966208,-1560.6073955741012,-6168.429635079512,1.7181261311058087,-0.04263046487250321,-792.5389903342148,-3600.1752268662894,,,,,,,0.02837522524954106,0.012048192771084265,,0.198417741267509,0.9625,0.189873417721519,0.85,0.05,0.2125,0.6125,0.25625,0.225,,0.50625,0.025,0.3645833333333333,0.09583333333333334,0.359375,0.46354166666666663,0.2732638888888889,0.36840277777777775,72.0,monitor,"Proxy score from public NDIA service-area data. It combines benchmark gaps, utilisation friction, unspent committed funding and provider-activity indicators; it is a triage signal, not proof of unmet need.",supply_response_gap is participant growth minus provider growth; it is not a provider caseload measure.,2025,static 2025 ERP denominator from local processed file; quarterly interpolation unavailable without annual series,derived_from_local_curated_source
2025Q1,2025 Q1,2024-09-30,ndia_service_area,Western Sydney,Western Sydney,NSW,Major Cities of Australia,1207980.0,25970.0,25970.0,21.498700309607777,21.498700309607777,0.03133314800841913,0.03133314800841913,84000.0,27600.0,2181480000.0,1738410000.0,66939.16056988834,66939.16056988834,1439104.9520687428,0.7968947686891468,443070000.0,17060.839430111668,0.82,26.153554026565185,0.7601002932313932,82459.7494204458,60716.14056683959,23.368427888963133,0.777901017449582,83196.99210700695,63287.15620185708,4.654853716957408,-0.05989970676860679,-1540.2505795541947,-6223.020003048747,1.869727579355356,-0.04209898255041807,-803.007892993046,-3652.004368031259,,,,,,,0.02530212148557065,0.0,,0.20310523131085323,0.9625,0.189873417721519,0.825,0.0375,0.21875,0.6,0.25,0.225,,0.50625,0.025,0.35833333333333334,0.09375,0.3625,0.45625,0.27152777777777776,0.3638888888888889,74.0,monitor,"Proxy score from public NDIA service-area data. It combines benchmark gaps, utilisation friction, unspent committed funding and provider-activity indicators; it is a triage signal, not proof of unmet need.",supply_response_gap is participant growth minus provider growth; it is not a provider caseload measure.,2025,static 2025 ERP denominator from local processed file; quarterly interpolation unavailable without annual series,derived_from_local_curated_source
2025Q2,2025 Q2,2024-12-31,ndia_service_area,Western Sydney,Western Sydney,NSW,Major Cities of Australia,1207980.0,26670.0,26670.0,22.078180102319575,22.07818010231957,0.02695417789757415,0.02695417789757415,85000.0,27900.0,2266950000.0,1791996000.0,67191.45106861643,67191.45106861643,1483464.9580291063,0.7904876596307815,474954000.0,17808.54893138358,0.81,26.957763247112997,0.7465297732931997,82492.94748629373,60067.7940397898,24.112356938543137,0.7670216640247125,83199.73444972835,62621.1139562926,4.879583144793418,-0.06347022670680033,-2507.052513706265,-7123.65702882663,2.034176836223562,-0.04297833597528751,-1800.2655502716516,-4570.337112323832,,,,,,,0.03082471913990381,0.011904761904761862,,0.2095123403692185,0.9625,0.189873417721519,0.85,0.05,0.19375,0.6,0.24375,0.21875,,0.50625,0.0125,0.3541666666666667,0.08541666666666668,0.35,0.45958333333333334,0.26319444444444445,0.36138888888888887,75.0,monitor,"Proxy score from public NDIA service-area data. It combines benchmark gaps, utilisation friction, unspent committed funding and provider-activity indicators; it is a triage signal, not proof of unmet need.",supply_response_gap is participant growth minus provider growth; it is not a provider caseload measure.,2025,static 2025 ERP denominator from local processed file; quarterly interpolation unavailable without annual series,derived_from_local_curated_source
2025Q3,2025 Q3,2025-03-31,ndia_service_area,Western Sydney,Western Sydney,NSW,Major Cities of Australia,1207980.0,,27096.0,,22.43083494759847,,0.015973003374578187,87000.0,,2357352000.0,1851235000.0,68321.33894301741,,1532504.6772297556,0.7853027464714646,506117000.0,18678.66105698258,0.82,27.40732028960876,0.7506086859240299,84432.45028614352,60802.47507148593,24.50313856910154,0.7729322500306646,85141.60084900781,63507.002181182106,4.976485342010292,-0.06939131407597017,-2567.5497138564824,-7518.863871531481,2.072303621503071,-0.047067749969335465,-1858.3991509921907,-4814.336761835308,,,,,,,0.033057551467748914,0.0235294117647058,,0.21469725352853541,0.9625,0.189873417721519,0.85,0.0375,0.2125,0.5875,0.25625,0.225,,0.50625,0.0125,0.35625,0.08750000000000001,0.359375,0.459375,0.2677083333333334,0.36354166666666665,76.0,monitor,"Proxy score from public NDIA service-area data. It combines benchmark gaps, utilisation friction, unspent committed funding and provider-activity indicators; it is a triage signal, not proof of unmet need.",supply_response_gap is participant growth minus provider growth; it is not a provider caseload measure.,2025,static 2025 ERP denominator from local processed file; quarterly interpolation unavailable without annual series,funded_plan_context_only
2025Q4,2025 Q4,2025-06-30,ndia_service_area,Western Sydney,Western Sydney,NSW,Major Cities of Australia,1207980.0,,27590.0,,22.83978211559794,,0.018231473280188926,88000.0,,2427920000.0,1923193000.0,69706.16165277275,,1592073.544263978,0.792115473326963,504727000.0,18293.838347227258,0.82,27.77839830958376,0.7514285432706143,85151.38506175322,62192.49868267691,24.83518208130649,0.7733698580403464,85996.54571858524,64997.01926820798,4.938616193985816,-0.06857145672938572,-2848.6149382467847,-7513.6629700958365,1.9953999657085504,-0.0466301419596536,-2003.4542814147571,-4709.142384564766,,,,,,,0.038870267686166304,0.011494252873563315,,0.20788452667303703,0.9625,0.17721518987341772,0.8375,0.0375,0.1875,0.6,0.25,0.21875,,0.50625,0.025,0.35625,0.08333333333333333,0.346875,0.4535416666666666,0.26215277777777773,0.3578472222222222,75.0,monitor,"Proxy score from public NDIA service-area data. It combines benchmark gaps, utilisation friction, unspent committed funding and provider-activity indicators; it is a triage signal, not proof of unmet need.",supply_response_gap is participant growth minus provider growth; it is not a provider caseload measure.,2025,static 2025 ERP denominator from local processed file; quarterly interpolation unavailable without annual series,funded_plan_context_only
2026Q1,2026 Q1,2025-09-30,ndia_service_area,Western Sydney,Western Sydney,NSW,Major Cities of Australia,1207980.0,,28067.0,,23.234656202917265,,0.017288872779992692,88000.0,,2469896000.0,1984685000.0,70712.40246552891,,1642978.3605688836,0.803550028017374,485211000.0,17287.597534471086,0.8,28.253214646769933,0.7386029448813405,85151.81887829916,62709.42778038322,25.249615768421013,0.7599765041363589,86109.56887160339,65613.772509322,5.018558443852669,-0.06139705511865955,-2848.1811217008362,-8002.9746851456875,2.014959565503748,-0.040023495863641186,-1890.431128396609,-5098.629956206903,,,,,,,0.03197391005478911,0.0,,0.19644997198262604,0.9625,0.17721518987341772,0.8375,0.0375,0.2,0.575,0.24375,0.21875,,0.50625,0.025,0.3458333333333334,0.08750000000000001,0.353125,0.45562500000000006,0.26215277777777785,0.3588888888888889,76.0,monitor,"Proxy score from public NDIA service-area data. It combines benchmark gaps, utilisation friction, unspent committed funding and provider-activity indicators; it is a triage signal, not proof of unmet need.",supply_response_gap is participant growth minus provider growth; it is not a provider caseload measure.,2025,static 2025 ERP denominator from local processed file; quarterly interpolation unavailable without annual series,funded_plan_context_only
2024Q2,2024 Q2,2023-12-31,ndia_service_area,Wheat Belt,Wheat Belt,WA,Outer Regional Australia,81725.0,1348.0,1348.0,16.494340776996022,16.494340776996022,,,67000.0,36600.0,90316000.0,46238000.0,34301.18694362018,34301.18694362018,565775.4665035179,0.5119580140838833,44078000.0,32698.813056379822,0.6,24.12050932082575,0.774810548394224,79559.82881407744,60116.50993792392,29.44748036263278,0.7485395550523876,79779.69432547608,58182.44347371007,7.626168543829728,0.174810548394224,12559.828814077438,25815.322994303737,12.95313958563676,0.14853955505238758,12779.694325476084,23881.256530089886,178.0,566.0,7.573033707865169,7.573033707865169,132.04747774480714,,,,,0.4880419859161167,0.125,0.06329113924050633,0.0125,0.9,1.0,1.0,0.9625,0.9875,0.0625,0.50625,0.9625,0.9833333333333334,0.9541666666666666,0.5229166666666667,0.5029166666666667,0.8201388888888889,0.6615277777777777,2.0,advocacy: funding or access gap,"Proxy score from public NDIA service-area data. It combines benchmark gaps, utilisation friction, unspent committed funding and provider-activity indicators; it is a triage signal, not proof of unmet need.",supply_response_gap is participant growth minus provider growth; it is not a provider caseload measure.,2025,static 2025 ERP denominator from local processed file; quarterly interpolation unavailable without annual series,derived_from_local_curated_source
2024Q3,2024 Q3,2024-03-31,ndia_service_area,Wheat Belt,Wheat Belt,WA,Outer Regional Australia,81725.0,1395.0,1395.0,17.069440195778526,17.069440195778526,0.034866468842730036,0.034866468842730036,66000.0,37600.0,92070000.0,47439000.0,34006.45161290323,34006.45161290323,580471.0920770877,0.5152492668621701,44631000.0,31993.548387096773,0.62,24.68676284471637,0.7773084731227313,81027.36890354347,60498.99233345409,29.18486251877246,0.751550423518762,80452.36760997478,58049.56139405565,7.61732264893784,0.15730847312273127,15027.368903543465,26492.54072055086,12.115422322993933,0.13155042351876203,14452.367609974783,24043.109781152423,,,,,,,0.02597430684718205,-0.014925373134328401,,0.4847507331378299,0.11538461538461539,0.06493506493506493,0.01282051282051282,0.8875,1.0,1.0,0.9625,1.0,,0.50625,0.975,0.9874999999999999,0.9541666666666666,0.753125,0.544599358974359,0.8982638888888888,0.7214316239316239,1.0,under-funded and under-serviced,"Proxy score from public NDIA service-area data. It combines benchmark gaps, utilisation friction, unspent committed funding and provider-activity indicators; it is a triage signal, not proof of unmet need.",supply_response_gap is participant growth minus provider growth; it is not a provider caseload measure.,2025,static 2025 ERP denominator from local processed file; quarterly interpolation unavailable without annual series,derived_from_local_curated_source
2024Q4,2024 Q4,2024-06-30,ndia_service_area,Wheat Belt,Wheat Belt,WA,Outer Regional Australia,81725.0,1435.0,1435.0,17.558886509635975,17.558886509635975,0.028673835125448077,0.028673835125448077,67000.0,38300.0,96145000.0,48273000.0,33639.7212543554,33639.7212543554,590676.0477210156,0.5020853918560507,47872000.0,33360.2787456446,0.61,25.27144981343164,0.7784608418203379,82439.3926044259,61164.480098449734,30.608345586211776,0.7572561652281135,82644.4615700781,59375.719276613236,7.712563303795662,0.1684608418203379,15439.392604425899,27524.758844094336,13.0494590765758,0.1472561652281135,15644.4615700781,25735.998022257838,,,,,,,0.01758047176373867,0.015151515151515138,,0.4979146081439493,0.125,0.0759493670886076,0.0125,0.8625,1.0,1.0,0.975,1.0,,0.50625,0.9625,0.9916666666666667,0.9416666666666668,0.753125,0.5389583333333334,0.8954861111111111,0.7172222222222222,1.0,under-funded and under-serviced,"Proxy score from public NDIA service-area data. It combines benchmark gaps, utilisation friction, unspent committed funding and provider-activity indicators; it is a triage signal, not proof of unmet need.",supply_response_gap is participant growth minus provider growth; it is not a provider caseload measure.,2025,static 2025 ERP denominator from local processed file; quarterly interpolation unavailable without annual series,derived_from_local_curated_source
2025Q1,2025 Q1,2024-09-30,ndia_service_area,Wheat Belt,Wheat Belt,WA,Outer Regional Australia,81725.0,1472.0,1472.0,18.011624349954115,18.011624349954115,0.025783972125435595,0.025783972125435595,67000.0,38400.0,98624000.0,49948000.0,33932.065217391304,33932.065217391304,611171.6121137963,0.5064487345879299,48676000.0,33067.934782608696,0.59,26.153554026565185,0.7601002932313932,82459.7494204458,60716.14056683959,31.532697494122548,0.7415501850207962,82697.75282019569,59065.36071574622,8.14192967661107,0.1701002932313932,15459.749420445805,26784.075349448285,13.521073144168431,0.15155018502079615,15697.752820195688,25133.295498354913,,,,,,,0.034698485695937586,0.0,,0.49355126541207006,0.1125,0.06329113924050633,0.0125,0.8625,0.9875,1.0,0.975,1.0,,0.50625,0.9625,0.9916666666666667,0.9375,0.746875,0.534375,0.8920138888888888,0.7131944444444445,1.0,under-funded and under-serviced,"Proxy score from public NDIA service-area data. It combines benchmark gaps, utilisation friction, unspent committed funding and provider-activity indicators; it is a triage signal, not proof of unmet need.",supply_response_gap is participant growth minus provider growth; it is not a provider caseload measure.,2025,static 2025 ERP denominator from local processed file; quarterly interpolation unavailable without annual series,derived_from_local_curated_source
2025Q2,2025 Q2,2024-12-31,ndia_service_area,Wheat Belt,Wheat Belt,WA,Outer Regional Australia,81725.0,1529.0,1529.0,18.70908534720098,18.70908534720098,0.03872282608695654,0.03872282608695654,67000.0,38600.0,102443000.0,50364000.0,32939.175931981685,32939.175931981685,616261.8537779137,0.4916294915221147,52079000.0,34060.824068018315,0.59,26.957763247112997,0.7465297732931997,82492.94748629373,60067.7940397898,32.322438100030666,0.723891505303104,82921.77678310791,58404.145178554056,8.248677899912014,0.1565297732931997,15492.947486293735,27128.618107808114,13.613352752829687,0.13389150530310404,15921.77678310791,25464.96924657237,,,,,,,0.008328661808280513,0.0,,0.5083705084778853,0.125,0.0759493670886076,0.0125,0.8625,0.975,1.0,0.975,1.0,,0.50625,0.9625,0.9916666666666667,0.9333333333333332,0.740625,0.5347916666666667,0.8885416666666667,0.7116666666666667,1.0,under-funded and under-serviced,"Proxy score from public NDIA service-area data. It combines benchmark gaps, utilisation friction, unspent committed funding and provider-activity indicators; it is a triage signal, not proof of unmet need.",supply_response_gap is participant growth minus provider growth; it is not a provider caseload measure.,2025,static 2025 ERP denominator from local processed file; quarterly interpolation unavailable without annual series,derived_from_local_curated_source
2025Q3,2025 Q3,2025-03-31,ndia_service_area,Wheat Belt,Wheat Belt,WA,Outer Regional Australia,81725.0,,1558.0,,19.06393392474763,,0.018966644865925364,68000.0,,105944000.0,50652000.0,32510.911424903723,,619785.8672376873,0.4781016386015253,55292000.0,35489.08857509628,0.57,27.40732028960876,0.7506086859240299,84432.45028614352,60802.47507148593,32.730046154692914,0.7269261814617647,84888.12868756366,59134.059154767165,8.343386364861132,0.18060868592402982,16432.450286143518,28291.56364658221,13.666112229945284,0.1569261814617647,16888.128687563658,26623.14772986344,,,,,,,0.005718370264474526,0.014925373134328401,,0.5218983613984747,0.125,0.0759493670886076,0.0125,0.85,0.9875,1.0,0.975,1.0,,0.50625,0.9625,0.9916666666666667,0.9333333333333332,0.746875,0.5335416666666666,0.890625,0.7120833333333333,1.0,under-funded and under-serviced,"Proxy score from public NDIA service-area data. It combines benchmark gaps, utilisation friction, unspent committed funding and provider-activity indicators; it is a triage signal, not proof of unmet need.",supply_response_gap is participant growth minus provider growth; it is not a provider caseload measure.,2025,static 2025 ERP denominator from local processed file; quarterly interpolation unavailable without annual series,funded_plan_context_only
2025Q4,2025 Q4,2025-06-30,ndia_service_area,Wheat Belt,Wheat Belt,WA,Outer Regional Australia,81725.0,,1609.0,,19.687977974915874,,0.032734274711168077,69000.0,,111021000.0,54703000.0,33998.135487880674,,669354.5426736005,0.49272660127363294,56318000.0,35001.864512119326,0.56,27.77839830958376,0.7514285432706143,85151.38506175322,62192.49868267691,33.11060614399949,0.7308756031764125,85664.50093088642,60376.25859645123,8.090420334667883,0.1914285432706143,16151.385061753215,28194.363194796235,13.422628169083616,0.17087560317641248,16664.500930886425,26378.12310857056,,,,,,,0.07997709863381508,0.014705882352941124,,0.5072733987263671,0.125,0.0759493670886076,0.0125,0.85,0.9875,1.0,0.975,1.0,,0.50625,0.9625,0.9916666666666667,0.9333333333333332,0.746875,0.5335416666666666,0.890625,0.7120833333333333,1.0,under-funded and under-serviced,"Proxy score from public NDIA service-area data. It combines benchmark gaps, utilisation friction, unspent committed funding and provider-activity indicators; it is a triage signal, not proof of unmet need.",supply_response_gap is participant growth minus provider growth; it is not a provider caseload measure.,2025,static 2025 ERP denominator from local processed file; quarterly interpolation unavailable without annual series,funded_plan_context_only
2026Q1,2026 Q1,2025-09-30,ndia_service_area,Wheat Belt,Wheat Belt,WA,Outer Regional Australia,81725.0,,1643.0,,20.104007341694707,,0.021131137352392804,69000.0,,113367000.0,54970000.0,33457.09068776628,,672621.5968185989,0.48488537228646783,58397000.0,35542.90931223372,0.56,28.253214646769933,0.7386029448813405,85151.81887829916,62709.42778038322,33.634269269780866,0.7179683189796243,85747.48693204664,60763.24328367979,8.149207305075226,0.17860294488134046,16151.818878299164,29252.337092616945,13.530261928086158,0.15796831897962435,16747.48693204664,27306.15259591351,,,,,,,0.004880902327111913,0.0,,0.5151146277135321,0.125,0.0759493670886076,0.0125,0.85,0.9875,1.0,0.975,1.0,,0.50625,0.9625,0.9916666666666667,0.9333333333333332,0.746875,0.5335416666666666,0.890625,0.7120833333333333,1.0,under-funded and under-serviced,"Proxy score from public NDIA service-area data. It combines benchmark gaps, utilisation friction, unspent committed funding and provider-activity indicators; it is a triage signal, not proof of unmet need.",supply_response_gap is participant growth minus provider growth; it is not a provider caseload measure.,2025,static 2025 ERP denominator from local processed file; quarterly interpolation unavailable without annual series,funded_plan_context_only
2024Q2,2024 Q2,2023-12-31,ndia_service_area,Yorke and Mid North,Yorke and Mid North,SA,Outer Regional Australia,79930.0,2149.0,2149.0,26.886025272113102,26.886025272113105,,,68000.0,30600.0,146132000.0,92776000.0,43171.7077710563,43171.7077710563,1160715.6261729011,0.6348780554567104,53356000.0,24828.292228943694,0.68,24.12050932082575,0.774810548394224,79559.82881407744,60116.50993792392,29.44748036263278,0.7485395550523876,79779.69432547608,58182.44347371007,-2.765515951287352,0.09481054839422401,11559.828814077438,16944.802166867616,2.56145509051968,0.06853955505238758,11779.694325476084,15010.735702653765,161.0,703.0,13.347826086956522,13.347826086956522,74.9185667752443,,,,,0.3651219445432896,0.2,0.569620253164557,0.0625,0.7125,0.91875,0.675,0.9375,0.9375,0.425,0.50625,0.875,0.85,0.8354166666666667,0.6166666666666666,0.4854166666666666,0.7673611111111112,0.6263888888888889,11.0,advocacy: funding or access gap,"Proxy score from public NDIA service-area data. It combines benchmark gaps, utilisation friction, unspent committed funding and provider-activity indicators; it is a triage signal, not proof of unmet need.",supply_response_gap is participant growth minus provider growth; it is not a provider caseload measure.,2025,static 2025 ERP denominator from local processed file; quarterly interpolation unavailable without annual series,derived_from_local_curated_source
2024Q3,2024 Q3,2024-03-31,ndia_service_area,Yorke and Mid North,Yorke and Mid North,SA,Outer Regional Australia,79930.0,2177.0,2177.0,27.236331790316527,27.236331790316527,0.013029315960912058,0.013029315960912058,70000.0,31200.0,152390000.0,97048000.0,44578.77813504823,44578.77813504823,1214162.3920930815,0.6368396876435461,55342000.0,25421.221864951767,0.69,24.68676284471637,0.7773084731227313,81027.36890354347,60498.99233345409,29.18486251877246,0.751550423518762,80452.36760997478,58049.56139405565,-2.5495689456001607,0.08730847312273127,11027.368903543465,15920.214198405854,1.948530728455932,0.06155042351876205,10452.367609974783,13470.783259007418,,,,,,,0.046046391308096846,0.02941176470588225,,0.36316031235645385,0.19230769230769232,0.5454545454545454,0.0641025641025641,0.7125,0.91875,0.6625,0.89375,0.9375,,0.50625,0.8875,0.8312499999999999,0.8395833333333332,0.7124999999999999,0.5041987179487178,0.7944444444444443,0.6493215811965811,11.0,under-funded and under-serviced,"Proxy score from public NDIA service-area data. It combines benchmark gaps, utilisation friction, unspent committed funding and provider-activity indicators; it is a triage signal, not proof of unmet need.",supply_response_gap is participant growth minus provider growth; it is not a provider caseload measure.,2025,static 2025 ERP denominator from local processed file; quarterly interpolation unavailable without annual series,derived_from_local_curated_source
2024Q4,2024 Q4,2024-06-30,ndia_service_area,Yorke and Mid North,Yorke and Mid North,SA,Outer Regional Australia,79930.0,2196.0,2196.0,27.474039784811712,27.474039784811712,0.008727606798346388,0.008727606798346388,71000.0,31600.0,155916000.0,99438000.0,45281.42076502733,45281.420765027324,1244063.5556111597,0.6377664896482721,56478000.0,25718.579234972676,0.71,25.27144981343164,0.7784608418203379,82439.3926044259,61164.480098449734,30.608345586211776,0.7572561652281135,82644.4615700781,59375.719276613236,-2.2025899713800747,0.06846084182033792,11439.392604425899,15883.059333422403,3.134305801400064,0.0472561652281135,11644.4615700781,14094.298511585905,,,,,,,0.0246269887066195,0.014285714285714235,,0.3622335103517279,0.2,0.5443037974683544,0.05,0.7,0.83125,0.7,0.925,0.9375,,0.50625,0.875,0.8541666666666666,0.8020833333333334,0.66875,0.4841666666666667,0.775,0.6295833333333334,14.0,advocacy: funding or access gap,"Proxy score from public NDIA service-area data. It combines benchmark gaps, utilisation friction, unspent committed funding and provider-activity indicators; it is a triage signal, not proof of unmet need.",supply_response_gap is participant growth minus provider growth; it is not a provider caseload measure.,2025,static 2025 ERP denominator from local processed file; quarterly interpolation unavailable without annual series,derived_from_local_curated_source
2025Q1,2025 Q1,2024-09-30,ndia_service_area,Yorke and Mid North,Yorke and Mid North,SA,Outer Regional Australia,79930.0,2266.0,2266.0,28.34980608032028,28.34980608032028,0.031876138433515555,0.031876138433515555,72000.0,31400.0,163152000.0,103715000.0,45770.07943512798,45770.07943512798,1297572.8762667333,0.6356955477101108,59437000.0,26229.92056487202,0.68,26.153554026565185,0.7601002932313932,82459.7494204458,60716.14056683959,31.532697494122548,0.7415501850207962,82697.75282019569,59065.36071574622,-2.196252053755096,0.08010029323139321,10459.749420445805,14946.061131711613,3.182891413802267,0.061550185020796136,10697.752820195688,13295.281280618241,,,,,,,0.043011725899555486,0.014084507042253502,,0.36430445228988917,0.2,0.5443037974683544,0.1,0.7125,0.90625,0.6875,0.89375,0.9125,,0.50625,0.85,0.8312499999999999,0.8229166666666666,0.70625,0.5083333333333334,0.7868055555555555,0.6475694444444444,11.0,under-funded and under-serviced,"Proxy score from public NDIA service-area data. It combines benchmark gaps, utilisation friction, unspent committed funding and provider-activity indicators; it is a triage signal, not proof of unmet need.",supply_response_gap is participant growth minus provider growth; it is not a provider caseload measure.,2025,static 2025 ERP denominator from local processed file; quarterly interpolation unavailable without annual series,derived_from_local_curated_source
2025Q2,2025 Q2,2024-12-31,ndia_service_area,Yorke and Mid North,Yorke and Mid North,SA,Outer Regional Australia,79930.0,2326.0,2326.0,29.10046290504191,29.10046290504191,0.026478375992939007,0.026478375992939007,72000.0,31100.0,167472000.0,104999000.0,45141.4445399828,45141.444539982804,1313636.9323157761,0.6269645074997612,62473000.0,26858.555460017196,0.64,26.957763247112997,0.7465297732931997,82492.94748629373,60067.7940397898,32.322438100030666,0.723891505303104,82921.77678310791,58404.145178554056,-2.1426996579289157,0.10652977329319968,10492.947486293735,14926.349499807002,3.221975194988758,0.08389150530310402,10921.77678310791,13262.70063857126,,,,,,,0.012380080026997087,0.0,,0.3730354925002388,0.2,0.5316455696202531,0.1,0.7,0.9625,0.675,0.8875,0.925,,0.50625,0.8625,0.8291666666666666,0.8416666666666668,0.734375,0.5152083333333334,0.8017361111111111,0.6584722222222222,8.0,under-funded and under-serviced,"Proxy score from public NDIA service-area data. It combines benchmark gaps, utilisation friction, unspent committed funding and provider-activity indicators; it is a triage signal, not proof of unmet need.",supply_response_gap is participant growth minus provider growth; it is not a provider caseload measure.,2025,static 2025 ERP denominator from local processed file; quarterly interpolation unavailable without annual series,derived_from_local_curated_source
2025Q3,2025 Q3,2025-03-31,ndia_service_area,Yorke and Mid North,Yorke and Mid North,SA,Outer Regional Australia,79930.0,,2365.0,,29.58838984111097,,0.016766981943250325,73000.0,,172645000.0,106127000.0,44873.99577167019,,1327749.280620543,0.6147122708447972,66518000.0,28126.00422832981,0.66,27.40732028960876,0.7506086859240299,84432.45028614352,60802.47507148593,32.730046154692914,0.7269261814617647,84888.12868756366,59134.059154767165,-2.1810695515022083,0.09060868592402985,11432.450286143518,15928.479299815743,3.141656313581944,0.06692618146176471,11888.128687563658,14260.063383096975,,,,,,,0.01074295945675674,0.01388888888888884,,0.3852877291552028,0.2,0.5316455696202531,0.0875,0.65,0.95,0.6875,0.925,0.9375,,0.50625,0.875,0.85,0.8250000000000001,0.7281249999999999,0.49812500000000004,0.8010416666666668,0.6495833333333334,9.0,under-funded and under-serviced,"Proxy score from public NDIA service-area data. It combines benchmark gaps, utilisation friction, unspent committed funding and provider-activity indicators; it is a triage signal, not proof of unmet need.",supply_response_gap is participant growth minus provider growth; it is not a provider caseload measure.,2025,static 2025 ERP denominator from local processed file; quarterly interpolation unavailable without annual series,funded_plan_context_only
2025Q4,2025 Q4,2025-06-30,ndia_service_area,Yorke and Mid North,Yorke and Mid North,SA,Outer Regional Australia,79930.0,,2390.0,,29.90116351807832,,0.010570824524312794,74000.0,,176860000.0,109356000.0,45755.648535564855,,1368147.1287376455,0.6183195748049305,67504000.0,28244.351464435145,0.67,27.77839830958376,0.7514285432706143,85151.38506175322,62192.49868267691,33.11060614399949,0.7308756031764125,85664.50093088642,60376.25859645123,-2.12276520849456,0.08142854327061429,11151.385061753215,16436.850147112054,3.2094426259211737,0.06087560317641248,11664.500930886425,14620.610060886378,,,,,,,0.0304258105854307,0.013698630136986356,,0.3816804251950695,0.2,0.5063291139240507,0.0875,0.725,0.9125,0.6875,0.925,0.925,,0.50625,0.875,0.8458333333333333,0.8375,0.709375,0.5118750000000001,0.7975694444444444,0.6547222222222222,9.0,under-funded and under-serviced,"Proxy score from public NDIA service-area data. It combines benchmark gaps, utilisation friction, unspent committed funding and provider-activity indicators; it is a triage signal, not proof of unmet need.",supply_response_gap is participant growth minus provider growth; it is not a provider caseload measure.,2025,static 2025 ERP denominator from local processed file; quarterly interpolation unavailable without annual series,funded_plan_context_only
2026Q1,2026 Q1,2025-09-30,ndia_service_area,Yorke and Mid North,Yorke and Mid North,SA,Outer Regional Australia,79930.0,,2438.0,,30.501688977855625,,0.020083682008368298,73000.0,,177974000.0,110272000.0,45230.516817063166,,1379607.156261729,0.6195961207816872,67702000.0,27769.483182936834,0.66,28.253214646769933,0.7386029448813405,85151.81887829916,62709.42778038322,33.634269269780866,0.7179683189796243,85747.48693204664,60763.24328367979,-2.248474331085692,0.07860294488134045,12151.818878299164,17478.910963320057,3.1325802919252403,0.057968318979624345,12747.486932046639,15532.726466616623,,,,,,,0.008376312227952765,-0.013513513513513487,,0.38040387921831276,0.2,0.5316455696202531,0.075,0.7375,0.90625,0.675,0.925,0.925,,0.50625,0.875,0.8416666666666668,0.8395833333333332,0.70625,0.5116666666666667,0.7958333333333334,0.65375,9.0,under-funded and under-serviced,"Proxy score from public NDIA service-area data. It combines benchmark gaps, utilisation friction, unspent committed funding and provider-activity indicators; it is a triage signal, not proof of unmet need.",supply_response_gap is participant growth minus provider growth; it is not a provider caseload measure.,2025,static 2025 ERP denominator from local processed file; quarterly interpolation unavailable without annual series,funded_plan_context_only
